k,original,galerkin,wavelet_db32,standard_p4,hybrid_N12_p4_int64
0.0,1.0489088737381692e-30,2.940132356821332e-30,0.000736087421649189,0.0011863727425025343,0.0006052293613268335
1.0,268105.204921576,268105.20492157614,268104.31785865495,279731.90993615,275781.573316594
2.0,855664.3061004014,855664.3061004016,855657.3062557743,892185.442111001,879817.1168202565
3.0,908794.6169313645,908794.6169313649,908792.473227817,947936.67911202,934661.0396064298
4.0,811217.8783921073,811217.8783921074,811212.9389893124,846474.3431486331,834593.5014048928
5.0,388193.55872713716,388193.5587271372,388197.34646592743,405011.9265442144,399325.65804730385
6.0,318896.8496250212,318896.84962502134,318892.74301864696,332808.5327011506,328129.18628811016
7.0,188860.67669170588,188860.67669170594,188866.29995744844,197144.93556409172,194347.79194786548
8.0,149511.57582400367,149511.5758240037,149513.43639598097,156038.1965669835,153843.6936680774
9.0,148076.71057404875,148076.71057404886,148076.33457290402,154569.09208308344,152382.5652351851
10.0,91467.4116536215,91467.41165362153,91467.35674145157,95456.95775526584,94116.84344313508
11.0,91021.9054252244,91021.90542522444,91024.37065953437,94983.06106566591,93651.45518590252
12.0,68962.12483214073,68962.12483214073,68962.62001764473,71952.65749439785,70957.68901642723
13.0,71899.75035810644,71899.75035810645,71899.52774688895,75036.43820510426,73985.70368372856
14.0,57031.73151608398,57031.731516084,57033.14512489024,59494.012500815734,58684.41264533921
15.0,46883.28978885763,46883.28978885763,46886.74352877127,48906.96133355599,48237.71322505239
16.0,50116.38798917754,50116.38798917756,50114.03501142468,52275.978379898545,51566.11215774056
17.0,43120.36573015639,43120.365730156394,43121.03751972498,44973.516465129964,44365.69035995492
18.0,36314.10090643696,36314.100906436965,36315.36729110578,37872.51479186885,37364.5878895983
19.0,33515.916610729924,33515.91661072993,33514.10015271788,34933.35530600757,34482.06094490588
20.0,28329.357361042254,28329.35736104226,28327.47181578822,29510.30044170008,29146.732367980443
21.0,31817.264659163015,31817.264659163022,31817.922315208125,33129.9092275922,32734.159034517907
22.0,27459.87624143899,27459.876241439004,27460.923012920008,28602.875227980494,28253.919660206142
23.0,25017.578362889308,25017.578362889322,25017.346553720363,26063.2575394262,25735.98645725402
24.0,22217.214056218712,22217.21405621872,22217.423223145357,23129.02958217419,22855.379023642025
25.0,23094.51628801047,23094.516288010473,23095.90329115443,24015.663922622804,23758.416008205517
26.0,20264.827325697464,20264.82732569747,20262.31400940366,21079.12538251604,20846.542313458478
27.0,18014.78847527382,18014.78847527383,18015.418892100093,18726.68309119877,18530.804844605656
28.0,18373.91629943597,18373.916299435972,18372.87915180247,19089.797876164954,18899.924576330563
29.0,15895.109792017742,15895.109792017744,15894.019157439123,16514.22372330208,16350.926546883762
30.0,16895.640196932854,16895.640196932854,16894.559384568725,17534.167268610763,17378.563320074147
31.0,14633.774456378429,14633.774456378429,14633.858979983743,15190.426505187126,15051.352823949459
32.0,13273.681950966959,13273.681950966962,13270.503936280065,13767.884484147813,13652.738203219289
33.0,13559.479079351493,13559.479079351495,13560.270552997163,14044.956081102076,13945.288848559747
34.0,13411.497557666202,13411.497557666204,13406.466262375747,13887.854683247378,13791.894130908877
35.0,12307.945166003474,12307.945166003476,12307.730814464385,12728.036507290395,12657.650029163118
36.0,11675.366300120852,11675.366300120857,11671.87128322534,12056.58718572852,12005.57689565645
37.0,10602.818233811902,10602.818233811904,10599.142453278879,10930.657206759919,10902.756250896233
38.0,11096.921592132252,11096.921592132256,11092.364583185785,11435.93329108868,11411.629446204392
39.0,9719.611646978286,9719.61164697829,9715.277903406635,10006.175232348014,9993.960299664403
40.0,10129.236799391425,10129.236799391429,10127.055717657757,10404.961408449917,10412.998710864882
41.0,8971.707775092635,8971.707775092635,8969.170156428947,9209.306894600684,9223.208765393998
42.0,8793.505636223192,8793.505636223195,8790.101248716845,9010.796834781044,9039.828136125105
43.0,8698.25528088825,8698.255280888254,8692.555389347548,8904.824709580782,8941.055852179421
44.0,7785.844202351146,7785.844202351149,7784.923695658571,7957.642200762103,8002.612730825191
45.0,7997.730508516584,7997.730508516584,7992.825774117909,8143.884906327455,8219.662256991687
46.0,7346.158394149151,7346.158394149152,7343.763878568277,7440.321277904844,7549.125341560513
47.0,7497.207284636188,7497.207284636189,7492.4807921969405,7627.788251633199,7703.268302119591
48.0,7143.674011910583,7143.674011910584,7139.095395424764,7237.154104708536,7340.351974548514
49.0,6966.203698709278,6966.20369870928,6964.055335093039,7027.126602016798,7157.853035102049
50.0,6585.968448440137,6585.968448440138,6581.207968335744,6645.552600291985,6766.773150428049
51.0,6342.919935855419,6342.91993585542,6337.80934617127,6374.7214645029535,6516.634444468102
52.0,6606.228473173159,6606.22847317316,6601.454251344028,6600.13882268174,6786.5874448058985
53.0,5710.401039938383,5710.401039938385,5710.070680537537,5702.499844624396,5865.721030645473
54.0,5794.128728226946,5794.128728226947,5789.880278961751,5769.686416670014,5951.181151012139
55.0,5718.851095624951,5718.851095624951,5715.221952813283,5674.529376671005,5873.87445507003
56.0,5310.922764103906,5310.922764103906,5305.991133323218,5240.787521802909,5453.703074297875
57.0,5561.761333385072,5561.761333385072,5557.288123151511,5481.605182874737,5710.896949718188
58.0,4749.369276460438,4749.369276460439,4745.524383239415,4665.307221110151,4876.880236231704
59.0,5301.571954461264,5301.571954461265,5295.834347634451,5157.133862547305,5441.689434983093
60.0,4907.668299102587,4907.668299102589,4899.638846467716,4758.964381860946,5037.619345403546
61.0,4522.193361510503,4522.1933615105045,4512.264137687226,4382.776222891864,4641.310665120365
62.0,4751.04143438002,4751.041434380021,4741.478085651673,4585.204423845574,4876.428435438112
63.0,4098.836028324665,4098.836028324665,4089.6046740073107,3941.8537755651355,4205.906545607999
64.0,4806.292874699327,4806.2928746993275,4793.617495931368,4565.461248639065,4931.4161258627455
65.0,4128.220982654663,4128.220982654663,4113.035237169159,3924.8041737143185,4234.336835391395
66.0,4189.063039051503,4189.063039051504,4173.016488947372,3962.0531457442103,4297.391478427112
67.0,4020.2077766288803,4020.207776628882,4005.3838660324814,3767.219409830004,4123.736301152963
68.0,3806.8777751615276,3806.877775161529,3791.5594740756187,3578.1544143892706,3904.05096276742
69.0,3980.051466702714,3980.051466702714,3962.6021896392917,3706.279681852314,4081.1651879591327
70.0,3698.843162787373,3698.8431627873733,3679.569159978745,3407.494133299751,3792.101404273478
71.0,3566.241342837959,3566.241342837959,3552.551968401671,3259.4193946349633,3656.004589945728
72.0,3760.256680392724,3760.256680392725,3740.5793708272577,3438.560922192648,3853.5032220719727
73.0,3444.867359124856,3444.867359124857,3425.8150134773114,3106.162351879046,3529.7509179454005
74.0,3475.833486266361,3475.8334862663614,3456.164630591905,3135.1369930804863,3560.7056624024704
75.0,3228.3752679725044,3228.3752679725067,3210.1207275990723,2883.8359129402797,3307.411792654234
76.0,3358.801734493599,3358.801734493599,3339.6539246096304,2976.54644831698,3440.9833499592783
77.0,3309.4209667344508,3309.4209667344508,3291.4222719366553,2914.2581731187856,3389.7019560055887
78.0,2996.5451845723996,2996.5451845724006,2981.466774040347,2624.1287818951914,3068.020781192263
79.0,3096.225924393095,3096.225924393095,3079.2049513676543,2697.762007089696,3169.4199788474693
80.0,2969.560643159032,2969.5606431590336,2948.634577208875,2570.7122668489365,3039.0535565918026
81.0,3135.795516946291,3135.795516946291,3117.9563994811942,2678.9776561100484,3209.529449717578
82.0,2876.1363453782496,2876.13634537825,2859.41745788457,2454.0446413055342,2942.0857919729756
83.0,2747.5453185998845,2747.5453185998845,2729.332466252188,2321.7065210842325,2809.8337130480854
84.0,2709.5290991632914,2709.5290991632924,2693.286161796483,2265.712652638859,2770.524940978343
85.0,2796.8403849637816,2796.8403849637816,2780.651586600602,2333.6856439399694,2858.882208714594
86.0,2671.8797042469955,2671.8797042469964,2655.954255410617,2217.667489944231,2731.0233909487265
87.0,2559.2906533585906,2559.290653358591,2542.1188993250016,2102.0709574148877,2614.559227707509
88.0,2478.2216574926842,2478.221657492685,2462.7338865880174,2023.500640944245,2532.1443943316463
89.0,2625.612779083061,2625.6127790830624,2611.1016186931074,2117.845912196586,2682.3498258199797
90.0,2411.190335538646,2411.1903355386476,2396.8169177738027,1942.2094180542688,2462.7236341106227
91.0,2454.538736437593,2454.5387364375933,2439.9016050291452,1970.8866787592283,2506.380551845448
92.0,2340.9920656389304,2340.9920656389318,2325.2876831979597,1847.6338100107344,2389.751101078937
93.0,2372.1315455214253,2372.1315455214253,2355.8079272687623,1860.4492934882003,2419.617299022778
94.0,2251.428256884588,2251.428256884589,2234.9453922956377,1773.6198452058554,2295.9744242785573
95.0,2244.218941041461,2244.218941041462,2228.9172101606523,1751.6344488543816,2288.9947057764225
96.0,2213.008942421954,2213.0089424219545,2197.3936135568943,1723.3253024200112,2256.2843435814298
97.0,2188.398466990101,2188.3984669901015,2173.0945111912597,1690.5116356109218,2231.315912740923
98.0,2328.568928424403,2328.5689284244054,2309.9025114468195,1785.327173615012,2372.4912100790184
99.0,1998.6490434305724,1998.6490434305729,1984.2135263575851,1522.53365769335,2035.7360505244628
100.0,2129.61479515172,2129.6147951517214,2112.478698450783,1610.7136023230248,2168.0190040370408
101.0,1907.9892831293746,1907.9892831293753,1893.694319226635,1430.666365741152,1942.26564832521
102.0,2091.0089853319655,2091.008985331966,2076.215472925559,1560.8516065684903,2128.306071060615
103.0,2059.738034994309,2059.738034994309,2042.5164445968921,1526.1264127111579,2095.2945925683143
104.0,1869.6316914590113,1869.6316914590116,1853.3202111749615,1377.1539589979986,1901.8772580767002
105.0,1937.7078409019814,1937.7078409019823,1918.550179237956,1420.570034846802,1970.5981943046363
106.0,1847.6351632517014,1847.6351632517021,1833.946464737177,1345.4127975143745,1877.9925003881979
107.0,1891.8548840863004,1891.8548840863007,1875.0606430895846,1372.2518071368295,1921.8199781004523
108.0,1885.2846758475685,1885.284675847569,1866.2569778029301,1349.5537732822743,1915.6025699718757
109.0,1800.5384101185762,1800.5384101185764,1784.6242754256375,1283.514865286849,1829.1791521087769
110.0,1847.8868839929182,1847.8868839929191,1829.4776337510293,1317.1041282682752,1875.5250070488237
111.0,1685.1222126824928,1685.122212682493,1667.433484286187,1191.7076561374456,1709.6164732782233
112.0,1723.2331167600207,1723.2331167600212,1704.662709738924,1212.3382990380226,1747.8394754615688
113.0,1698.1477743804294,1698.1477743804303,1679.592268502111,1185.9743911057076,1722.3457116671516
114.0,1690.6585891648283,1690.6585891648283,1672.1254389550252,1176.7125175222814,1713.0903010478871
115.0,1718.0681790292726,1718.0681790292726,1697.2500710001298,1193.0523986310382,1741.525456033303
116.0,1642.9213101865837,1642.9213101865844,1623.8758275890445,1127.3205880171852,1664.3672044490006
117.0,1585.6158107536548,1585.615810753655,1562.3451066910236,1084.1474112847882,1605.6831976781564
118.0,1566.8591584141766,1566.8591584141766,1541.3116956302897,1057.2296514675518,1585.190123117711
119.0,1536.938046201897,1536.9380462018974,1512.7332906721253,1028.5282499044254,1554.6065399064867
120.0,1592.741189564102,1592.7411895641021,1561.9399714548326,1056.4377185843912,1610.3429923176473
121.0,1541.8940971501258,1541.894097150126,1510.6622591461005,1018.1993217684626,1558.9381676881903
122.0,1496.546362305315,1496.5463623053156,1466.2574916278847,991.3819651499149,1512.6807462958805
123.0,1520.024888970198,1520.0248889701986,1484.7148165305096,994.3122494661677,1534.0310481288232
124.0,1423.213710759247,1423.213710759247,1388.3931979664872,924.7298489899877,1435.5486384109756
125.0,1436.3315153749854,1436.3315153749857,1398.0161877111348,932.5919047742499,1448.8520960909204
126.0,1411.057751051733,1411.0577510517332,1371.0474664191486,910.8851422768373,1422.7633484292958
127.0,1471.5060083483197,1471.5060083483204,1427.1167767077507,943.4894199912055,1482.5349205299221
128.0,1376.4354558774223,1376.4354558774226,1333.045393203757,877.2773532304993,1385.9752613619028
129.0,1380.8517400778642,1380.8517400778644,1333.7015150766902,871.3792999376591,1389.4828141003202
130.0,1333.9285897635493,1333.9285897635498,1284.1453183803224,836.6490952099049,1341.9536631144408
131.0,1332.1216153472126,1332.1216153472126,1277.631981091804,827.3387953021203,1339.6330405085218
132.0,1355.3453231181481,1355.3453231181481,1301.3828464968751,844.015442590339,1361.4095602729058
133.0,1313.1595309011245,1313.1595309011245,1252.9787143816934,802.892304593853,1317.9477566965766
134.0,1310.032929822615,1310.0329298226152,1251.9776799270999,805.558509846804,1314.6026762484687
135.0,1248.5737855154748,1248.573785515475,1191.9030861976396,761.2446433060825,1251.1231055487322
136.0,1298.1595273798841,1298.1595273798846,1233.165435640893,786.9982864782115,1302.0045302742758
137.0,1239.298888724298,1239.2988887242982,1176.0657301327537,745.0049527692496,1242.0368909551873
138.0,1217.4162770174496,1217.41627701745,1149.9528023628427,721.8788942109178,1218.4957751234695
139.0,1249.038629868254,1249.0386298682542,1183.1809152663145,739.8377924990476,1249.7992200116046
140.0,1235.2845637310268,1235.2845637310274,1165.1314162152253,732.4780020759534,1235.6373391932925
141.0,1201.3610346736816,1201.361034673682,1133.670450886403,702.0873340496407,1200.2705898411818
142.0,1161.603901212081,1161.603901212081,1091.4850293261538,673.462726961218,1159.1542532571898
143.0,1119.8324716928933,1119.8324716928935,1050.4011567859498,643.422549704955,1116.6785055286743
144.0,1194.9827783772791,1194.9827783772791,1123.4615154793782,682.5198761788619,1191.602481712784
145.0,1170.708408055921,1170.708408055921,1097.7750931935664,663.7948444989191,1164.9849267114787
146.0,1135.343719321783,1135.3437193217833,1064.4326097755486,636.2762290875766,1129.573461541524
147.0,1095.0257636548463,1095.0257636548463,1023.4188385155041,616.3599794746451,1088.6057579565825
148.0,1125.790350556025,1125.7903505560253,1052.6618564373898,627.6432405091304,1116.789992866991
149.0,1122.243396005965,1122.243396005965,1050.9385501021593,618.295113894501,1112.3669407768225
150.0,1046.5647488138877,1046.564748813888,976.3394313607978,573.2015257860227,1036.3349539148162
151.0,1096.7564315742195,1096.7564315742195,1024.6514240969273,598.0326946091931,1086.0028076701594
152.0,1021.1427805926902,1021.1427805926904,952.5146622616045,553.3751871927659,1009.655418667286
153.0,1084.6098565798825,1084.609856579883,1012.9350251928054,582.3544453842713,1070.4616371913696
154.0,1035.6586597859696,1035.6586597859696,967.5979900994619,548.6062298783697,1021.0975669013533
155.0,1006.2144308797522,1006.2144308797525,935.030125005722,528.0656233929283,990.3771006604762
156.0,1035.8606982243552,1035.8606982243555,967.5246490482932,542.9158872118766,1020.5849951332067
157.0,1041.0193837569561,1041.0193837569561,972.855093009881,537.772190416564,1023.7692555032985
158.0,1025.788215846188,1025.7882158461882,955.7656110159085,526.7966321337514,1007.4253691993514
159.0,966.9586133390862,966.9586133390865,902.6995721608275,497.7126094932472,948.1371350429446
160.0,961.0518968499514,961.0518968499517,894.4393893135364,487.9779518328162,940.6335316426614
161.0,1020.1357855270717,1020.135785527072,953.617630024068,514.3321704571347,997.7409368959611
162.0,957.2340837278124,957.2340837278124,894.0474548456378,479.4065360937634,935.0876813799982
163.0,978.0352376072433,978.0352376072435,912.5290400831608,487.75147143789144,953.0601088412791
164.0,928.4907023893435,928.4907023893436,866.0863731135371,455.9439089560639,904.9731459598847
165.0,950.8497884687099,950.8497884687099,885.035521772897,466.97913446895393,924.8094871381039
166.0,931.867813476592,931.8678134765921,867.9040202962768,454.09217726449407,904.2474531550592
167.0,886.9050935957271,886.9050935957272,826.3819367138912,423.83821607330765,860.6055956343835
168.0,917.9609077943754,917.9609077943758,855.2056945500555,436.96756914484786,889.0909966562266
169.0,915.056193199196,915.0561931991963,850.3309586634122,433.49582010594315,885.2980721608158
170.0,910.5328539535974,910.5328539535976,849.5950702096656,429.067342548072,880.4979476805185
171.0,892.5747270493627,892.574727049363,830.566604889933,416.90079535258053,860.4799902875975
172.0,831.5170346408366,831.5170346408368,773.906398589636,382.81650514834115,801.3458169354308
173.0,890.4724134017232,890.4724134017233,829.1119797333472,410.43783635380095,856.4634150462967
174.0,863.3903552663932,863.3903552663933,802.5945084421836,392.08913646983694,829.34922755691
175.0,847.7140443078664,847.7140443078665,786.4467136999268,383.3328004047154,812.5042497108218
176.0,850.4332595028602,850.4332595028603,789.5404645999771,381.893133633945,814.3701414506318
177.0,822.4931839932469,822.4931839932474,763.7371054929595,366.25545768275333,784.6346277365978
178.0,860.0610929270092,860.0610929270092,798.427879274165,377.95388668498936,820.2786638760407
179.0,824.0114438831708,824.0114438831712,765.2120706968309,359.0550061929316,784.0200362835129
180.0,836.8186167462111,836.8186167462112,776.6029186401212,363.37281209994,794.6507623916686
181.0,806.9227459470735,806.9227459470735,748.4401656106224,347.15321267882354,766.4893574008423
182.0,815.4813701248547,815.4813701248547,756.9726095684225,349.2758855843142,772.1469855214168
183.0,805.9067319648811,805.9067319648815,745.873447940552,339.64863959719514,760.9661218484571
184.0,783.9391718606375,783.9391718606378,726.7059519576353,330.80635945832756,740.4429185017523
185.0,771.9258762887549,771.9258762887553,713.5169963568001,323.94640136134143,727.6811795378239
186.0,787.5235496630767,787.523549663077,730.2313108904142,327.5350157331945,739.8646839691083
187.0,786.691108239898,786.6911082398982,729.3328409586222,324.3557540093848,737.1799478333047
188.0,770.5322706610822,770.5322706610822,714.5618496179217,316.2939673950134,720.9045483205862
189.0,760.4283238246855,760.4283238246857,703.3005966363821,308.5760830262048,709.2057543222196
190.0,737.1018801744519,737.1018801744523,680.7526128724924,299.89292388404124,688.0655274513106
191.0,772.6752710739462,772.6752710739465,715.2465279804238,308.7782263752434,716.9475893993476
192.0,735.4359522722675,735.4359522722676,678.1845860057533,292.65394753698564,680.2383400371251
193.0,747.3497497506135,747.3497497506138,689.6944954716055,292.95924118303884,689.6236006893158
194.0,734.1767769440189,734.176776944019,675.8358474592997,287.60155241870154,672.9143291662502
195.0,737.7894753643368,737.7894753643368,680.7768782502746,287.36804457710673,675.9410448034457
196.0,718.437920019513,718.4379200195131,662.959048787838,281.63938642646076,655.720141712787
197.0,724.3676796281884,724.3676796281885,665.23095266081,280.4975673649662,658.9912909521179
198.0,697.267008129577,697.267008129577,640.2161670396302,266.59725182689107,631.9490205286629
199.0,724.5060817072715,724.5060817072716,667.4171859638554,274.3863319080239,652.5384902074647
200.0,684.0419530219348,684.0419530219348,631.5303649879738,259.65129798683023,613.1877799674129
201.0,690.2364946385496,690.2364946385497,637.0067182281821,258.51881986574955,615.9178182731316
202.0,703.8552454929281,703.8552454929282,645.6002755036113,262.47795437379244,624.6287235395558
203.0,672.7627891337299,672.7627891337302,620.9273772533447,250.92869523897414,592.848816289351
204.0,699.4081056163419,699.4081056163419,639.7557076597811,256.3036620728986,612.1429684938128
205.0,654.9741447073902,654.9741447073906,601.6477167362099,240.3108265455053,569.7435236393637
206.0,673.2813725600198,673.2813725600199,617.3553795942237,244.678395115509,582.5899511978
207.0,659.0407215143725,659.0407215143728,605.7804004863435,238.70485447104835,566.3587497371117
208.0,672.3130198898833,672.3130198898833,618.9155139081706,240.75364966786765,574.7678929250187
209.0,672.0113809321318,672.011380932132,614.79380412198,238.19816960671113,565.7988897728115
210.0,630.1550772230547,630.1550772230547,578.8029681599537,222.94561107703404,529.5403003065546
211.0,646.274735847629,646.2747358476291,589.7162155836342,226.191649920278,538.386017760061
212.0,654.5371790430944,654.5371790430944,599.5834062432276,230.8454973269378,539.2709413697889
213.0,630.2197412193361,630.2197412193365,579.809452223726,218.95981393110492,514.4457759082131
214.0,647.638225127372,647.638225127372,589.330879666669,222.09868794472087,523.3798897788931
215.0,607.9814221705631,607.9814221705632,555.4816930151987,207.21195046244756,486.0587371603875
216.0,644.933156246751,644.9331562467511,587.3712355482265,220.50304781502646,511.6180783105822
217.0,621.2404645731763,621.2404645731765,568.0128542413696,213.09410188812817,486.80431512137
218.0,597.6350498676661,597.6350498676661,545.490224552773,201.39059362175908,462.65542378150406
219.0,642.7301327293694,642.7301327293695,584.8074184860466,215.80530773841474,491.54533696982764
220.0,602.0606870497934,602.0606870497934,550.8279671126743,200.79069842741717,454.85302260544233
221.0,622.3826911075076,622.3826911075078,563.2818464770494,205.83510934960862,463.66974038357336
222.0,598.6241379155434,598.6241379155435,544.9562749655512,197.07388419060334,438.91207851557147
223.0,587.6169853527603,587.6169853527604,531.6594266431542,193.70585127055082,425.9498072972277
224.0,580.6795208313154,580.6795208313154,524.1788403155964,191.8095168467136,415.72225333304067
225.0,599.1948716846439,599.194871684644,545.8136275903373,197.852721622929,423.197685152112
226.0,595.5924694123942,595.5924694123942,535.3769330726876,193.71107129251715,412.62051438504386
227.0,574.0399430199269,574.0399430199271,518.3242860853056,185.32810159823336,392.20504003653355
228.0,580.0528570358902,580.0528570358903,522.5506843095143,186.80589166479243,389.08379068072907
229.0,580.8088069912359,580.8088069912359,523.9066515705863,186.90061013583906,383.621984808794
230.0,570.1506364451354,570.1506364451354,513.7510728166943,182.83385763455044,370.02710784892804
231.0,571.4758737964573,571.4758737964573,510.4218688490341,180.93430656166203,364.1981620549097
232.0,564.2480250297299,564.2480250297299,504.9787173916648,177.06641681866685,352.2744723401306
233.0,568.1683931184997,568.1683931184999,506.74971102086465,178.8841148868978,348.0093054288453
234.0,554.7035761446327,554.7035761446327,494.5240783479515,173.7467532833254,333.74168384152375
235.0,546.3609199400214,546.3609199400215,484.6339038583413,169.47708760810036,321.9004227208295
236.0,547.7524865852105,547.7524865852106,485.11072135856193,169.71521305967963,316.7179705032307
237.0,549.9415730358667,549.9415730358669,487.4156068360229,167.91141414601978,309.61271710718177
238.0,551.3519997172707,551.3519997172707,485.7447627663263,169.84087739832833,307.08534776160354
239.0,541.7917108321762,541.7917108321764,476.402171735218,164.59388035800941,291.85535410842544
240.0,531.5852322084774,531.5852322084774,465.58940761853324,160.70375187978502,280.7385761888809
241.0,536.344846062256,536.3448460622561,468.34191661762486,162.77335021053312,278.20964419155143
242.0,526.0912876622617,526.091287662262,457.69141023199955,159.3008551623492,266.9687858664457
243.0,529.3326188537923,529.3326188537923,459.4752245242618,159.57198619839667,262.3367537556694
244.0,532.7184173534812,532.7184173534812,461.3686410024352,160.22575433089207,258.01245467561364
245.0,522.7539296057888,522.7539296057889,450.9081481125327,155.74235732060063,244.71726867067105
246.0,531.3291511874081,531.3291511874081,456.8129363711358,156.45619534721928,244.2764105729263
247.0,504.71699656857214,504.7169965685722,431.83288036427655,150.39376482582176,228.1670466621745
248.0,514.9175502988893,514.9175502988894,440.12612446514936,152.1380724162208,226.2568158315963
249.0,503.46515090835754,503.46515090835766,425.3795404370259,146.2217088623485,216.37758104683493
250.0,519.5120151475373,519.5120151475375,439.25565548350636,151.4781069795375,216.28103774286913
251.0,503.1504845576955,503.15048455769573,422.32682358518315,145.9762387823407,204.33495309021043
252.0,503.2860140515177,503.2860140515178,421.12733384989906,146.37892506899564,199.517813489447
253.0,493.23334552288543,493.2333455228856,412.347944690768,143.21782493646595,191.21606354155185
254.0,498.9453466406144,498.94534664061445,414.53497292208453,143.2778442603267,188.0387670779319
255.0,505.6926611429166,505.6926611429167,418.59750843590683,143.06951444774327,185.62289036228023
256.0,490.52928865123283,490.529288651233,404.6974793052852,140.01135963037453,175.63094105942076
257.0,492.8095319792862,492.8095319792864,403.02396396087454,139.92829530756805,171.4516959847189
258.0,481.73936638118715,481.73936638118715,389.71443168106305,136.40692347025856,164.6003660449243
259.0,482.3772350059733,482.3772350059735,389.9679504228002,136.01979357250306,160.58951616827252
260.0,488.3831890186809,488.383189018681,393.81755485591066,137.0574786725969,157.15683175447361
261.0,467.10490699057794,467.1049069905781,374.753001988736,129.54531073359107,146.40643246714097
262.0,487.13835383721903,487.1383538372191,388.11182592771166,135.67648862378314,150.17177265614336
263.0,474.3487677607126,474.34876776071263,375.427241557946,130.54794301209873,141.0549637825903
264.0,471.16038952698904,471.16038952698915,373.29298851577204,130.75640108351976,136.9940200875745
265.0,463.77305969776745,33.65963760547143,364.92965222828565,125.80983165788021,131.01455201822276
266.0,456.07607039542074,5.154795492517536e-28,354.42451788445857,123.77493088517882,124.64832606426062
267.0,478.93380294861146,6.596883977353766e-28,374.8985325618905,129.5820630366259,128.25036647065608
268.0,465.0318083019423,3.7744184982022468e-28,360.27234931036173,125.27091537866261,121.1906395696494
269.0,458.749294715565,3.5752513618207217e-28,354.0071283371198,124.66618745944648,117.47211930999397
270.0,455.46790916033075,2.987905253750038e-28,348.0757656667604,122.33363354394551,112.96060129383642
271.0,444.29047965431266,4.312320746453102e-28,338.95337715269955,119.45433873689898,106.98953345004774
272.0,458.0390935723909,2.7255823433617258e-28,348.76237544848476,121.12880797268086,107.56841752119227
273.0,441.46994134146036,2.961010595767889e-28,331.9699627893902,116.68283136617167,100.81680474985191
274.0,453.71827791264076,2.784390941326066e-28,340.7107415579387,118.55564059882562,100.69993701213998
275.0,445.01542897717707,2.518297332856518e-28,334.43632824299243,117.45634479444186,97.12187409908275
276.0,442.51457041551987,2.568786812600854e-28,329.8685756820158,115.15557149417613,93.99761387776049
277.0,447.59258354164126,2.4624385688391427e-28,333.41661865481285,116.94716253118959,92.93369358713817
278.0,432.95148249609474,3.0887142388535566e-28,317.1254824344714,111.83565166199038,86.83719389433571
279.0,431.4198650569248,2.809001935648831e-28,316.186785411089,110.61672073837455,85.269777226943
280.0,449.206042335796,2.067216281709797e-28,328.57551461840814,115.71377193993452,87.09560708646022
281.0,429.55437597665076,2.6137020984193956e-28,313.3097570305601,109.83959812755485,81.72213296862972
282.0,431.61956760663844,2.4876440937760105e-28,314.36362987978805,109.46807784733147,79.8221462694013
283.0,414.6461328658833,2.525974713379674e-28,300.5230623753905,105.06870304010894,75.57303555911396
284.0,432.9079049895203,2.2866186200633813e-28,312.14476181041715,109.51625528334907,77.64700881334882
285.0,422.89332478887474,3.212910522014525e-28,302.4220444190446,106.16825190388963,74.0419506183217
286.0,416.2626916341607,2.9890152556933855e-28,297.16257677465956,104.5678220672182,70.91704819887434
287.0,423.1174730291208,3.0844200429587046e-28,300.42746376543255,105.53022573932992,71.23611709157197
288.0,420.9355741450705,1.9132751657820593e-28,298.28481358353577,105.03277830675788,70.08326910009728
289.0,425.31953274431794,3.1182292251546327e-28,301.57016564166474,104.80064467329188,69.07217045011411
290.0,407.2239912402501,2.8716900032337123e-28,286.1110963067267,100.09780934747214,64.82534307269908
291.0,412.4670532687175,2.901991914860684e-28,291.0056392706941,101.70374806622569,64.64871234708833
292.0,412.81466258288003,2.1937952101360753e-28,288.2130134279677,101.00978064146656,63.72050357696396
293.0,413.069511747099,2.1894505092389957e-28,289.15610907944904,101.17677747906271,62.63428785673704
294.0,407.3639514120561,2.1184416806825285e-28,284.54232581264927,98.80473192234511,60.779949753139725
295.0,396.65815439917014,2.1632617269846564e-28,274.5563621971104,95.52291256012592,58.153230084213256
296.0,399.7935330663892,1.535523109137987e-28,277.2823545480555,96.03530987958956,57.496257077680454
297.0,401.65288461494526,2.0908772332247003e-28,277.01855684018227,96.85110126328273,57.43577934085697
298.0,403.63106531080854,1.863212138263824e-28,278.96186704517334,96.66813231939048,56.785366008071406
299.0,394.6706376969596,1.9592404385147897e-28,271.5817883658719,94.19374218364266,54.45799650468436
300.0,388.2819704598455,1.8255753663354462e-28,265.68534161806315,92.03900191343419,53.43294928429925
301.0,409.29665208317533,2.0929895167563804e-28,281.1979348205881,96.0903837536711,55.295985660952226
302.0,388.76502751957946,2.162863571852791e-28,264.4155934389315,91.16908712581855,52.05836786354187
303.0,395.83963590163586,2.294960407145833e-28,272.29899854071397,92.44401603282579,52.29259849804885
304.0,374.6543766472769,1.5326539307525986e-28,255.13079623278875,87.52149696322384,49.26143897856274
305.0,401.62409444432114,2.65533510344456e-28,272.6744068967805,93.00051346032262,51.928676547894504
306.0,387.4499142572858,2.414416452302116e-28,262.44668736418953,88.63018839472684,49.232754280017126
307.0,370.61024091429067,2.279951819046397e-28,250.50882492349476,85.11879238247994,46.851896223869126
308.0,385.3017092918958,1.9759521837703154e-28,263.31101122678393,88.48778806973066,48.34439343002039
309.0,381.76295840390395,2.0929487209125572e-28,256.80609144416104,87.34873862731907,47.28103531959463
310.0,383.08744547133,2.1896986398113348e-28,258.70340757365534,87.04122813713904,46.9364679647709
311.0,377.48314935134755,2.1484031316114846e-28,253.2855356604591,84.91496803911814,45.508429832216216
312.0,362.93715056485433,1.6972902052651863e-28,243.07750061550928,82.35592198764553,44.49303375685779
313.0,386.60866181181103,2.5449713617338865e-28,260.0545708009696,86.3158918360615,46.1020248483165
314.0,365.45069249659093,2.96412905116813e-28,244.7971836644064,82.00734198793816,43.33465313525301
315.0,373.17800347124773,3.3598418123452038e-28,251.34118368767443,83.26878777890359,43.864565772685566
316.0,365.07477588407545,3.539784034240073e-28,243.09404995021399,80.83052873013659,42.50369607684089
317.0,358.6133209688952,4.256625443540355e-28,239.18481350194577,79.38350400581083,41.98328283162878
318.0,383.49860934262114,6.236095686744662e-28,255.83959342598146,84.20778968424746,44.33374386413802
319.0,355.75579569452304,4.908100383129112e-28,236.8983351042496,78.0250677299474,40.80826465124774
320.0,369.5734892133237,2.1546923097853477e-28,247.68753340155365,80.50299173126872,41.502795621102706
321.0,356.5645914002717,4.85545411124298e-28,236.7669632011005,77.27875225524649,40.23723452652493
322.0,361.1490309936926,4.674802399732997e-28,239.45747510551485,77.92408204902611,40.459319551925006
323.0,357.94058801151624,3.720995864314783e-28,237.13378835669337,76.58543612336408,39.30535860783143
324.0,352.7672017516021,3.3852120310108634e-28,233.62439727805216,75.63435184812293,38.806761237203
325.0,358.42414115831025,3.11767296543005e-28,237.21284859421598,75.93058642383119,38.39119017939156
326.0,356.6749986881373,2.2835783162190754e-28,235.62987982681625,75.36783335884256,38.385437366655694
327.0,352.135781121588,2.302811634951377e-28,233.8213288608407,74.1149057008111,37.36166813033285
328.0,351.4323088056244,1.6546552769308903e-28,231.37248278392886,72.87594594991472,36.83294653273245
329.0,337.03394541354663,2.2694742691531964e-28,222.27205374225113,70.72545462438053,35.596540520740625
330.0,360.2328244087674,2.0882507427564132e-28,238.572344237721,74.51819051433309,36.94936641763854
331.0,345.77367143379,2.2546881912491313e-28,227.82136162635445,71.85945447459385,35.519395431102524
332.0,342.62536952570105,1.8705507258536995e-28,226.16698349457747,70.54039408233376,34.552743443033236
333.0,340.51367792929346,2.1832194261559386e-28,224.05114188167133,69.66966751306535,34.06245267807143
334.0,339.28151235154803,2.077768328961995e-28,224.0876397841022,68.80405004256774,33.64494049199917
335.0,351.99112882934287,2.303374976740704e-28,230.7870126627036,71.21468852949272,34.469562044878366
336.0,335.4189904334474,1.478808827465314e-28,220.2145271019108,67.32629552082149,32.97551540237887
337.0,340.2534457775699,2.2697890044548133e-28,224.42093585289473,68.11062460886404,33.07945581853085
338.0,340.14454753936474,2.1561301632765585e-28,222.787620122868,67.28731032218073,32.69841493234523
339.0,336.6842001951758,2.0056719485341888e-28,221.40555765305126,67.19260812708124,32.354408096053774
340.0,336.8411154059644,1.7045487341794876e-28,220.8696898318051,66.96057890079733,31.967427753565957
341.0,326.9798713544893,1.93742454793416e-28,214.5931232013497,64.85200990159667,31.180126410176705
342.0,339.66786845867506,1.8812884022727196e-28,222.37061459752823,66.44220331510208,31.973112969695375
343.0,329.2926515046812,1.967307585410772e-28,215.6109840944915,63.91778833999804,30.767419877508768
344.0,333.8092948673355,1.4430304308302617e-28,218.79289194488646,65.1570579012697,30.901364625498818
345.0,328.6399820594614,1.969278409989174e-28,214.6023078927622,63.45444365877811,30.307794145372732
346.0,319.81514796327787,1.8129275038657782e-28,209.77859612869827,61.82466025414214,29.39025077504822
347.0,328.5636043176113,2.012998609338316e-28,214.61410800579762,62.950212719322664,29.6407961333774
348.0,325.6986388274697,1.898382669735628e-28,212.39966035257115,62.396698910056536,29.288745119862227
349.0,331.4335257737283,2.2799704835560386e-28,215.65066993306414,62.96461090625976,29.69229984306236
350.0,321.3476433976026,2.627839082271252e-28,209.90833232031858,60.95152209574283,28.77950744997788
351.0,317.3528909478811,2.6382211538756934e-28,206.5874911700192,59.7750721819096,28.0427980067123
352.0,325.20000707724404,1.6575036219781188e-28,212.19276220948896,61.131101520791546,28.74980241238084
353.0,314.7799086600145,2.6916440780088855e-28,205.32072859192056,58.85459093985911,27.6805100095194
354.0,321.21307759562694,2.5037952471013887e-28,209.93435539379527,59.97227737269093,27.85154184172974
355.0,311.6728501514997,2.5221114382973817e-28,202.34568699586964,57.8614826161019,27.246234386934752
356.0,318.00724294968455,1.9703625816735613e-28,206.45621457846678,59.16106604694387,27.2775789615883
357.0,314.67487497948736,2.0125140127539427e-28,204.9392574200795,57.91717099413762,26.881167787352474
358.0,307.41109091340303,1.7819048050177404e-28,199.26402686931164,56.482223156252495,26.356448695370695
359.0,319.60955215365635,1.936534095762439e-28,206.30442854596942,58.080694940349595,26.90978249404022
360.0,308.8076117485599,1.3881192136561724e-28,199.85718998725085,56.28376656878113,26.08162298890361
361.0,314.98896041240596,2.1713322535353265e-28,203.25674959669794,57.019861232157744,26.43185350124479
362.0,306.42152616573725,1.9042723205199452e-28,198.40775711742987,55.555290813011354,25.812334659429748
363.0,306.4624288408341,1.8779484399777566e-28,197.51298444304942,55.24967050938401,25.561816863770435
364.0,304.2930424347734,1.6864751423030813e-28,195.918699571415,54.5651933341135,25.265008148408086
365.0,304.86373969297523,2.0134587616234939e-28,196.1656220250847,54.34251165287462,24.940616943688322
366.0,306.3411439166411,2.076186933805903e-28,197.88896052863367,54.61097084878752,25.07429383432524
367.0,305.08612006652436,2.2179594658717852e-28,196.5575521196784,53.78265943610933,24.729477762640116
368.0,300.5281902244587,1.5106725075614557e-28,192.86304297107665,52.637660099873955,24.308793562292735
369.0,304.3668521610349,2.2218104941930697e-28,196.12756323245202,53.44476261698421,24.661447812272183
370.0,294.97035485224166,2.203885932478874e-28,190.3066819982788,51.60179995186038,23.88089244131895
371.0,303.0054220415344,2.1471832600129403e-28,193.24046699624859,52.56771781959212,23.98017108127773
372.0,288.5855822359866,1.770967488351306e-28,186.0856083851948,50.20581992287734,23.013833330464937
373.0,306.3441700599535,2.40265368855874e-28,196.8941469061265,53.05441435038617,24.221168498733636
374.0,296.65039460944956,2.164671627069881e-28,189.93702962954347,51.11448534302742,23.32392672401426
375.0,294.15181258536353,2.3162124835829696e-28,188.68736894803507,50.580982341715824,23.19484957372923
376.0,293.37006971891947,1.8112377526225117e-28,188.0457977055043,50.441071946095455,22.973199179902238
377.0,292.9145176557846,2.4848242282853697e-28,187.81183525737387,49.666676528524206,22.67821707943153
378.0,292.8279919951022,3.1770483545488216e-28,186.7433273464808,50.088158262521205,22.478312539357727
379.0,290.12451449931683,3.3218426552778e-28,185.92112066518385,49.13982735421486,22.442387721141753
380.0,289.04119879333643,4.154946677540698e-28,185.04895405911705,48.9501786477577,22.224197953540703
381.0,292.6282826907216,5.658233567310466e-28,187.16098907727178,49.2424129078247,22.30519343827007
382.0,286.5525088732857,7.336305751164839e-28,183.5563075403022,48.071667679486154,22.04803005814128
383.0,287.99611765151775,7.677220132766448e-28,182.59870335956302,47.9882351033374,21.66279391486511
384.0,282.21062301583976,3.079769859101237e-28,180.11935975627526,46.60059448930925,21.09717204481699
385.0,283.97561265046704,8.210988902218808e-28,180.50154290525296,47.078801425178725,21.272857198686054
386.0,290.430796633481,7.177604050222186e-28,185.728188097772,47.85758676721805,21.62628641859034
387.0,284.46847259442785,5.531700785031948e-28,181.9728129786436,46.87929632785058,21.089772105551255
388.0,283.3774745280817,4.1621834746809e-28,179.3047984276916,46.573990154283756,20.994896655242343
389.0,274.9446602672038,3.419776179541179e-28,175.68339737432157,44.95486936247252,20.246582090796174
390.0,283.1043412397094,3.0511431739437976e-28,179.22293092395762,46.13160647341138,20.476829263068687
391.0,283.96638224738746,2.504929933321126e-28,181.27076125600607,45.55734772101479,20.489035645254095
392.0,278.7860441382428,1.9633399455569842e-28,176.59111865202362,44.716031397598435,20.112083964691216
393.0,275.98074617054476,2.3344971852740157e-28,174.59177287522454,43.85561040032716,19.75279825896812
394.0,277.7333578954409,2.1118836134244623e-28,177.47830346736765,44.07523142929183,19.716590847753398
395.0,278.7042511726195,2.159957750506079e-28,175.87574131355913,43.99949935667659,19.631498989211206
396.0,269.551332200324,1.8859292798167507e-28,171.7382908776143,42.578365711979714,19.11772461086791
397.0,273.98274702007006,2.158574716808613e-28,173.19812765156982,43.00886416537833,19.246087460901446
398.0,274.7162943878471,2.1066776662286305e-28,174.43440227506213,43.306509315638785,19.26321408449834
399.0,270.54735321475073,2.270912694672568e-28,172.6800680341557,42.61553358545323,19.012065911643003
400.0,280.3756314275343,1.5875013175360013e-28,175.850145448592,43.38076801432376,19.25928604754421
401.0,261.827530374633,2.2038099666632565e-28,166.116034726372,40.85181305202413,18.384128105524216
402.0,273.7547594648632,2.030137677340145e-28,172.71379333335412,42.37872490169901,18.91136658837775
403.0,269.4805804523787,2.067462871499786e-28,170.00080181565335,41.61538155220624,18.561725791037414
404.0,269.04629807035394,1.7594862022901868e-28,170.8559189130699,41.73409265967221,18.484288941027504
405.0,269.0300339754913,1.9651995389822067e-28,169.01497595500172,41.246713069339584,18.261650577663712
406.0,258.2916562660299,1.808001633914753e-28,164.23388183153355,39.72679263622187,17.88249294020383
407.0,277.0334527359401,1.9395926111611518e-28,173.19611087808312,42.159789868334826,18.541811396555076
408.0,257.0776908407968,1.448096694436574e-28,162.11602562931802,39.36149057445693,17.504997407094926
409.0,266.8730181034462,2.0155501077811024e-28,169.18875821856508,40.57230183654632,18.109591817363324
410.0,261.1807478217828,1.929129865569537e-28,165.0431666307439,39.507300428447216,17.492034470831527
411.0,259.40471702303336,2.0082831402688543e-28,163.62121265701714,39.245412328588635,17.342649965255593
412.0,269.4423023565211,1.9646727916963755e-28,168.73244736986567,40.17299777192629,17.733294736913212
413.0,255.26967195513902,2.379148563378186e-28,159.95798230874817,38.346552107686506,16.975819732187368
414.0,260.05587019818194,2.725855538856619e-28,162.51767082753508,38.563456407765244,17.098542971297277
415.0,260.2696432440164,2.81051012984165e-28,163.31742997249458,38.60483460553759,17.045817662154743
416.0,257.11031030454143,1.7138497679970267e-28,161.56127331453644,37.950091814427466,16.804705301474335
417.0,264.5304095138752,2.732922001579345e-28,164.37716297145883,38.83240817614414,16.998764116492563
418.0,249.51086775428132,2.6952563478957523e-28,157.39877943633317,36.81985529147576,16.383910069955604
419.0,259.6947026740289,2.39643344293758e-28,161.88909533272397,37.86393090051381,16.55004180140456
420.0,255.2165113996241,1.984658153612029e-28,160.65391091758246,37.394716059115154,16.54967555549327
421.0,250.28785677632106,1.9549395741053455e-28,156.74737936257284,36.230357406639115,16.02119970017127
422.0,257.3683225633354,1.8831242954566448e-28,160.42200406938252,36.8731689873799,16.238926175421007
423.0,249.79912441212605,2.0226026885882417e-28,156.48846192242254,35.98510837894024,15.985804545659294
424.0,261.1919511219771,1.4823755184774253e-28,161.63019135658743,37.54451954027423,16.36823201798352
425.0,248.33889004732137,1.8394404021547677e-28,155.6606949012017,35.745483869203056,15.719402374487537
426.0,248.34278078993094,1.8210842329549088e-28,153.7667170118142,35.47614136442848,15.49707306839577
427.0,251.0583582447793,1.930637568739301e-28,155.68951702543086,35.75033908504446,15.435834064499913
428.0,247.19828121717816,1.7214802746030605e-28,154.92135177212762,35.3206634359533,15.417354798920396
429.0,252.49444529294772,2.1571118925082818e-28,155.6311442788881,36.20613172714905,15.46622097527315
430.0,248.58253482976656,2.283567933572764e-28,155.27202063746844,35.1045951537898,15.298682297701678
431.0,246.55890547534952,2.338602402419367e-28,153.14361196881248,34.73059832371618,15.09298305542981
432.0,249.61130090473893,1.4922507141690363e-28,154.70746325225775,35.198935888254596,15.187612742154993
433.0,244.10177543582503,2.1719086560931485e-28,151.2495089583276,34.48102972886255,14.95729639932792
434.0,248.75920651494053,2.126900994789857e-28,153.82273693473354,34.88787605049324,14.941189745969757
435.0,241.9104351398798,2.0989071563636715e-28,149.7594471491394,33.79575743638148,14.659436810073696
436.0,245.67769741803232,1.7771588692130076e-28,151.7320362163114,34.1381521484908,14.650301403521519
437.0,239.40810424843178,1.973112384806839e-28,148.0992727028197,33.32552428792927,14.323496006103142
438.0,240.1656689931844,1.990523916251202e-28,147.44971460927871,33.31170307973854,14.2834318301641
439.0,240.53761552613767,2.163798209585697e-28,147.4680762076194,32.94310674646946,14.289092768699193
440.0,235.08293159778944,1.6742166979049956e-28,145.4675738945397,32.13352328140925,13.893592212142453
441.0,249.69584784270302,2.252397607755427e-28,153.1282705107539,34.04607262727923,14.677265541207555
442.0,237.559718595135,2.196624201904195e-28,146.71784076595446,32.38447074126382,13.904942133102233
443.0,239.99473127431818,2.9175833527892426e-28,147.31003383041252,32.873583028166365,13.96837268831267
444.0,233.27896482169533,3.014820642723747e-28,142.87990957109898,31.858323964374645,13.615100715687705
445.0,241.36034667980658,4.0350446874093952e-28,147.60788300223393,32.566595704515905,13.878254675728346
446.0,234.03708413055952,5.457681348560581e-28,142.0076882615823,31.826766430967037,13.45727656386226
447.0,237.05859513879182,4.640184136917425e-28,144.56985694439757,31.982637052115635,13.594662993309184
448.0,237.64423592328626,2.2621743619371897e-28,144.33377378633372,31.918126374069924,13.57208933048765
449.0,235.04193480755563,5.563174104400665e-28,143.5485460621729,31.49642032651842,13.43587842283879
450.0,234.62592279968078,5.355880282837536e-28,142.28797534683952,31.297111426412233,13.255310840800663
451.0,229.13239685260424,5.181123365574564e-28,139.495257484839,30.61350350244607,12.95309176553585
452.0,229.9129306798641,3.162194162204087e-28,139.62821888941392,30.611241393219412,12.92326407640487
453.0,237.30688578490157,2.797733770943106e-28,143.2440928452655,31.332238062516048,13.133635367955913
454.0,230.52341784631733,2.367523405027541e-28,139.24284221777734,30.589644728474195,12.750503482251924
455.0,229.6064191933019,2.461437329807106e-28,138.22320644237718,30.32914129030135,12.820000002805278
456.0,226.28922638048854,1.777259485413068e-28,136.35706271235406,29.82290885211067,12.522335742736821
457.0,228.48474870938998,2.215093660477132e-28,137.2362467745464,30.131638086849872,12.636977123938369
458.0,231.76841309467588,2.074656717702541e-28,138.40291212253894,30.349944461797236,12.60053322546252
459.0,227.64862009282723,2.1212778892905384e-28,136.97336144028318,29.768866155347418,12.505935012376582
460.0,231.05041477318733,1.8833351575094232e-28,137.41860136074558,30.140553784269077,12.533014227993142
461.0,220.0534438308165,2.199725574351584e-28,131.90900194636072,28.641549833945554,12.070585604237216
462.0,232.10417959166477,2.224331761153585e-28,137.9885310566621,29.997304941399612,12.403176018858591
463.0,226.81596285066888,2.2422173249858257e-28,135.0165821153956,29.53129770430978,12.292932645540883
464.0,218.97891049920278,1.5626967514812824e-28,130.8692971266959,28.59653765751094,11.874463819422308
465.0,226.04343741323012,2.2208804062230853e-28,133.2896549491881,29.224435931087243,12.02531644925705
466.0,221.36364704124017,2.1548964402117686e-28,131.52115089803786,28.62020562807639,11.922574100924837
467.0,227.3913983135202,2.1836211666063855e-28,133.28456598092964,29.076639807935234,11.964349473555894
468.0,218.06001801968418,1.8049723546825446e-28,128.21120102911053,27.985758451010426,11.60222499159853
469.0,216.2863065107774,1.959927678410835e-28,127.29479314714497,27.639301914284474,11.506283594318154
470.0,226.2202839669505,2.1894703731531845e-28,132.10613083439424,28.79893608312856,11.804963105246983
471.0,218.8200965885289,2.135775616673476e-28,128.034809958702,27.815275099004626,11.494895552285099
472.0,224.94091101834744,1.6117214767617302e-28,130.6028093858835,28.43851163551874,11.696209454795419
473.0,215.48279969014274,2.18523458610122e-28,125.21585027932971,27.22331140055267,11.28827090558814
474.0,217.85964875181787,2.054726814510122e-28,126.4805263055394,27.273612769763936,11.289144171786168
475.0,220.08986651798762,2.1889711212860592e-28,127.54379961527877,27.74062687908708,11.254467281351877
476.0,214.0009413568292,2.0299130530649903e-28,122.68074453548384,26.740391222340737,11.029088256437733
477.0,218.06358766738046,2.798177687647469e-28,124.57970227576712,27.383178214082378,11.121073747567486
478.0,214.2473151281855,3.074459686627406e-28,122.44275030598155,26.805075518113778,10.988081799687684
479.0,216.89531576022023,2.9746332715378945e-28,124.02995671602994,26.98672386594369,10.992935785440272
480.0,217.79370059806877,1.9928813724139725e-28,124.18751149556223,27.122683451932517,11.094428103960453
481.0,211.4054948138335,3.1065540087589584e-28,120.02865489447959,26.321155822429464,10.829361812527422
482.0,217.9388341839334,3.2545482582372107e-28,122.95281754120114,27.00463583273379,10.98858045746101
483.0,211.89157892468924,2.798652088861852e-28,119.28530478867087,26.06962665207738,10.716473242966867
484.0,216.08111040361885,2.195799106985923e-28,121.01686905594443,26.672322129036306,10.829949935261862
485.0,212.78577860214347,2.2824080728527882e-28,118.98798220894207,26.196116803502672,10.678095732075233
486.0,208.9484327938121,2.5314627767739722e-28,115.9054074921882,25.822944365896674,10.46130832159699
487.0,215.77656880197787,2.530637722659732e-28,119.41753421017502,26.212697077685835,10.607693982719818
488.0,209.61962415932325,1.9966171011021465e-28,116.85118784559592,25.595153019362886,10.42464737042472
489.0,208.91886183094564,2.9433127678950745e-28,114.77796185884513,25.34478906853642,10.31113490700909
490.0,210.22377313380886,2.87091531346059e-28,114.93721150511797,25.629804352027868,10.348575310279811
491.0,210.43255689376574,2.4910297310822896e-28,114.62453709165278,25.41897092576626,10.206808145716108
492.0,209.99980235454058,2.367294692028041e-28,114.08206258647277,25.24564887172684,10.16115271016782
493.0,204.0439769648388,2.8852009191065403e-28,111.3503939873138,24.759753268833936,9.943812367243176
494.0,207.12187935914443,2.689748319763146e-28,111.01678019186109,24.852787237827023,9.967064689461866
495.0,205.35853408456558,3.338654744413355e-28,110.38635792273986,24.562824000661777,9.945127636634988
496.0,210.39851485164255,2.176451426300662e-28,113.03735644112103,25.08256720232457,10.07778289179819
497.0,205.44243131607905,4.007465384058655e-28,109.03452641546535,24.535821649516286,9.918816301325847
498.0,202.01498167663175,3.034308533147606e-28,107.88187450479211,24.147625349029077,9.7060602332074
499.0,204.93947116303022,4.925849027368799e-28,108.46518244696279,24.391072101205147,9.75507492462665
500.0,206.1376236414642,3.1117294325852086e-28,108.85657991888556,24.33951592863067,9.729019741788044
501.0,205.04258306275824,5.65352352620697e-28,107.50807614213855,24.39086998082952,9.682846465824365
502.0,200.8820281941277,3.4677706782951003e-28,105.18867957767651,24.02199547592084,9.47483237650614
503.0,201.32053958827066,4.056492181328285e-28,104.08804504286225,23.730824582780148,9.444549619152953
504.0,204.1976732872675,3.682594305904901e-28,106.18215398432636,23.98194261142187,9.457539787886821
505.0,200.91079428525427,6.462194954573268e-28,103.6544798831193,23.6901338360084,9.454585605663702
506.0,203.01768710575885,6.64731570012016e-28,103.29187449694206,23.658694680413802,9.34369695112839
507.0,195.53162488226732,8.698885425171849e-28,99.11774643362779,22.79704508508158,9.09215030938847
508.0,205.03773332229878,1.0140222190783548e-27,103.69512680004813,23.852286805433383,9.44073081836441
509.0,199.50955161409337,1.8851599934868857e-27,101.1387997354689,23.188744168523204,9.266036800615659
510.0,197.12578998305491,2.30649986353764e-27,98.74029743384645,23.150205232590196,9.162496278616583
511.0,199.8583014430227,2.1739778307083166e-27,99.02615446016058,23.259123805082503,9.016300507569115
512.0,192.24147683155414,4.208470967061655e-28,95.37471097099402,22.415896160257308,8.876818006344125
513.0,203.88032071819404,2.573613417333149e-27,100.82973009793317,23.531144846043198,9.186470188436703
514.0,195.26791366662616,2.9119317887207804e-27,95.63634171361495,22.634649982083697,8.889860209955781
515.0,194.9226149647844,1.851002586296791e-27,95.02480389601216,22.616615747153123,8.80786534542484
516.0,196.52024413371728,1.0392435107346243e-27,95.24228990187676,22.717070472778186,8.80623703674302
517.0,195.86049253772796,8.102608028834125e-28,94.75770009879487,22.56791165166849,8.733495409589004
518.0,197.39056080908173,6.302038834368453e-28,93.84239899261382,22.545664661595858,8.660092075393088
519.0,190.91691940040968,4.968244065560325e-28,91.12620080486832,21.842861479276426,8.502367378991526
520.0,194.31416374642112,4.3965443838613635e-28,91.62056561074228,22.21775074017046,8.690531353229574
521.0,197.0763622550816,4.055115678730482e-28,93.132578284964,22.408464128042386,8.69584716935366
522.0,190.9391287332891,3.7795551964486376e-28,89.86751579743348,21.80307356112218,8.472275061422176
523.0,193.963383538958,5.743744646157492e-28,90.38259231955706,21.980076155936455,8.444475040383457
524.0,190.40137895093778,3.103135936486491e-28,88.18131443144387,21.326895014329303,8.353833801473304
525.0,191.2256705662911,4.867611371555341e-28,88.06417873819551,21.573521486272043,8.33371574492031
526.0,190.20363829462505,3.3942052997911378e-28,87.39296584009088,21.414304151701234,8.385787428315075
527.0,187.2860289325787,4.184562235574144e-28,85.7243614683124,21.06684594032663,8.25324153805046
528.0,193.0507943560221,2.4536623223667066e-28,86.97540777571285,21.55581942638251,8.32744638302041
529.0,187.6300407798309,3.249210025191373e-28,84.27042459266157,21.05430669989904,8.271578559762858
530.0,192.76064850680694,2.8801826966503094e-28,86.39998640119371,21.484000445502602,8.296611963673392
531.0,190.0582180108821,2.7547902623264596e-28,84.62092578208491,21.190931186253906,8.231135910716924
532.0,185.28508971237162,2.306565887176554e-28,82.02081336063429,20.659288763943465,8.046210512831916
533.0,188.39192499997955,2.595973450965167e-28,82.64829458208304,20.869454358659283,8.057922280841687
534.0,190.09569729383213,2.5260144092152e-28,83.11777725931974,21.01110379560091,8.101292361913234
535.0,188.49886628337606,3.1337442342274096e-28,81.53446480243323,20.86226917813773,8.002709153745029
536.0,185.8485913266976,2.2164097654010876e-28,80.13508378364003,20.487176777812092,7.954012379378275
537.0,182.9214491891817,2.8928031072397243e-28,78.22095445687957,20.132040814500428,7.860567916663
538.0,185.07035291571788,2.823600560059517e-28,79.18954676061666,20.362343796780586,7.810671954403872
539.0,184.56468002834342,2.5774129039391437e-28,77.89440753092542,20.24800456986909,7.770327524651584
540.0,185.05015953905638,2.3619631220408865e-28,77.64357178021665,20.413929840825222,7.836810468997676
541.0,182.73767812083136,2.7766508727356984e-28,76.00770533332314,19.968896528522766,7.811298747875885
542.0,184.22730951845887,3.1167394191113266e-28,76.50254563086169,20.261648435188505,7.834713059861901
543.0,183.11605365335683,3.082407058663606e-28,75.47101194751639,19.929141164419065,7.748945363875963
544.0,182.52654900499806,2.231695785988088e-28,74.18020680193331,19.967172130445,7.7771511827968025
545.0,181.65448577011165,3.0198892801163656e-28,73.21091577549299,19.701052367344612,7.705012013988038
546.0,182.7174808881398,3.0487053477905957e-28,72.93251292309722,19.8107188585291,7.621984738283549
547.0,184.48754028408766,2.9222969616846286e-28,73.58596678577345,19.865741595718536,7.647639648299305
548.0,179.9990096794478,2.252596337914786e-28,71.06391511579584,19.469937030813398,7.514002452215761
549.0,179.00446354268493,2.32705870315049e-28,70.72304894272585,19.391875000350318,7.447218343256682
550.0,176.7417769461711,2.2006932345673945e-28,69.61279969840416,19.14046422802815,7.389529142993596
551.0,180.5625600867341,2.4393459781720056e-28,70.53324883881193,19.421553422555018,7.435839352942207
552.0,183.25459120958752,1.792760640322549e-28,71.31258318025876,19.724062182646318,7.489580093963014
553.0,176.6764975685859,2.1622421445638363e-28,67.65653270995458,18.916022687951223,7.262564581188118
554.0,178.91323636320328,2.3240358922192705e-28,68.32310027533522,19.13646074155007,7.257529181396695
555.0,177.40333867275993,2.179580196903108e-28,67.09561720006245,19.01358222032633,7.152562997800598
556.0,177.30928687642574,1.9648309659854702e-28,66.17341729311863,18.72618526658533,7.138448573832531
557.0,177.88241046291193,2.3779928971388587e-28,66.67257615905602,18.828051561321548,7.065266707679423
558.0,173.82492065667742,2.341553595633556e-28,64.20882916038461,18.464332346113984,7.09194011935555
559.0,180.8444408552754,2.518506582482685e-28,66.72427151855325,19.053902883631306,7.14229289305069
560.0,173.73164352844523,1.7857057770153833e-28,63.87958034144916,18.461625997601498,6.947070276480844
561.0,178.97645728981198,2.4753124791828273e-28,64.70530211982923,18.78019271554315,7.094033249308356
562.0,173.5797866750405,2.442027040517274e-28,62.35624312373811,18.320515197763598,6.893434597032092
563.0,174.53924569991125,2.373867656112833e-28,62.25230012547103,18.374891548115748,6.947476649352829
564.0,177.1399246342032,2.047693206975604e-28,63.18826681866822,18.544550082848723,6.944686202520846
565.0,171.31241995481295,2.2522296959355463e-28,60.32915304095131,17.992489006188702,6.739715423204363
566.0,175.65612624035512,2.285392441554382e-28,62.046621622181995,18.459542633048823,6.833126164560264
567.0,167.75072679938685,2.4302240756064625e-28,58.63129533995153,17.668991656319225,6.664548820297337
568.0,172.90346530732586,1.9421310218855943e-28,59.5671060747234,18.03051426084914,6.751212811676858
569.0,173.3618558066433,2.4670632072496862e-28,59.81211387522519,18.053107362848706,6.780932840658753
570.0,171.36927514260907,2.4706828043350123e-28,58.371880399362254,17.831623706620686,6.722767758498655
571.0,172.56250258418225,2.9185141300152116e-28,58.812449630923474,17.861299541307673,6.688701933032133
572.0,170.45664158495333,3.269008829225233e-28,57.412882900001776,17.584760447549968,6.647447976815445
573.0,169.97079498681532,3.898588063216983e-28,57.24010937773655,17.54868579187402,6.579327496199039
574.0,168.60521739072638,4.967246426949627e-28,56.3511630357983,17.428122312229444,6.529396024002607
575.0,165.11232380270096,4.5938719891189775e-28,54.600627796817314,16.968360538377357,6.375697795525915
576.0,175.18112473085296,2.3728588283593e-28,57.92543005622055,17.815519676251583,6.5602183828872205
577.0,169.59986752986453,4.843430845855188e-28,55.36483832664272,17.26214272579678,6.450306803627292
578.0,168.17894229046956,5.5780513476057275e-28,54.6406787751911,17.105879141333347,6.377062349924635
579.0,167.54848734805364,4.4024227197564545e-28,54.07348339867392,17.03343372531091,6.3094217036307825
580.0,164.1867589611423,3.659085590582448e-28,52.5565776572406,16.740313625387834,6.232254561475049
581.0,172.33141745001458,3.179950096200813e-28,55.71585855507303,17.488311049410825,6.432610188021435
582.0,164.372277758628,2.5130946056475365e-28,52.099685036150795,16.660584734859913,6.155669404804659
583.0,166.70660625540725,2.452379304993979e-28,52.87257177457955,16.824284639486667,6.246492978253001
584.0,164.62447226785852,1.8818061358618983e-28,51.541892574972366,16.62618387930454,6.203366605936532
585.0,168.39746763210871,2.34440053548806e-28,52.35845083072903,16.942787980581706,6.294390410067215
586.0,164.8731196712998,2.224096243414831e-28,51.48440784784235,16.513257363435585,6.131378103485324
587.0,162.94743926159128,2.2544219489579826e-28,50.31199351975424,16.368376667815422,6.154610748160727
588.0,162.9944084889209,1.9633021794344837e-28,50.279624076636594,16.310757757539655,6.0823219943891615
589.0,167.172968635343,2.451574047273052e-28,50.90439832311203,16.736532996247806,6.144710016459961
590.0,163.03860874280153,2.376663388658495e-28,49.132619986564286,16.288238787668845,6.07421656536638
591.0,164.16797541080345,2.2987311872324936e-28,49.39312874836853,16.219941810885793,6.087567243036167
592.0,161.29114464432777,1.6735650447690704e-28,48.04622780430529,16.03872044028696,6.029345194572265
593.0,164.08898657945454,2.4377610583563445e-28,49.117888895964036,16.26091880833628,6.090365103550393
594.0,163.02248826155338,2.3835580668909622e-28,47.97790023918053,16.116417110526232,6.067887145531659
595.0,161.54504073369262,2.177751616109719e-28,47.984651233683834,16.029461664102097,5.971606781241624
596.0,162.2618522178856,1.8922409509007533e-28,47.5572088288869,16.020026866266047,5.963341809999866
597.0,157.79214850545367,2.152811270741314e-28,45.94169412654794,15.464044192013816,5.830493808190244
598.0,162.2251985928268,2.109505721542314e-28,47.726660835933096,15.822250060378385,5.9067561710131224
599.0,160.29597983875917,2.11257298743287e-28,46.37476294212147,15.567829757252047,5.910457477939247
600.0,159.28373488710588,1.6682885837235708e-28,46.170545815218674,15.463530206357566,5.829281353299876
601.0,158.4537670207587,2.18208136497507e-28,45.23319776841865,15.338592367124384,5.825851302992773
602.0,162.69877015989118,2.171627235130766e-28,46.190346187486284,15.705345263908328,5.901861168221868
603.0,157.0252670056577,2.2544392628949135e-28,44.82784550027784,15.265564922028206,5.7665462663152365
604.0,158.07098557995397,2.273470041455325e-28,44.43335014305138,15.345131517322733,5.813630238639423
605.0,159.07043432816485,2.5821295177904065e-28,45.00262505261902,15.292877267861332,5.793383472580573
606.0,157.68015353738775,2.862541503333455e-28,44.03166517276552,15.127878151730727,5.758056016434137
607.0,158.41223608023532,2.7171164785144018e-28,44.3538821888752,15.205174186595489,5.772934505887574
608.0,155.12489518585502,1.858939769278925e-28,43.1047583644097,14.832622020149028,5.675090491431455
609.0,155.25825691538068,2.888555426037511e-28,42.64120653183552,14.77982936786251,5.686021205538626
610.0,158.225814601716,2.970197215212301e-28,44.002797515238655,14.986761204048271,5.6727861887628865
611.0,155.93933313772416,2.5165760679804628e-28,42.31778511497607,14.755779883476498,5.679974787951345
612.0,156.05384803105233,2.173728356081028e-28,42.804355999807846,14.762067312148563,5.568424384089899
613.0,154.15735946274384,2.2025032539585402e-28,41.90327486666862,14.634236126491325,5.597051056895041
614.0,156.02589670929802,2.1702495930212374e-28,42.302936660791836,14.732248116297889,5.582525384198989
615.0,153.89088025837174,2.170530235932338e-28,41.672081501587954,14.54312603209248,5.507377889590577
616.0,152.39968420680782,1.6105552017092201e-28,40.766703077240436,14.38101495574483,5.458803041612919
617.0,154.84080115692856,2.099873592902002e-28,41.866568958916126,14.526988984587792,5.495125730483357
618.0,152.2634704222718,1.9951363383726122e-28,40.69289093262458,14.301993113067747,5.399377388504787
619.0,155.68377837447406,2.1817857250898887e-28,41.68747640339828,14.508213004967477,5.4521593924103
620.0,152.7321541413281,1.9604577762734286e-28,40.52938207845209,14.28025157311477,5.356070066466329
621.0,150.506798562724,2.1680116859030314e-28,39.68233554875116,14.05727733309951,5.309330179355752
622.0,152.0608768726043,2.2623723169809795e-28,40.321840900197614,14.115963051917333,5.327108548554554
623.0,151.75623862207564,2.333567713435342e-28,39.83293482486615,14.15080400470938,5.322775821411897
624.0,151.92541875517358,1.7412945871366188e-28,40.05057531921781,14.108371261877785,5.318596841698824
625.0,150.90311055545527,2.493120360237299e-28,39.39003208270313,13.984487005165679,5.272466195480317
626.0,148.8911621119958,2.3408230610591767e-28,38.516789368558754,13.809423286021334,5.249021222460636
627.0,153.66470912973287,2.376678185504453e-28,40.1992047574012,14.140710870886485,5.278429944551001
628.0,150.00673677645943,2.060363670771044e-28,38.59564908038559,13.822507207723538,5.21900841813556
629.0,149.80593053039306,2.2721108733968696e-28,38.71085975847347,13.767894767266974,5.15173977625771
630.0,147.82679390611816,2.263177558247347e-28,37.78711515228745,13.644412451485385,5.123506372318579
631.0,149.54438519619438,2.3997267921088504e-28,38.11046549550757,13.714779359694138,5.179846665906182
632.0,149.1556633157019,2.1649467087037918e-28,38.00789513618628,13.614555563315923,5.128829992392401
633.0,147.10141547999862,2.9190209130081313e-28,37.32254946521156,13.484299523913682,5.083112178688988
634.0,148.34595435750515,3.2626153133873043e-28,37.90390731872728,13.546991715710021,5.0922290879941015
635.0,147.2147145939321,3.525466493156873e-28,37.01992885140223,13.390418647412362,5.057299553389437
636.0,148.47963790442154,5.0774631809884625e-28,37.62165046214843,13.424675841718976,5.061016083384205
637.0,145.1928166147975,5.610813093707984e-28,36.51012777316656,13.199557439069467,5.022852028295267
638.0,145.23775257594517,8.69737594088079e-28,36.252997155112595,13.14056439094565,5.013230045245205
639.0,144.97832762838286,8.700219989218939e-28,36.834718669143605,13.096791034887886,4.930061840783918
640.0,147.46123478703734,3.2985329566768867e-28,36.8443990398783,13.298162028275135,5.0014074601813086
641.0,145.79297315448963,6.580734430383494e-28,36.59451484481829,13.036946115862213,4.904273093857907
642.0,144.47300383123303,7.46132984598366e-28,35.96302539340465,12.93139484033025,4.90940973319762
643.0,144.17873837309068,5.859293188199326e-28,35.74304246666892,12.881363727669445,4.8657348464763
644.0,146.69104434815327,4.202505847184165e-28,36.38684844002601,13.108142466232055,4.925246920297637
645.0,144.05445372948478,3.4182151261088785e-28,35.320586290366634,12.843894724830964,4.800031165549185
646.0,145.72036883041193,2.95935760636324e-28,36.08581966105212,12.819826225555355,4.79135136689632
647.0,141.58762874832428,2.762365032321799e-28,34.797494869934425,12.539964378743012,4.722092640995871
648.0,143.93394382305644,2.153685303207443e-28,35.59090939324886,12.729273224158781,4.769634355506659
649.0,142.9633415962189,2.5746599811512503e-28,35.225409702643354,12.563009943053615,4.742609798650644
650.0,141.01866062146965,2.383296531701838e-28,34.46684027115621,12.504539350874843,4.729947456458904
651.0,144.10074321635736,2.641668312642464e-28,35.49116293543291,12.693116768358328,4.771492139807723
652.0,140.1999382428145,2.2485211338114874e-28,34.12267773833809,12.365065962567888,4.712807989097204
653.0,144.39315013323463,2.445585980857753e-28,35.26608343262768,12.661865630922462,4.747307992033327
654.0,140.70127986629785,2.355518083710264e-28,34.25056946728768,12.34556899538665,4.693668738526441
655.0,138.27668907782223,2.4736552198699715e-28,33.798763195758085,12.175353249036268,4.634502636607183
656.0,140.76023655656113,1.8105186767580704e-28,34.49538976815457,12.287670339501233,4.648044517801141
657.0,141.2893715354721,2.4204902784633485e-28,33.89204227583191,12.277911634456,4.6591737091429595
658.0,141.30427370199044,2.420081290472893e-28,34.31619226728699,12.236444798909256,4.67288612561061
659.0,138.22142493057865,2.334412664424357e-28,33.35885225782279,11.99349623633487,4.587438388009404
660.0,139.15384802441113,2.0445497741945912e-28,33.58424859046941,12.072285225019037,4.574426406105097
661.0,140.11476730863708,2.1949909061928607e-28,33.57676634138547,12.060357348397686,4.566899853077111
662.0,137.70154952023623,2.0893170933943263e-28,32.90501419324642,11.88862620778769,4.558078408643683
663.0,141.01971279639423,2.175260035244292e-28,34.06521489421819,12.092202826358992,4.577488329956783
664.0,136.39569664047144,1.6933483389863856e-28,32.44460534864461,11.741437252255771,4.493933828114309
665.0,139.58348420328764,2.287296985476313e-28,33.56606621345429,11.946969191202209,4.546070776705738
666.0,138.13662503982727,2.2258572138828456e-28,32.85066669512166,11.754011120841465,4.514838780477096
667.0,134.89977904263836,2.231907582389479e-28,32.04239238653381,11.559017933958794,4.444097454277451
668.0,137.12685616197638,2.167021335501103e-28,32.8849192774307,11.67569847656233,4.44990951786429
669.0,136.79675088656344,2.4752291191351993e-28,32.20392382971015,11.628582309300336,4.497540117186731
670.0,138.19247236528648,2.753859743947339e-28,33.02418598344002,11.70745755391547,4.495636123356175
671.0,134.37368531284028,2.842347536969633e-28,31.79705453462848,11.354582879471193,4.436640301794244
672.0,134.60055590547236,1.9315444966960896e-28,31.87052062610045,11.314537449970054,4.410801038903394
673.0,135.35030750003668,2.843227017797951e-28,32.175203904954834,11.338444886535868,4.414178123725511
674.0,134.71616790717965,2.742659533053395e-28,31.56733309510963,11.219987612097468,4.385036714233193
675.0,137.82652519798347,2.5527960718446198e-28,32.535355997710184,11.484516620297356,4.448879816813406
676.0,134.09496492732342,2.1907298290019455e-28,31.546783804132374,11.282908159636813,4.382437913980576
677.0,133.290110505428,2.2209074784989207e-28,31.23443292645154,11.029559145784471,4.33037505451429
678.0,135.73883657412657,2.094257949416753e-28,31.846682253218788,11.25789400186889,4.3617055587632425
679.0,130.41529923139518,2.2861448886446493e-28,30.348607630099494,10.772368412504807,4.244630866297185
680.0,133.24340963166466,1.6574148388129842e-28,31.28686612952977,11.078836101503043,4.2659050874492666
681.0,131.1721567980802,2.0777149893302263e-28,30.551914655956274,10.935298405825858,4.234763727074152
682.0,135.4616812143267,2.0222991042683183e-28,31.43718929241524,11.124756893204056,4.299372132519719
683.0,132.47837920076242,2.1407101431745895e-28,30.624411314329194,10.950626856535784,4.229116022189823
684.0,130.67456837024847,1.9882279470371224e-28,30.16969478037371,10.718754040022382,4.170417669566244
685.0,131.16595810385854,2.263891510091335e-28,30.547532920052518,10.716008470122496,4.176031993421896
686.0,131.12108898247976,2.3166875894259927e-28,30.071453485050693,10.66991475936247,4.185242130699915
687.0,132.2538562285254,2.4546045588699444e-28,30.559122194393094,10.754690948393069,4.186228060551169
688.0,130.632878680185,1.7179685814498895e-28,29.968916828066554,10.69956512996364,4.152594867095034
689.0,129.91067434880395,2.376918395947016e-28,29.82538020544462,10.554926917280598,4.129480328987562
690.0,129.34637437179043,2.3166755700735754e-28,29.77618849500371,10.529013174293492,4.103973658678357
691.0,131.2447326046654,2.3446270926820388e-28,29.875551367235843,10.577233698607953,4.13671427816189
692.0,129.37415792474258,2.0134170532346607e-28,29.794122109458787,10.443153435332249,4.088804318008162
693.0,130.14711839496277,2.29696280131336e-28,29.816182836571485,10.474831690636934,4.080736323076492
694.0,128.0819931789241,2.1482789067912112e-28,29.38603709039944,10.25141882040286,4.009158198361294
695.0,130.22628894565392,2.2747635929188216e-28,29.73740461285117,10.311613984273361,4.044190863955766
696.0,127.39210640273451,2.0138025116409955e-28,29.092360527109545,10.130321265031226,3.9865056588464354
697.0,129.07923370520416,2.5599011001462247e-28,29.592327085155624,10.197705786074893,4.030853313941186
698.0,126.33407033412713,2.706040864270099e-28,28.65745381924291,9.91475140362237,3.919003816727236
699.0,129.73255846830182,3.376708812437024e-28,29.594840895576773,10.205643195234567,3.9876802906960482
700.0,128.54808647601988,3.5120520535828524e-28,29.07395957195458,10.015300288106149,3.933703942052475
701.0,126.03741817892883,5.873184388652625e-28,28.605744150409908,9.899802846374818,3.9000623052752674
702.0,127.60901127091482,6.564785329696069e-28,28.945929561072607,9.975366619897887,3.940138712690623
703.0,125.83610095923328,6.965296778474116e-28,28.4402928818063,9.807443642848932,3.8769711459934997
704.0,126.64750294600772,2.4839437950913618e-28,28.66067252015141,9.87698937374696,3.843731035420056
705.0,124.31917026440449,5.110866655831539e-28,28.000015584074337,9.687686427349464,3.8076449666572616
706.0,126.35636526972203,4.881783244642974e-28,28.557149916072234,9.795248860449648,3.840695824225404
707.0,124.67922173157918,4.646401504950533e-28,28.06478704977116,9.621467257075391,3.8343929842374784
708.0,125.7433711980076,3.0798019813510895e-28,28.291902454632076,9.707817983303393,3.822016261635239
709.0,125.25150636526303,3.0159929068904437e-28,28.27158795528619,9.68059118582692,3.8039225892905284
710.0,122.24134204718517,2.47520454102918e-28,27.413564654930806,9.445116895168097,3.7322516933183465
711.0,123.45794826927235,2.5557705105122406e-28,27.68554801440088,9.486062165077902,3.782978081467489
712.0,124.89245561117073,1.9669473919784226e-28,28.001023736165074,9.581015942154496,3.8221423956619542
713.0,124.25356484033608,2.362120067249576e-28,27.935509539736817,9.532691346163302,3.806357130638675
714.0,124.22397239456517,2.240825193160644e-28,27.722526418057907,9.386294327946873,3.789937601996436
715.0,119.70716111826492,2.1951657547227877e-28,26.70668889616326,9.1300747091301,3.7057523777084906
716.0,124.86193110752285,2.1008842695233597e-28,27.787154079819267,9.442460853388775,3.7754789500260375
717.0,120.77999868057084,2.2293409449437296e-28,26.804270115011334,9.144866727762713,3.694764498319189
718.0,123.46824418785167,2.3805595104981366e-28,27.48968445375872,9.337107465946007,3.769276718011413
719.0,121.25272848438713,2.5104255171893924e-28,26.957577729609774,9.133808637262511,3.698747818210708
720.0,119.25497549617207,1.793820252200738e-28,26.56685304833071,8.995166769491092,3.6741306770376565
721.0,123.99165320428939,2.4707797450845282e-28,27.50070989245119,9.32012834044107,3.7860019308691086
722.0,119.919522140854,2.4580682588615643e-28,26.57421266858648,9.006439864697082,3.7174011104132796
723.0,121.54366525154015,2.418489614406228e-28,26.896104995775588,9.073944092411246,3.720766971901594
724.0,121.58974775659668,2.0631959097951145e-28,26.935846288901374,9.031221987866406,3.704377844302185
725.0,118.92960905946373,2.2026946827991277e-28,26.350148553795712,8.868378159976785,3.6744498568646105
726.0,120.8774506713,2.117304954036945e-28,26.57174370361646,8.915202734417564,3.681657462884035
727.0,118.75473565097776,2.156736270559464e-28,26.195041143807185,8.817391067597155,3.6648934821440378
728.0,118.45734846093781,1.8116482750777666e-28,26.10778320697767,8.78936836231216,3.6498971407465945
729.0,120.5006059328438,2.240698846048093e-28,26.403319876421847,8.823835121880002,3.6922621147370704
730.0,117.32076310677652,2.2267221782271888e-28,25.81832186138982,8.634671087259346,3.6072444702481516
731.0,119.4568625580151,2.362652830998696e-28,26.17087636199306,8.777591425919155,3.647920994628635
732.0,117.0584557367244,2.259673717975327e-28,25.600505309398137,8.537350749168553,3.61119710769124
733.0,119.04732656000544,2.937388374555882e-28,26.061736073267333,8.67331137279848,3.6250271410807238
734.0,117.76191635491692,2.767947814761878e-28,25.800596232689774,8.588864477460808,3.6082274696351635
735.0,115.67573369878582,2.968644719081077e-28,25.276228914286254,8.418586409279184,3.5816531398579117
736.0,118.74002789906018,1.9760794302778893e-28,25.777867230424285,8.538829466755473,3.5925937458936787
737.0,117.36659481013717,2.9359039678022064e-28,25.671997133329505,8.437736566155394,3.5747780722844857
738.0,117.07639243660614,2.85739307222445e-28,25.507735517275442,8.472443837856476,3.5564662007550787
739.0,116.23837975582768,2.7563759115456906e-28,25.343896381286914,8.382982941792177,3.5669179168823124
740.0,115.37557389596881,2.313920202160662e-28,25.011497148479407,8.361715178051355,3.5054213660007365
741.0,116.79280898969527,2.508439974731704e-28,25.493434266400637,8.402662155108567,3.521847501681378
742.0,116.45199216742172,2.208395867234431e-28,25.289120670203104,8.35079638142515,3.547914237516255
743.0,115.93907911923652,2.3920740294353535e-28,25.200745596585254,8.316749834474237,3.489826326680257
744.0,113.35494415813343,1.8633575513048561e-28,24.676653292353752,8.110429028773348,3.462671474189802
745.0,114.92877491788283,2.428977110511881e-28,24.83468546318971,8.177044314880234,3.4589285788391613
746.0,115.68579200515529,2.560635160892529e-28,25.08569223896991,8.240019516193788,3.4665689359950482
747.0,113.4637720956255,2.345597246347114e-28,24.730828454430267,8.121790847006553,3.4284508129737485
748.0,113.47939535394482,2.3292234271830426e-28,24.541961906369043,8.078487871613778,3.4011482266847857
749.0,114.78057810740509,2.4785986990770387e-28,24.811564664744125,8.093634568921939,3.4439322428718966
750.0,114.04182908381595,2.4985848709012236e-28,24.55294579855833,8.018255827807142,3.413165583754353
751.0,113.10407675093393,2.6266315458630755e-28,24.389671576226593,7.935151786358141,3.366456653678826
752.0,114.06044958976575,1.9964706884620048e-28,24.600108617919155,8.023625905445675,3.386761748367489
753.0,111.4963973438442,2.921465647367196e-28,24.017495948342216,7.818358435337542,3.3231475737937526
754.0,113.3804660044503,2.736860670292342e-28,24.37862242819454,7.927232021499228,3.3444289433294143
755.0,113.13788741837867,2.638203531592186e-28,24.378257940349762,7.913703481881246,3.327467514271243
756.0,111.61241069222065,2.4559719342984197e-28,24.169510322922093,7.811049469971697,3.2959405844850163
757.0,112.98772641076212,3.0801771056152433e-28,24.268940496980626,7.834649776581122,3.29427455431615
758.0,109.61085105331236,2.976909645221351e-28,23.776467178868753,7.621838516836124,3.2508812336523993
759.0,112.73410904798176,3.015632186227386e-28,24.233601240568042,7.757531878107154,3.270696653942768
760.0,110.06804690550278,2.8970249385060025e-28,23.628491632968053,7.579724196266035,3.215431973493454
761.0,109.76747617876055,3.6699327627706035e-28,23.703476657986094,7.577523070284155,3.2268673044626475
762.0,111.21798007743601,4.0843331157669155e-28,23.90122818159689,7.627605463034517,3.2053005215948662
763.0,110.89407582541786,5.951387683677915e-28,23.828848546552145,7.607996089904961,3.25684121527078
764.0,111.16780824573317,8.323668561885722e-28,23.79161121366359,7.5574282277763825,3.2137844071710573
765.0,109.33059439524952,1.0686628820008828e-27,23.387666627709162,7.449797015468699,3.183704318444546
766.0,107.7531504871173,1.5612196663352116e-27,23.222342614529293,7.375131477492768,3.166552216669778
767.0,111.52839786870832,1.2071836743081572e-27,23.869679600556747,7.565478995556025,3.186724886767575
768.0,109.00478525257984,5.600825069825827e-28,23.317636341391907,7.350589531561996,3.1409643739848803
769.0,109.55267475615373,1.2056037404327765e-27,23.314126259061933,7.369805008170382,3.138791989281821
770.0,107.50895069643266,1.3301080068278349e-27,23.03800636672855,7.268538649659568,3.099598577031082
771.0,108.5612060266723,9.824419878835694e-28,23.2256968229958,7.29906425304273,3.089095139336578
772.0,109.81081285808361,6.354443189485143e-28,23.371683015432712,7.35307075204093,3.1304940490770448
773.0,106.59897804663173,5.3832037258473495e-28,22.833286453267338,7.173789985931452,3.0775646322325927
774.0,108.90308087958746,4.04278169464707e-28,23.19906710446238,7.297478947938131,3.07795766500931
775.0,106.76288125215297,3.747011898639481e-28,22.945268112814617,7.163991265508822,3.0870868021040847
776.0,107.09454122133481,2.9857924467714323e-28,22.921384622527427,7.1751637835844635,3.0585793732396787
777.0,106.74949950257843,3.3999397436177085e-28,22.84005835179406,7.093886814599491,3.059562377535431
778.0,104.7137706551112,3.302470316312693e-28,22.469068098495,6.9924791968204945,3.0199144276602663
779.0,107.52762507829337,3.342552536028167e-28,22.69527018487648,7.093514875355283,3.043134449794177
780.0,106.34469020403098,2.8026089603137006e-28,22.858616513843636,7.033851022637469,3.032405218288355
781.0,106.76119718022244,3.1583517726005555e-28,22.775497014442003,7.050146038465588,3.0428537277312273
782.0,104.59351961758694,2.901145883858368e-28,22.352305797985117,6.89593161392474,3.010859958955156
783.0,103.55886116594853,3.11042619697185e-28,22.213541683198187,6.848957118146842,2.998426618046135
784.0,107.17371618934229,2.313973213270978e-28,22.95325474836739,7.028061209025493,3.051083060916874
785.0,104.580570794891,3.0052637173625913e-28,22.41127852677195,6.825973124631733,3.0046507512075213
786.0,105.17802762263823,2.937209933404195e-28,22.191496213322466,6.861054477324079,2.9993441710734303
787.0,103.58514839939924,2.762432113524272e-28,22.039452241483538,6.725087662450969,2.951933386856512
788.0,104.7267909418843,2.542278774642413e-28,22.37771198337812,6.821906096961552,3.0035128935998943
789.0,105.08453380745844,2.6599864037627174e-28,22.352512963035917,6.79822031242058,2.959605477615507
790.0,101.97108589179958,2.565590287875042e-28,21.80550746555612,6.608704919871549,2.9298094015792815
791.0,103.89300067531661,2.5997894361117803e-28,21.920193085326513,6.680412995082978,2.9484344869774737
792.0,103.18933158515237,2.1339437023239787e-28,22.144963695317784,6.663322243942627,2.9370067597843312
793.0,103.73314524971441,2.5899249955012223e-28,21.947925385245426,6.646074548210658,2.943806699526042
794.0,102.50280108432534,2.568632776685332e-28,21.831288564152374,6.580259226489777,2.9040915071562017
795.0,100.83293617935962,2.576277939306113e-28,21.509277027118795,6.486678916988283,2.9039918113754504
796.0,103.69881049893762,2.4481708034122535e-28,21.984258037165368,6.625894977813159,2.954715722258564
797.0,101.96658126300152,2.986985451830636e-28,21.851692463732316,6.509832493466417,2.911713253911307
798.0,103.05796205897397,3.20874483481886e-28,21.882509721129807,6.524913307669059,2.931134636340542
799.0,100.78878533702799,3.1770706245014976e-28,21.526881143687337,6.391300031225038,2.893445584444119
800.0,100.88943785579994,2.228292683633353e-28,21.50167796522864,6.38711081353777,2.895555904692358
801.0,102.39988730672171,3.1590503501854613e-28,21.79258870259098,6.461309414455301,2.910466753116186
802.0,99.5121933865343,3.1078771470254986e-28,21.28360219741073,6.293942526848189,2.8510703354211984
803.0,100.45968411247821,2.7411417021041544e-28,21.224389099058936,6.336136007457238,2.8657989842798126
804.0,100.32480539519098,2.440667403226736e-28,21.381985492880908,6.354939956526931,2.8793173164619468
805.0,102.28642334144855,2.5195769983698584e-28,21.747614519898423,6.423277194392682,2.8901992840650563
806.0,99.72036855164072,2.3278095922245715e-28,21.223926766732603,6.264674651212391,2.8392766549621773
807.0,98.75025657599211,2.439769053217273e-28,21.06046590709276,6.17686563999866,2.8136037160184135
808.0,99.85177037033716,1.949997868410796e-28,20.831214381420025,6.208158984600334,2.8033574380104183
809.0,99.35239697120173,2.4444672932198e-28,21.2241124623227,6.21702190564561,2.8141367884281117
810.0,100.13073628187092,2.227545304299513e-28,21.18379333644251,6.23134881757934,2.8271733436708426
811.0,98.01560539603092,2.3945398876513235e-28,20.7705449561341,6.098452555872578,2.753486033574554
812.0,97.49352711969932,2.1983752219366724e-28,20.769748722042408,6.083052165680072,2.764817655762142
813.0,99.5760995882921,2.430125301008678e-28,21.065361399462258,6.152104620117849,2.8058693903486467
814.0,97.45600364072756,2.514495318381158e-28,20.77063108182775,6.049617007936424,2.757487854051074
815.0,97.99839180084466,2.663513675340125e-28,20.603159410904563,6.050994768426425,2.7376380272386003
816.0,95.6161665976496,1.9788049946672143e-28,20.31537542464755,5.9178092292530735,2.6970818449451515
817.0,97.25893231789024,2.793118797575112e-28,20.639215971669138,5.988257679084475,2.718364454127374
818.0,98.57893641550203,2.7353434940324985e-28,20.79585386408665,6.011185337296581,2.7477480497680706
819.0,96.96366227363788,2.750120662695906e-28,20.470594288035024,5.917193285079071,2.690764605904672
820.0,97.37939534179303,2.304488378440409e-28,20.472421946127557,5.971755378197958,2.701427034583803
821.0,93.7109544152917,2.6820888430430504e-28,19.880565108443694,5.758591652023157,2.64294960007801
822.0,98.71066657141888,2.6050694608058747e-28,20.754678743709434,5.965657269398025,2.7000517165370286
823.0,96.42487395411334,2.7938378547991984e-28,20.44500628636455,5.867937628863525,2.6838010044293497
824.0,95.69268352871198,2.1283465340299284e-28,20.29333686771731,5.804565293957594,2.6505614695494817
825.0,95.93735863061661,2.7187104818487658e-28,20.16450101514301,5.786810262914567,2.6465408044923766
826.0,94.03247117832662,2.6030327558889707e-28,19.96411584796961,5.680911462697159,2.5839823958866033
827.0,96.12627591412422,3.0355875337316088e-28,20.217541901309172,5.804901060284331,2.6320770043443753
828.0,93.67500568362973,3.2133167625383995e-28,19.7445172739359,5.6394875178863835,2.5785436062600824
829.0,94.96691200766007,4.388097358497629e-28,20.098569978190397,5.70719017331008,2.598547731068615
830.0,95.10604913465183,5.157430762427153e-28,20.091108003570135,5.694838770085372,2.592087314570888
831.0,93.56362298012887,5.124203328502113e-28,19.837641039856972,5.589651884826429,2.5505610001548744
832.0,94.6468585836583,2.5966095967453723e-28,19.809514500555338,5.633468941831934,2.5416282776296093
833.0,92.33558685249794,5.200246883785436e-28,19.619186228236217,5.509778698754456,2.525033375255461
834.0,92.8793814249714,5.1343058675795915e-28,19.618519420817904,5.568823251269643,2.5558839644984115
835.0,95.09477864286323,4.1082691971880005e-28,20.183376126734778,5.638482973448697,2.5573322233323523
836.0,92.48479925017294,3.4635162755252506e-28,19.557126007001763,5.518680926220188,2.5186299571112483
837.0,93.80310649020373,3.206796182500576e-28,19.6541761957906,5.58459459909315,2.5438991809466853
838.0,91.00435932141063,2.676363825155599e-28,19.244860210497393,5.410858468123838,2.4909617453369326
839.0,93.15438074333233,2.6428143983398936e-28,19.52852873981724,5.4985652774572396,2.508379951229601
840.0,91.79232988215455,2.160347520172444e-28,19.4107464107233,5.4325431302756115,2.506954131469504
841.0,91.92250250305922,2.5666458895942912e-28,19.423401331734947,5.432119745175518,2.5216292433873533
842.0,91.2590627781918,2.4950607539769444e-28,19.12393583007917,5.3752461483035745,2.469177718389127
843.0,91.5468307637926,2.4945793443631385e-28,19.43501643917665,5.420734560399092,2.4828503258816523
844.0,91.52965984297843,2.2597051999611815e-28,19.19211486528181,5.3908663876873355,2.4734007083597636
845.0,90.7613030879733,2.5627332351445467e-28,19.15112467992562,5.353652445887885,2.4710547846243145
846.0,90.83051103823625,2.6070605357131413e-28,18.996698519803193,5.341979402057158,2.4906561698823544
847.0,90.45006056132277,2.689822895593286e-28,19.09583937538413,5.322660709217181,2.462875243915195
848.0,90.24469600355204,1.97249211161839e-28,19.124690573524177,5.283323272050981,2.460118866689052
849.0,90.37584521964503,2.651998991311096e-28,18.896996989044833,5.286210464176838,2.4673226989287618
850.0,89.19621883572968,2.676923661263275e-28,18.736093927699912,5.213126521651739,2.4442251070902516
851.0,90.33750906365015,2.478978686116539e-28,18.779124491678203,5.221872932706435,2.461124916346805
852.0,88.91967291802673,2.1753797016499167e-28,18.708066653383746,5.177496891479376,2.421950045800003
853.0,89.20607043804871,2.3538836404104896e-28,18.761030158571053,5.202284044920836,2.426927060031559
854.0,89.9898233062812,2.398081234632665e-28,18.753634428233294,5.214200220408355,2.453569303196585
855.0,87.84328923504259,2.3392720188635953e-28,18.483472221029576,5.137511469481273,2.4105749268273926
856.0,90.51531664837414,1.969811040130024e-28,18.846980374749183,5.258315760323877,2.459208918536753
857.0,87.72687773539184,2.3201411946517748e-28,18.375271642292805,5.1037554125873505,2.409208373149596
858.0,88.62690461368786,2.532373666637004e-28,18.544530062125794,5.120692372914047,2.4002951915860278
859.0,87.29653095247745,2.448892814023036e-28,18.248307044238047,5.079455952602422,2.399033453261193
860.0,87.76445108516495,2.4829477473977383e-28,18.575312386018496,5.088297632695525,2.409855016809713
861.0,88.74578202019796,2.6880259553120903e-28,18.469822616322773,5.125218466425552,2.40738674318319
862.0,86.31024383128481,3.170546153314747e-28,18.126694137889405,4.986562059443,2.3845601659816107
863.0,87.29690377646607,3.1392405569766363e-28,18.26531047790996,5.036465944507755,2.40086254252886
864.0,86.58781508074988,2.2010263565859417e-28,18.137400128897617,4.962344081571683,2.3726429379991094
865.0,86.94495465989274,3.1456117634882636e-28,18.279963543179214,4.9611666561266174,2.368955212577775
866.0,87.85687604675648,2.9538313045145196e-28,18.28167765213011,4.994001330657159,2.3669436185356307
867.0,84.59231681640183,2.736274477500939e-28,17.78453798579126,4.85252273929212,2.332574763245981
868.0,88.42963040022032,2.44128815866044e-28,18.307275718592418,5.038680879427992,2.3899417311278213
869.0,84.86622942826666,2.4373073939824707e-28,17.807034110584098,4.851938005928049,2.3136429436467596
870.0,86.48558429029188,2.4140685605957458e-28,18.113173744174794,4.911625865381384,2.33837490036634
871.0,85.52889583510881,2.4292057920585312e-28,17.895249444003525,4.850232400182097,2.317979193848263
872.0,84.28876573166603,1.9482599392078558e-28,17.737028895019446,4.81816171622858,2.296987500596057
873.0,87.26096155052197,2.476101656752655e-28,18.101294951618435,4.927928876566018,2.30218836959105
874.0,84.4654248953911,2.3944619973377503e-28,17.63470838256044,4.811755237606938,2.2866141588278044
875.0,84.63086147456711,2.3888975605100896e-28,17.560119693294205,4.789292208366737,2.2476115748689183
876.0,83.83175334240981,2.1876034679559535e-28,17.44272487685636,4.750637760865155,2.258143950725641
877.0,84.40675795163627,2.5268536635187236e-28,17.7550271697362,4.764205588238562,2.2501966202561348
878.0,85.32633957402538,2.5944110398617e-28,17.572638311052902,4.806861142413958,2.252764648822471
879.0,83.04182852248377,2.634845632711192e-28,17.45412739464857,4.699449448263135,2.229716924151461
880.0,83.67520150928335,2.040630343434593e-28,17.3618278403267,4.709393288710668,2.218969015515677
881.0,83.98742156503071,2.816350113569044e-28,17.532506756629203,4.709405033713786,2.2264034102003536
882.0,83.50627109434623,2.5899054818954798e-28,17.330684708467746,4.694548557679371,2.2261745343561072
883.0,82.76220998711388,2.598590926282733e-28,17.09418445743851,4.6495522423992455,2.1828351117506295
884.0,82.6558532900563,2.335452132502663e-28,17.300043568988716,4.642967997483078,2.1893766351655017
885.0,83.35262019460221,2.632520089933445e-28,17.211095981350663,4.66137147997056,2.1841062476142143
886.0,82.88448406669515,2.6313341104380154e-28,17.253556837145126,4.663604327308681,2.1766282422777037
887.0,82.09793051466637,2.9734029186571057e-28,16.992366253736186,4.5833557991767115,2.153921986779513
888.0,82.06327193449675,2.3795102717155693e-28,16.98451858055351,4.574474785299176,2.145211323666776
889.0,80.3601760019372,3.075498757532139e-28,16.773754597763446,4.493087712521538,2.1344233099687564
890.0,82.76491267522213,3.2987750780638068e-28,17.094557368643265,4.6145850048051615,2.1418784238649122
891.0,81.54235081678297,3.7944950527825856e-28,16.9926394517767,4.543962894924247,2.137345654556025
892.0,81.09722613311095,4.4625585862879685e-28,16.617100192601338,4.492265771946779,2.1154696011751546
893.0,80.34365168381923,6.484489407393564e-28,16.506252560642352,4.477381436653219,2.1158691343926495
894.0,82.51779903354925,8.29269562331493e-28,17.101786543371826,4.572154412888114,2.152708965333197
895.0,81.42516462634441,8.057856784663978e-28,16.669743145285572,4.492523473705638,2.1014641808315395
896.0,79.36631800405274,3.617283134372573e-28,16.357474911052922,4.411849489504191,2.0438948648674566
897.0,81.36138183221355,8.37343907944615e-28,16.669969298245537,4.459663541506212,2.077431579285798
898.0,80.63963141951302,8.530078527889132e-28,16.614039480111828,4.433444589535235,2.0646648387461433
899.0,79.78248654009641,7.622843668354948e-28,16.3837636117737,4.4043891129936155,2.0698317122839054
900.0,80.28217551972176,4.474745528559637e-28,16.4556801404889,4.426955933132268,2.069277420532453
901.0,78.60580285425014,4.055473087536535e-28,16.132501634247447,4.342465540812287,2.051881294587152
902.0,81.05779792395033,3.419009513485225e-28,16.535140514994886,4.448421880423538,2.0776464378304396
903.0,79.03208374275503,3.2212245987902634e-28,16.353780351009647,4.362087160164093,2.0555445618951063
904.0,79.69365926911112,2.5226987827194876e-28,16.359973817563333,4.382598888631607,2.054278134686862
905.0,78.34566374563958,2.8600866561320245e-28,16.037223830526003,4.296441757604332,2.026756650861771
906.0,77.31017716254054,2.7434215796907536e-28,16.003024963062106,4.25496845768047,2.02346062949675
907.0,79.47522897781221,2.759872978586462e-28,16.26857197000855,4.333211084990067,2.0367902551362995
908.0,77.4452716450408,2.433327222592698e-28,15.955645522136988,4.2603653624359366,2.0332655536878437
909.0,78.74436851539016,2.8650461655390593e-28,16.080584864963125,4.281447823154551,2.030598691303268
910.0,77.60806731320035,2.8838181915529624e-28,15.853272159512958,4.228527787877382,2.0086863508557946
911.0,78.1010537703056,2.9252918966761414e-28,15.980827123506344,4.246568788298043,2.022613182144407
912.0,77.66500159224887,2.1073349178942724e-28,15.807031851626302,4.225574296631007,2.020432544844333
913.0,76.6113204311457,2.825843323113654e-28,15.620367905182587,4.164159414238103,2.009404270232722
914.0,77.35100321509762,2.9702006406381982e-28,15.562047099929917,4.174753280073238,2.0059232475238713
915.0,77.38965276320718,2.737148354951269e-28,15.890977619829968,4.1757516210792,2.004866716135
916.0,77.81176240963876,2.3132617977228637e-28,15.845421319498941,4.212410205927841,2.015068747402796
917.0,75.91405264349177,2.5489830769253207e-28,15.472496457342695,4.104102799415132,1.9756508908875907
918.0,75.67189875698523,2.408297102258087e-28,15.484816505618667,4.109620963274707,1.9897334673177323
919.0,77.39632710703125,2.726006464197176e-28,15.647607250465946,4.159437423534031,2.002994730474216
920.0,75.54893236958473,2.0040509642949528e-28,15.350742777850884,4.075642736077751,1.9899081262333984
921.0,76.04534618766004,2.5961851825695347e-28,15.38039552510257,4.101503578507721,1.9808730440268902
922.0,75.01360472857355,2.4487664019639075e-28,15.33794194046645,4.06444599514159,1.9815084440457205
923.0,75.58941380324535,2.584293049604699e-28,15.335649523307934,4.078499247770955,1.973477458723612
924.0,75.64910681212957,2.6263493492413647e-28,15.303480549548038,4.086467571104562,1.979852245145754
925.0,74.22665571265841,2.856435109447407e-28,15.15301633201556,4.011393769724924,1.9734746521633437
926.0,75.72598290145588,3.34380758419847e-28,15.165994365845354,4.062250314374421,1.9826117946807593
927.0,73.63552291930222,3.029307822440168e-28,14.87580223318268,3.9705101976725428,1.9573089654230398
928.0,75.73987655600718,2.3047026170218274e-28,15.299194991466516,4.0511293286820855,1.9655492753386385
929.0,73.86786736439572,3.053349817405365e-28,14.86710443899305,3.9813372992717744,1.9415083114275211
930.0,73.59814041858935,3.2955714189425704e-28,14.840663140072538,3.9641257639203626,1.9475235981711487
931.0,74.08237496970685,3.0324207997129674e-28,14.740173644201326,3.9613201948071235,1.9354125483850604
932.0,73.88685238922899,2.641646945394082e-28,14.931390359428578,3.967289852607048,1.9350592576915968
933.0,73.5897447107875,2.538029763262614e-28,14.58010189820813,3.8932375723304182,1.917562713614641
934.0,74.34000563964477,2.563497804197416e-28,14.95019647751281,3.954105944096802,1.9255436337361596
935.0,71.43655625643531,2.670367407473967e-28,14.405722580146254,3.8333171128270904,1.8817770980450939
936.0,74.74090446083082,2.0964607362241277e-28,14.857834411828815,3.9620762636521243,1.9065303977193344
937.0,72.12604817307214,2.626033821206845e-28,14.435486386344978,3.8439867206862863,1.8789675898230984
938.0,73.27621480322287,2.425386912849563e-28,14.499697380439866,3.8840413968378176,1.876272399630495
939.0,71.62566258071115,2.479627154423156e-28,14.317044370038232,3.80211581970917,1.8531078934741607
940.0,72.4373769325271,2.2985939150184134e-28,14.354400705571402,3.8509014479591612,1.8547028928104679
941.0,73.22607367336397,2.6503018705869054e-28,14.520381076600788,3.8577522723385376,1.8545218028533446
942.0,71.08577232226153,2.671708487782884e-28,14.151691075959459,3.7818466843005347,1.828830727755051
943.0,71.82907745375505,2.8384431108788438e-28,14.132106165691216,3.805630011961278,1.8504428125291934
944.0,71.00032197351797,2.104873030904024e-28,14.05794580636119,3.7831255136951545,1.822411982943665
945.0,72.61109656775096,2.83374715296045e-28,14.346311975269716,3.83615976209984,1.8532377909276732
946.0,70.96227884742753,2.7763239216920207e-28,13.94446782588256,3.737263038793013,1.821184422929699
947.0,70.93152227158944,2.774965888460479e-28,14.019773307769702,3.742033477384148,1.8033561924536294
948.0,71.08033653599941,2.372407370705146e-28,13.803769050413509,3.7384413236453264,1.806205699145356
949.0,71.30573816138568,2.6617992884246037e-28,14.07726957991307,3.737539483492979,1.8021731931226797
950.0,71.14902549909719,2.5808619779056472e-28,13.880168077330493,3.7395072649240886,1.7921461541796595
951.0,70.12261943416088,2.872746530725478e-28,13.713833383871602,3.6938237136343908,1.781747905472979
952.0,70.180661451684,2.3558779775572676e-28,13.7483450704412,3.6957891667521277,1.7797248804846768
953.0,70.90413695663062,2.8830625517815367e-28,13.78516474252839,3.7092682133533907,1.790876944914197
954.0,69.7361884924868,2.897850769424011e-28,13.706814830678068,3.673759629791864,1.7569853126911374
955.0,70.84613223093666,3.3177365533471956e-28,13.607493837178179,3.6895693881364657,1.7756815983645986
956.0,68.2517115132998,3.355541072158068e-28,13.237701554307622,3.590548765321324,1.7394052431593712
957.0,69.48273379378148,4.417827056925288e-28,13.478181711992868,3.6327445048343976,1.7507231905399507
958.0,68.84715469618264,5.296639408924797e-28,13.313448606402483,3.6007029596676046,1.7444708475729294
959.0,68.82298005483018,5.16649699979843e-28,13.393744443622326,3.582617070778537,1.7248208539373093
960.0,69.49170757832039,2.8965267088919943e-28,13.271695014003678,3.6306316065447226,1.7169838269575686
961.0,67.60951070807153,5.1781826508781985e-28,13.031559588014536,3.5506924839957934,1.71850253558879
962.0,69.63136735993979,5.257032760587311e-28,13.406232708272107,3.6360184707421768,1.7383682936003297
963.0,67.75550408362531,4.638861764311962e-28,13.02125891054306,3.5565969889594293,1.7176229892301398
964.0,67.34484524113181,3.6005607821833156e-28,12.957046846708984,3.5320835439215417,1.7139142337267765
965.0,68.54459430526293,3.3157029247544785e-28,13.003385164971519,3.5697308071723386,1.716196966239259
966.0,67.21166177035691,2.961079961205691e-28,13.003548855302231,3.513551100023544,1.6992379835723213
967.0,68.75593609619307,2.8848365480034013e-28,13.04346995846483,3.560219719272092,1.7221161782021897
968.0,66.52347035620691,2.3571604190232754e-28,12.703639622496837,3.4882991656482285,1.7050462919430294
969.0,66.66983739726305,2.6885536889381934e-28,12.64879688903813,3.4780801132331978,1.6956688509574993
970.0,67.82033742692848,2.702436674477719e-28,12.800921418169821,3.528558223226404,1.6950190798058238
971.0,66.19554062572979,2.7506691028167745e-28,12.588233686424491,3.4709752381288617,1.6869461243835528
972.0,66.97441992073155,2.5528833926031027e-28,12.517535079932129,3.494244096212098,1.6936190443468775
973.0,66.40025871904167,2.8220982125023677e-28,12.472601392116237,3.483896427492566,1.69582453046708
974.0,66.84406970828736,2.894256812357393e-28,12.483533501935153,3.464128747144408,1.682763536715061
975.0,66.66709615079434,3.16489227789929e-28,12.505789894400134,3.475995100336913,1.697580683186464
976.0,64.9256711399251,2.283609508800361e-28,12.279323258700423,3.4105167742031823,1.676440613625826
977.0,66.61959938369212,2.9186935243501854e-28,12.324764228018545,3.471934637701043,1.6962778419909594
978.0,65.51777650623585,2.8587956538389846e-28,12.18574862294187,3.4105565793962187,1.680801897136246
979.0,66.2580430378972,2.774315716039775e-28,12.351918113596003,3.4244973065007027,1.6819177391366171
980.0,65.6356102352543,2.662065330174719e-28,12.171010879831742,3.401855292191095,1.6805406008749688
981.0,63.86940737313515,2.6961896032236366e-28,11.895736327613795,3.331366634548786,1.6571191813778228
982.0,65.10905080609147,2.6917678586754048e-28,11.917131639953814,3.3567933838130513,1.6595220387207612
983.0,65.59118242334439,2.759907536693595e-28,12.180625898787989,3.3700678686825416,1.664638454046012
984.0,65.25106560265164,2.385872461439444e-28,11.939288438282466,3.364700163296357,1.6632033331962044
985.0,64.75645897460917,2.7700133618072764e-28,11.85742490287945,3.336771802121788,1.652956902358152
986.0,63.77927894635168,2.6522267574073843e-28,11.576729435298141,3.3023737643431814,1.6519086630499011
987.0,65.0030663827927,3.0402544371493967e-28,11.74860922584104,3.3243406344347637,1.6425963893317483
988.0,63.670867225307965,2.687631075385489e-28,11.617635360929219,3.2814093275291323,1.6444918858824407
989.0,64.10529679306512,3.6228934533596983e-28,11.494574898690768,3.2797611907914233,1.6364394998204026
990.0,63.399958247280914,3.5205989898851908e-28,11.433882821712983,3.2676553152697454,1.6358104296311173
991.0,63.98927947358021,3.837015802714406e-28,11.607778215492033,3.286311781204132,1.6445059369116886
992.0,63.47679460867159,2.729218446970658e-28,11.349396900774487,3.2734640393089403,1.6347990554826675
993.0,63.05538840212948,3.8284536445934076e-28,11.344211178173394,3.2402324686898227,1.6214018126437388
994.0,62.333489145057385,3.746299640813649e-28,11.075574709021955,3.222417585497018,1.6206950506624023
995.0,63.10554238789505,3.654566189035142e-28,11.344619078549588,3.2526469491105785,1.6233521223388387
996.0,62.949682734341934,2.846223950910106e-28,11.272365052580753,3.2471505267882135,1.6165370330543845
997.0,62.46398197279147,3.0231136758617893e-28,11.102711182053435,3.2217246271858153,1.611607836617293
998.0,62.46013076481593,2.900540774907264e-28,11.018034143428126,3.2206810975851554,1.6014322377270036
999.0,61.25301606238875,3.5171141253119105e-28,10.73921918535449,3.15130823572819,1.5787239059904012
1000.0,62.16408053589352,2.6404117115870957e-28,10.989746403338447,3.2010923552824178,1.58636513979437
1001.0,62.345390163469375,3.8774940337001864e-28,10.978343238191858,3.211336355319111,1.5835179097226675
1002.0,61.54076332612574,3.996753923674328e-28,10.782062590014286,3.1723333956005333,1.5703872584850083
1003.0,61.598280382593586,3.349327621615336e-28,10.678511095155354,3.1532096716577542,1.5609009908843996
1004.0,61.50889944227066,3.1714143686036506e-28,10.769375036880154,3.1520633806845204,1.5555302373762705
1005.0,61.388124288409244,3.887758384104405e-28,10.653412671565238,3.148214990390678,1.5530360247536104
1006.0,61.07341855064175,3.6217545350257265e-28,10.501418665248103,3.1365434455159176,1.5452346777873087
1007.0,60.57709341119939,3.968661357812608e-28,10.420649091339321,3.1188471492451417,1.5440034346937894
1008.0,61.797186663541744,3.1313159969544373e-28,10.603572011308373,3.1597570535665103,1.5434779770480709
1009.0,61.10657602013231,4.046050743151384e-28,10.50961445633907,3.130256573536376,1.5474626250688925
1010.0,60.50138927961692,4.0040130112459706e-28,10.3036221317406,3.097014004218483,1.5289958462664348
1011.0,59.73657314739496,3.932478134452377e-28,10.149541019006458,3.060489843417829,1.5048091168388669
1012.0,59.74552632933394,4.095893787481504e-28,10.16331736160523,3.0533762193265734,1.5025581541173707
1013.0,60.998743267317074,4.63661789248043e-28,10.258368089227602,3.100690038739066,1.5041054935098939
1014.0,59.55792585856455,4.9137158191483485e-28,10.098757103353321,3.0525573550849234,1.4905082129571772
1015.0,60.03562944377689,7.1712674474281485e-28,9.966951678354896,3.0484776940868614,1.4875199247215587
1016.0,59.048834889501656,8.460165669900796e-28,9.842671687334345,3.0156334416917367,1.483273418728408
1017.0,59.74219530992958,7.45228298123606e-28,10.048075012018565,3.0348880117975683,1.4842365579944345
1018.0,59.598586460251,8.4012257891286e-28,9.756741255857719,3.0272042759022724,1.463798904319184
1019.0,57.970384518292256,1.4454129484695627e-27,9.637588463843983,2.971191622734535,1.4649759175238568
1020.0,59.7457906372084,1.642574563582045e-27,9.723083946317853,3.0296052466555254,1.4711387627941297
1021.0,58.64819873998049,2.636478643414879e-27,9.70224020271876,2.983787327831156,1.4617318901268357
1022.0,58.65624835587745,3.7866032665442586e-27,9.598472786330094,2.978302158495937,1.4615828570069431
1023.0,58.313494899680684,4.2021676382905744e-27,9.448295649483715,2.954289168620148,1.4355502742649484
1024.0,57.982236908244715,6.565418908925395e-28,9.50400545952184,2.943001793725734,1.440446564941814
1025.0,58.51812216720122,4.3113466038424596e-27,9.398222229320357,2.9522721055577437,1.4244004845863776
1026.0,57.89118015664233,3.7328515751918894e-27,9.41453500320963,2.934888081856373,1.4270478363439056
1027.0,58.60210607976614,2.709323770114158e-27,9.386638030654723,2.9576921238986813,1.428866677457996
1028.0,57.155325009177176,1.6042402907987818e-27,9.103070519875951,2.8970635915821448,1.4091985500433766
1029.0,57.143099120893105,1.5811159474573633e-27,9.198704886672637,2.9157275984328583,1.4201521853526378
1030.0,58.45265002140419,9.757992165544562e-28,9.175606704281318,2.9478699936925272,1.4223580736726908
1031.0,56.47049539057664,8.447220756382483e-28,8.935555110792588,2.8654245744085967,1.40792759730381
1032.0,57.59595445468569,8.531842956140819e-28,9.042999893856475,2.9002715640406307,1.4095713146333901
1033.0,56.470089639248975,8.177404052264116e-28,8.84916897984772,2.8610291386644473,1.4031958756393945
1034.0,56.97708746958188,5.813232372733604e-28,8.923473043071171,2.8957160986983865,1.4113220157347066
1035.0,57.36489388101434,5.651861725462831e-28,8.862325311975875,2.892770041403559,1.4063687525388273
1036.0,55.74981067573475,5.100739323690289e-28,8.644094618130426,2.814700369858421,1.392932619264862
1037.0,56.60577718480553,4.976953008491765e-28,8.663134814715256,2.8590473938453136,1.395380566091911
1038.0,56.618107097727844,4.958124800652463e-28,8.767524539234424,2.8628107053838985,1.4030091371948756
1039.0,55.67088866151217,5.208488808955254e-28,8.510300757523686,2.8163841682258153,1.393376843201676
1040.0,56.464642362985884,4.0378116084221153e-28,8.551061933327393,2.8384163411131986,1.3982629919941914
1041.0,54.83524905923266,4.8072266027857655e-28,8.29734735075084,2.779602050589866,1.3902702167126935
1042.0,56.4771686905075,4.604608665993881e-28,8.468255709731533,2.8327614147286435,1.3941883233795722
1043.0,55.11361571559532,4.671938361150811e-28,8.272286146242536,2.7988360348428394,1.380286113849276
1044.0,54.87108497614426,3.9402123978518367e-28,8.189174179945336,2.788108477804372,1.3761324334485343
1045.0,55.73522780319424,4.011595693235515e-28,8.260259608425015,2.817723537931848,1.3867551920180754
1046.0,54.71952045129129,4.685289331366292e-28,8.13078017147437,2.7677230713488137,1.3735367670100291
1047.0,55.312803800551904,4.713147354833217e-28,8.117001590107487,2.780889783686108,1.369135060627255
1048.0,54.89937746579612,3.4609228807353514e-28,8.113568633859524,2.779102099563479,1.3780879632998846
1049.0,54.040896326892586,4.373032909798931e-28,7.828939642723957,2.726952294751106,1.357608926196747
1050.0,54.20911280603869,3.65201462327967e-28,7.86708774397083,2.7486314796688713,1.3617997497310654
1051.0,54.8593849421136,3.765410505698216e-28,8.001686874991144,2.7743568337053,1.369372130553908
1052.0,54.38229672084244,3.564055400343202e-28,7.820218741957048,2.740805829186793,1.3719202636747505
1053.0,53.334170428972044,4.331179888238479e-28,7.6687307564004525,2.7029437347261784,1.3654604044957264
1054.0,53.548639598203756,4.086080318800534e-28,7.560208166501062,2.711084045534044,1.362771896125958
1055.0,54.14525845166399,4.727236901258818e-28,7.69291562087243,2.72383339814757,1.369124236470097
1056.0,53.606784960340434,3.495258371073751e-28,7.535948025275644,2.721049270689154,1.3648466724996209
1057.0,53.41098852779455,4.517570280246727e-28,7.481560021848666,2.6972093838197417,1.349892353933294
1058.0,52.88759507159686,4.095349933121192e-28,7.379806427052309,2.6903000967529476,1.3553151601999776
1059.0,54.09856674907507,4.571098424110592e-28,7.452119042119075,2.7176188127401666,1.3537886421724101
1060.0,52.60846657627482,3.513537863629036e-28,7.266199762469077,2.6668156008870945,1.3356700381765456
1061.0,52.80630399174791,3.732623608018665e-28,7.227797525699896,2.6708833883075545,1.3319470087658334
1062.0,52.26222596440946,3.5190900337228583e-28,7.1022378768608885,2.646906915684163,1.3301193574747032
1063.0,52.80408386639089,3.4482836839240685e-28,7.209393529413983,2.6608892520475074,1.3165739558867455
1064.0,52.675845970460124,3.1113377930747215e-28,7.115724635001124,2.6633649862620725,1.3224714619897904
1065.0,51.85073569862923,3.3382871714018073e-28,6.941730360942191,2.6098281486855375,1.3069294267299623
1066.0,52.623849897450974,3.225126834851885e-28,6.987631299274961,2.64022316844726,1.305207155375079
1067.0,51.621965578611224,3.2637553179759727e-28,6.817755518757704,2.596043310523693,1.2912237622843115
1068.0,52.441036739272214,3.3889033922479513e-28,6.95008825471109,2.616561444532557,1.2892082656954396
1069.0,51.83184470407099,3.549418539970298e-28,6.833911076714296,2.6031190466549323,1.2900509841052812
1070.0,51.1089915788746,3.6460116622732995e-28,6.682398726475855,2.5760477687866024,1.2788830149408978
1071.0,51.494650995501864,3.5739747850698077e-28,6.625283531206569,2.585047332004957,1.276877256357571
1072.0,51.09542370591139,2.910298121765283e-28,6.705655271553109,2.589434437713193,1.274445958790744
1073.0,51.6169953836953,3.6179960815623937e-28,6.572804497147194,2.591215399980162,1.2815117948742145
1074.0,50.940852312913236,3.637498839774159e-28,6.588558557357734,2.5666402066530867,1.2731752111093246
1075.0,49.85414811563215,3.2911352982435205e-28,6.369189073340614,2.5242147519059626,1.254035928685814
1076.0,51.91910958835018,3.2380928911265476e-28,6.58792535800732,2.5922006667751094,1.2664214731180232
1077.0,50.553916131712796,3.35301323977571e-28,6.359839150085701,2.5517654989394623,1.2594516042166948
1078.0,50.154028095387076,3.36065208714582e-28,6.206117606253281,2.5272151750382763,1.2392821916020376
1079.0,50.26498973522319,3.393150395824211e-28,6.204327450715058,2.524730475416211,1.2461743997723884
1080.0,49.975967803071256,2.932078485520762e-28,6.165774792561047,2.5150545510593916,1.2434188495599885
1081.0,50.23870792391661,3.5055511880487508e-28,6.159251058551669,2.5101292746143318,1.2416577375419533
1082.0,49.903922187871984,3.644810971781789e-28,6.088698555607017,2.5092757307560336,1.2260877704432982
1083.0,50.04082210531267,3.905202965456246e-28,6.00320720133631,2.516166640510184,1.242850287237697
1084.0,49.58119410209269,4.145732293445235e-28,5.948685569862346,2.5074711034041535,1.2330711847204754
1085.0,49.487608236413806,5.156477735796138e-28,5.92731343910497,2.4928745825045,1.2185040002854122
1086.0,49.23409382022965,6.140624798853625e-28,5.803838827061838,2.472140619215757,1.2170750170544888
1087.0,48.99649857975104,5.913231404649945e-28,5.793961957817537,2.465071127530029,1.205265678414564
1088.0,49.011171160649255,3.4965957094141776e-28,5.724383044974174,2.4728180734656955,1.2075899335801414
1089.0,49.78154758305649,5.842950730311648e-28,5.85080408217211,2.4905800640479554,1.2189431095896703
1090.0,48.5987227090999,5.975619784133297e-28,5.5828318561066155,2.4516767474053474,1.2042665631793048
1091.0,48.92838380519558,5.183279231009601e-28,5.562328239064718,2.470459539087753,1.2138283139819566
1092.0,48.5879940864634,3.9610202399249237e-28,5.519660330780325,2.4554613490707884,1.198291052436818
1093.0,48.48894752337961,3.9415265059706224e-28,5.517423307275988,2.4468192042219243,1.20227571790695
1094.0,48.299301239003874,3.528495111821105e-28,5.438545299162981,2.437462393846202,1.1944326835973578
1095.0,47.993532788286466,3.732864776274452e-28,5.3519801606029445,2.424220973026979,1.1961254584317205
1096.0,48.38876097286762,2.8878078649197906e-28,5.326675647194608,2.445517657997233,1.2078813027242434
1097.0,48.346043876100836,3.7087390079952205e-28,5.3330991075569205,2.426977568289959,1.1958808564404924
1098.0,47.653958535481834,3.2299372817664647e-28,5.215061480139331,2.404449283221765,1.1852911675440272
1099.0,47.070802199296786,3.2379367784189395e-28,5.117376842154734,2.381745962932807,1.1876188294804453
1100.0,47.47247110151567,3.2206499162807765e-28,5.1299203091274785,2.4110859742907245,1.1906356984490376
1101.0,47.291412359991966,3.1968507713672693e-28,5.049735167573889,2.392450943135922,1.1795778667019325
1102.0,48.03183358146995,3.412249754785739e-28,5.105834380212965,2.4202575760432725,1.191195583145902
1103.0,46.52164132604916,3.3580193861006015e-28,4.887307497879987,2.370022299045866,1.1867040845844528
1104.0,46.43998861487382,2.6816619479739225e-28,4.84649108823235,2.3613666781845684,1.175249719817906
1105.0,47.154409775436136,3.4680209271525585e-28,4.895530175777254,2.395003407728038,1.1890772513998453
1106.0,47.140949090624254,3.2817125710314413e-28,4.911671346499912,2.385907376629533,1.18510973990131
1107.0,46.56497808520115,3.1578943013433603e-28,4.759304077221153,2.3536179850432926,1.1765097448144701
1108.0,46.80630081777312,3.0027179014451084e-28,4.738401234900897,2.357961423724203,1.183278794448434
1109.0,45.937039726157856,3.0303864417630277e-28,4.60525061224801,2.335383977725891,1.1597768849856915
1110.0,46.4459497886872,3.075374035949161e-28,4.673950085292387,2.3320583280882183,1.1653158917572812
1111.0,45.844280746989256,3.114783742342947e-28,4.5430220688718785,2.32251287854473,1.1680470152842581
1112.0,46.20084287291118,2.7038779214658677e-28,4.5234497591311325,2.3358321595264204,1.1633278944589442
1113.0,45.582457949203544,3.072052727971169e-28,4.476804589497934,2.310497358323989,1.1677999825279002
1114.0,46.43871024100017,3.0490826235992984e-28,4.5017414433604275,2.3337311315383134,1.1591291876906338
1115.0,45.35283140615901,3.2622928878957017e-28,4.392972311686098,2.300296181856717,1.1580669724664212
1116.0,45.11581345060274,3.078167791792126e-28,4.293607042150589,2.2877126773717342,1.1593768439996972
1117.0,45.41093921988284,3.6071650399422955e-28,4.258539076538119,2.2836198757403077,1.1511788753375527
1118.0,44.940606721247015,3.7643337881478815e-28,4.257513514052016,2.2705494404098276,1.1555363625278923
1119.0,45.94127205905145,3.8062903481065357e-28,4.2684385003520395,2.3080895981156755,1.1632429773168935
1120.0,44.85456021239597,2.880531421988356e-28,4.160303155550991,2.273728248427492,1.151507270632554
1121.0,44.90311513944551,3.7508997351417645e-28,4.095180345680233,2.2565100007527685,1.1451756872141599
1122.0,44.485827425912476,3.6343716997018984e-28,3.993591371774617,2.2625856800214557,1.1540310485262963
1123.0,45.021232102372934,3.5292431641295798e-28,4.073485842216084,2.275463848345024,1.1490085848786693
1124.0,44.76733251600369,3.094063840766822e-28,3.936314643304966,2.256482507772038,1.1351376690230852
1125.0,44.07736556380666,3.135464678628226e-28,3.898317564503492,2.226227465626312,1.1376197565276303
1126.0,44.379807866558465,3.1508961044963185e-28,3.8661060017695785,2.2443536414285905,1.1299369061194222
1127.0,44.83295275318113,3.229358012563749e-28,3.8902804991082895,2.2483764477839343,1.1253135624140729
1128.0,43.336796896815514,2.5670284034396076e-28,3.7414155766018284,2.2180657248015563,1.121591477023956
1129.0,44.342864449830266,3.136275764677541e-28,3.757368703206091,2.227841194462446,1.117048313659905
1130.0,43.43613416109168,2.911188399995483e-28,3.6533098275095717,2.201740164824347,1.1111190006354135
1131.0,44.15241595707901,3.0549808071569397e-28,3.7418071442819985,2.225682259057983,1.1010728865787958
1132.0,43.44574969606222,2.8349292760412495e-28,3.6260880005571057,2.202939479653482,1.0961186217584482
1133.0,43.12725328160652,3.0787309570211786e-28,3.5635748298969503,2.1913999401575257,1.0989717093184088
1134.0,43.62171678389681,3.386515621951586e-28,3.5427535325203614,2.2075587645828083,1.0977722581063216
1135.0,42.72957983941374,3.2929687339421717e-28,3.446303472454582,2.1837226103425325,1.0961583808539095
1136.0,43.71578935612465,2.6946154118449107e-28,3.518283840672903,2.221068426105773,1.0986716943299717
1137.0,43.12817871956892,3.5153069500537126e-28,3.402367478574779,2.192821296164604,1.094962234715913
1138.0,42.580797835211804,3.3292510631752734e-28,3.3527024362232605,2.1656881365615943,1.0816670882668722
1139.0,42.78872334092743,3.300289318957477e-28,3.3296242654472805,2.174520837660342,1.0752612277005036
1140.0,42.46124082505989,3.132815886051834e-28,3.295450260070618,2.17120115010912,1.0705713241601482
1141.0,43.01757551571592,3.2266996774924713e-28,3.2920122718795524,2.1808000774147946,1.0783592717592712
1142.0,42.07523026028934,3.237097931297795e-28,3.1682993817303378,2.142842686066156,1.0657147924433226
1143.0,41.73039767587327,3.3116106767196844e-28,3.131877947884031,2.1279608956963885,1.0622576551613876
1144.0,42.83238680244831,3.130859076330486e-28,3.197422973476759,2.16333338287257,1.0698582312597538
1145.0,41.52611231809196,3.8191994342880055e-28,3.0634351098049666,2.1191261114736446,1.0555497474938436
1146.0,42.32115353133763,3.6929791978937394e-28,3.072728879967243,2.1483542712103794,1.0512589065701419
1147.0,41.79907062742083,4.4397976467478125e-28,2.9927134735587244,2.1271590481190943,1.0580101705645404
1148.0,41.80884546562833,4.762647446270071e-28,2.9829503149974297,2.1283714621120873,1.0561564771917633
1149.0,42.396812213558626,6.298335960089373e-28,2.997620733944195,2.1428143773398016,1.0501602380666861
1150.0,41.15876433453704,8.40340843223559e-28,2.8768859411637173,2.0871331159251425,1.0373822184932195
1151.0,41.15647440684435,8.74821883671058e-28,2.8503136489384473,2.079086016256575,1.0235848204613578
1152.0,41.3680717493741,4.15010882219575e-28,2.863045976913984,2.08780255930676,1.0230416650908496
1153.0,41.08624969135013,8.467855829637007e-28,2.8015875749474612,2.070658037281847,1.015089679898845
1154.0,41.14900963381646,8.56091405866397e-28,2.7659905966522014,2.0783572318818067,1.0244753509702185
1155.0,40.7822636625093,6.351693738194159e-28,2.7203648780160794,2.0685803133997105,1.0255090458839933
1156.0,41.10726553919056,4.928929949737826e-28,2.7287361626504856,2.095338284802018,1.035162000725854
1157.0,40.69249257335859,4.371070669432971e-28,2.6676588446163554,2.072566661029391,1.0234542070644133
1158.0,40.695787148592466,3.9313612648124992e-28,2.628302353295767,2.062570678667275,1.0193962439099666
1159.0,40.18300152593874,3.7141019410155727e-28,2.5829716576534985,2.042659058653925,1.0190549592593174
1160.0,40.27655390510194,3.0298330932823503e-28,2.5479453943318,2.0485468092570285,1.0177180335103369
1161.0,40.418863128304075,3.4378009021225513e-28,2.543702800778496,2.051900183124331,1.0253139860371574
1162.0,40.5028977217027,3.3612375341592314e-28,2.536002875819534,2.052725384062845,1.0200998348418282
1163.0,40.01015487153334,3.243633575275918e-28,2.452331290346909,2.0355093718887525,1.01531479117657
1164.0,39.64584573741902,3.0586270917612953e-28,2.4019161453778377,2.017001936762174,1.01679012985998
1165.0,40.13208926635423,3.357211645058947e-28,2.4295017134966,2.0364308545809804,1.0132227164020347
1166.0,39.66184417229008,3.3550384369661026e-28,2.356542972353946,2.008879559473206,1.0095944961206909
1167.0,39.898846994535404,3.2866369362588703e-28,2.3580880706123044,2.0329325822963455,1.0241686231892582
1168.0,39.20718141787249,2.688111021133738e-28,2.2990156287987746,2.007105144745088,1.0108389502345592
1169.0,39.14201603772442,3.399534930642875e-28,2.2734223655891777,2.0033219381114464,1.01807375805583
1170.0,39.79269946329204,3.1913227023486173e-28,2.291158580637322,2.018317558105065,1.017719404997096
1171.0,38.61455336433934,3.173044385137392e-28,2.185577740178998,1.9731911522709904,1.0123387197677451
1172.0,39.11298178416122,2.8987356155919684e-28,2.1871026497023887,1.9909350595796094,1.0092954606971514
1173.0,38.9051536295944,3.025777209901935e-28,2.164623628159437,1.9898766284262717,1.008033538719764
1174.0,38.846642964136706,2.881423062959497e-28,2.1328200874033265,1.979781943012663,1.0104469892824772
1175.0,39.22952442105639,3.0780792282361954e-28,2.1372492904029388,2.0009502643023875,1.0097309544358632
1176.0,37.898551376595655,2.5221050395092597e-28,2.038550971373116,1.9656947337531918,1.0037239261008053
1177.0,38.60167708214873,3.1184332571059605e-28,2.054370746153878,1.9695434503947047,1.0119865395962242
1178.0,38.77542163018526,3.2163166827754532e-28,2.0448938108183907,1.9870304775049639,1.0093408221227333
1179.0,38.17506642803071,3.128796352457338e-28,1.981021035780794,1.9632554201697323,1.012607403281251
1180.0,38.34382255940052,3.088569689206177e-28,1.9855401568158595,1.9682218633066473,1.0136532106493823
1181.0,37.7216091534207,3.3535301678907367e-28,1.9111178837836098,1.9421951643159197,1.0081422589881348
1182.0,38.38694610516083,3.692526807838445e-28,1.9382784119696197,1.9660815058502834,1.0100563847220778
1183.0,37.85876710732793,3.6369900734455277e-28,1.8835981211449662,1.9396545814179627,1.0117267393597171
1184.0,37.664534734005436,2.8162359886374583e-28,1.8424810883848681,1.9439367045470877,1.002104917081056
1185.0,37.39528907598197,3.592749064019311e-28,1.8228337072137981,1.9225450574560623,0.9980788863054965
1186.0,37.750769394845314,3.7373964223592207e-28,1.8266928787563603,1.9399126677219178,1.0071690650465333
1187.0,38.272303731087575,3.4731299726529047e-28,1.8140896710307268,1.9508401291627144,1.0028781925252481
1188.0,37.22881631954738,2.9696506423336977e-28,1.7531351690257628,1.9185406533293514,0.9889356605118416
1189.0,37.12282955742802,3.0846174841448534e-28,1.7217434183245968,1.9099712131424271,0.9931354630284497
1190.0,37.19365351842247,2.949128794134754e-28,1.7099800562208893,1.906585284773632,0.9838029283514887
1191.0,37.14638670420871,3.0555044972856597e-28,1.699789222386277,1.9078950618095973,0.9778540112253147
1192.0,36.841470025149356,2.5013317189422755e-28,1.6609110843153885,1.9046902595992317,0.9787065786304301
1193.0,36.74121637946628,2.9785626780013495e-28,1.641439222036416,1.8888961234313006,0.9717166125872108
1194.0,36.76908975012277,3.0132889877888577e-28,1.6271909616229565,1.8937879534045918,0.9707233841170134
1195.0,37.00325664658384,2.989532819538249e-28,1.6149418910065618,1.8927096806770527,0.9615645872527455
1196.0,36.68990454785373,2.8785309557524857e-28,1.5864911801073105,1.8841393577924617,0.959660954399925
1197.0,36.46498993740298,3.0433541549209447e-28,1.5471439235018662,1.8699452026077308,0.9552215153126572
1198.0,35.868473872398845,3.077455457966974e-28,1.5080153618709216,1.8506103354846462,0.9568234335896905
1199.0,37.00759210247623,3.209622302214695e-28,1.5629409207679819,1.8937187675277107,0.9656301549810986
1200.0,36.01029186048004,2.5654335628496244e-28,1.4698925143686108,1.85775200327341,0.9537178367011664
1201.0,36.30881499245492,3.2638500919620774e-28,1.4867139818478523,1.8778102858979637,0.9623461180181176
1202.0,35.64689501579053,3.20659311270511e-28,1.4249620470241038,1.84101186448409,0.9488391764650776
1203.0,35.97598620302758,3.134548029970265e-28,1.4327253583223396,1.8493738120428986,0.9416680214397776
1204.0,35.856208788933,2.953954978332663e-28,1.4161126124598635,1.845259350238411,0.9479308633734708
1205.0,35.82078066993239,3.079769124833982e-28,1.3893678184813953,1.8486971699812964,0.9477763691768213
1206.0,35.89570689359923,2.9497391003678006e-28,1.3914586702191476,1.8364733942875824,0.9382476582364478
1207.0,35.143205247629766,3.3034320698301556e-28,1.3378263379818631,1.8184936220546075,0.9368276100453056
1208.0,35.48430388714166,2.697313054176953e-28,1.3427528954023331,1.825468843581749,0.9337645401334937
1209.0,35.37175557963103,3.3017268131860455e-28,1.321695519562145,1.825126226282889,0.932318651407376
1210.0,34.81244960141246,3.2106602970968764e-28,1.2726382416229935,1.8055066098483161,0.9183785015492621
1211.0,35.631240970215735,3.8012342913604643e-28,1.3035473849306007,1.8233456921248399,0.9334040241979673
1212.0,34.99675633879988,4.34291558939209e-28,1.2608536821381306,1.8070203482918956,0.9222854202007885
1213.0,34.98486175260648,5.3296559173851e-28,1.247338120103102,1.8054702317448887,0.9189402017314091
1214.0,34.79008555221213,6.500305868011061e-28,1.2307480550455385,1.785997246477246,0.9165175959974907
1215.0,33.98814463189986,6.237094390001693e-28,1.1761482636549854,1.7639368735830916,0.902620755324089
1216.0,35.39217574335351,3.2659946645281494e-28,1.2359152864003158,1.8013135258189485,0.9085404983207274
1217.0,34.27926471732667,5.629807984012196e-28,1.163346120154486,1.7625933763972506,0.9071545938980886
1218.0,34.63767736211972,6.067537494883851e-28,1.1751459470944767,1.77840655859488,0.9120837153820716
1219.0,34.33365614563356,4.960769594035035e-28,1.1427388528495275,1.776212522587189,0.9121071833833518
1220.0,34.27963436016737,3.8755356003910996e-28,1.1319896293243668,1.771259366956782,0.9079041227005026
1221.0,34.601594678687704,3.794854404038451e-28,1.1276913374912723,1.7772346618671238,0.9065936368158773
1222.0,33.65151779059065,3.286729010684974e-28,1.0784571955461435,1.7380637154049738,0.9006886828588583
1223.0,34.07656894264672,3.3746662670638305e-28,1.092471241404001,1.7491333349354112,0.9044071436493586
1224.0,33.836186406598536,2.696543618646136e-28,1.0663777571466853,1.7507525446226966,0.9101315066187265
1225.0,34.1864276007133,3.3062744399275237e-28,1.074124502702257,1.7575240834394494,0.9082452756037245
1226.0,33.46235377812707,3.0888014699943136e-28,1.0306630107702899,1.7357152040117907,0.9019168609509215
1227.0,33.327098959314036,3.0536297759317896e-28,1.009642669424151,1.7336426621144887,0.9040224155844444
1228.0,33.992562648164174,2.94409669599085e-28,1.0302427121232887,1.7427563910979051,0.9011997665465376
1229.0,33.221247000651985,3.2840481804706663e-28,0.9877610979490932,1.7180624826542623,0.8952782765831099
1230.0,33.59829924778305,3.2691737752513346e-28,0.9994893184878579,1.7289340364238002,0.8973434627682997
1231.0,33.14005031221464,3.244052384128563e-28,0.9638011116672871,1.72239111082981,0.9043406403060348
1232.0,32.88370551734718,2.601351672774871e-28,0.9439466760078649,1.7099907214534977,0.8962364871024805
1233.0,33.50330049577321,3.279981566375702e-28,0.9656705359260424,1.7332628335298075,0.9103133660589396
1234.0,32.43401653959816,3.151675882000091e-28,0.912514016072265,1.7021056792555564,0.9021534745502616
1235.0,33.04134556835726,3.094827673219632e-28,0.9321056896330698,1.7070165975580451,0.9001212640940013
1236.0,32.650477630251714,2.8580204609089753e-28,0.9004606893106856,1.6991228827075096,0.8891142111990977
1237.0,33.121794831173766,2.985508890718012e-28,0.9045697277352499,1.7142827366969176,0.9015182151647274
1238.0,32.779021241748715,2.968537342740808e-28,0.889011460874309,1.696342187304022,0.891437673161215
1239.0,32.10211121658816,2.990160246895366e-28,0.8534211600815995,1.6711489170088274,0.8849079679026487
1240.0,32.69363227540257,2.572295155955064e-28,0.8784172403367536,1.694526550698244,0.8970528241898602
1241.0,32.4642393358624,3.064624652109524e-28,0.8440325705658828,1.6796263086341137,0.894146275546461
1242.0,32.304999331843234,3.054218003277499e-28,0.8394467088377453,1.6785652970773162,0.8868849782015664
1243.0,32.351310975175736,3.090231275173063e-28,0.830369414541183,1.6751550431260926,0.8883187512645152
1244.0,31.55178660958372,2.912784810352126e-28,0.7929678721025387,1.651212529616493,0.8880707239016096
1245.0,32.603402131664275,3.5030859467230487e-28,0.8347905257242116,1.6722607005693897,0.8933244406617529
1246.0,31.938404733748328,3.756051696806459e-28,0.7927478020221617,1.649563769712865,0.8859674412350778
1247.0,31.77816177909758,3.833081087462194e-28,0.7882399187257405,1.6450476291027787,0.8919667601491166
1248.0,31.98647717049913,2.8356463837997065e-28,0.7813072564623176,1.6551545977221869,0.8867489812254363
1249.0,31.46707457591725,3.62525992402818e-28,0.7565950186713664,1.6295356793849265,0.8792930479077552
1250.0,31.937668598616845,3.7926807321913793e-28,0.7646945257942632,1.647771529476372,0.8869374600566021
1251.0,31.394295172630237,3.5976947385142443e-28,0.739209612600319,1.6337602889269647,0.8776387853916386
1252.0,31.379384837323588,3.0344449693692246e-28,0.738999132213116,1.6261197487486796,0.8719123799367066
1253.0,31.23074062618871,3.0810226497446186e-28,0.7247203037650028,1.6206337763719683,0.8745905031390286
1254.0,31.38243877271235,3.0649408623998544e-28,0.7263603559035181,1.615761057612954,0.8610755676266294
1255.0,31.406810145800595,3.2141387062653916e-28,0.7129247424844778,1.6177669151234986,0.8649068103165263
1256.0,30.9626447635071,2.5909838004839386e-28,0.6905549900268348,1.6087675953761482,0.8628031824221365
1257.0,30.864814397923787,3.0400503867323474e-28,0.6977931251315429,1.5958817167768546,0.8572481473290801
1258.0,31.051811231729253,3.0435869658505056e-28,0.6831175225774697,1.6121425065762478,0.857099512326649
1259.0,31.225683206706695,2.984128578495076e-28,0.6904951990688126,1.612648717523289,0.8514722554659899
1260.0,30.617898085311268,2.9571696834871633e-28,0.6638857528974804,1.5923459099799464,0.8424991086036878
1261.0,30.71056419522904,3.227449788236694e-28,0.662481593852285,1.5897858355264813,0.8431276672253689
1262.0,30.67758641959935,3.3410797983675117e-28,0.6577880097261637,1.593469842153812,0.8441470667097161
1263.0,30.513286202671694,3.365463194516785e-28,0.6407372368162544,1.5886379225645222,0.8477393205071867
1264.0,30.508119437408265,2.7851129543589606e-28,0.6519386629138498,1.5799881292144635,0.844656237062968
1265.0,30.03784710979803,3.4665014265742047e-28,0.6193276914407698,1.562175298402787,0.8357697799567252
1266.0,30.258101994742887,3.4418262053851093e-28,0.6323033179735082,1.5677616535313548,0.8344662240029137
1267.0,30.52590989895109,3.4463798213433855e-28,0.618718519922419,1.5629088537086755,0.8249183777198529
1268.0,30.068786235020667,3.2624781002662893e-28,0.5989481693557938,1.5517868711898055,0.82207018432394
1269.0,30.523224670292343,3.624011202030427e-28,0.6230808826915377,1.5699321271172246,0.8321968304221669
1270.0,29.586405334762816,3.6026246741624963e-28,0.5812693103851683,1.5347972338551188,0.8176933607060488
1271.0,30.23402927738242,3.6799249627057842e-28,0.5985083373531837,1.5412775381479333,0.8150766010445012
1272.0,29.54179320812348,3.4793700787690254e-28,0.5737586895615019,1.5260705272626953,0.813179516497855
1273.0,29.855303075600162,4.288734936438949e-28,0.5652631900790527,1.5293452386115403,0.8124080230105887
1274.0,30.02232465024716,4.600772147470918e-28,0.5816621732393873,1.5340172424233431,0.809812849285007
1275.0,29.390971452616032,5.543888243579466e-28,0.5432154786052772,1.5161252952942597,0.8139567881993041
1276.0,30.132238669807162,7.930409274870063e-28,0.5685607691187095,1.5273969391985918,0.8061698383811894
1277.0,28.9428243530385,1.1191404555450446e-27,0.5278159434125141,1.4990075249850454,0.8047401985646119
1278.0,29.537016435736763,1.635441672435314e-27,0.548039058507748,1.5099917486024217,0.8089314563042904
1279.0,29.72574800644246,1.2845839406358434e-27,0.5420565790949576,1.4999347965709018,0.7910761906327938
1280.0,28.84192070517396,6.4830176553838755e-28,0.5093847117298407,1.4728287852584085,0.7849985301761288
1281.0,29.67282925453726,1.3631765972771597e-27,0.541206771869103,1.491228472397949,0.7902572820088423
1282.0,28.76841306678584,1.630234697369999e-27,0.507000758159248,1.4770294644595916,0.7921031374731723
1283.0,28.947029390718377,1.1939034283729829e-27,0.514871113682943,1.4740893437953235,0.7886045743320592
1284.0,29.35488328537601,8.803622767333996e-28,0.5109786993734718,1.4780406152119034,0.7853268103333249
1285.0,28.693448649837936,6.511562309985883e-28,0.48423495375399644,1.4653331823220717,0.7822746788445524
1286.0,28.95365979971447,5.5060189494254065e-28,0.5048610252815837,1.4599104561167722,0.7800725810203631
1287.0,28.520919891649065,4.960595103874927e-28,0.4774520405730417,1.4463232662011414,0.7755339949141796
1288.0,28.899980304716802,4.018827577388925e-28,0.4926161743054095,1.4540499172895633,0.7844249791439154
1289.0,28.724058498210773,4.1395695443809325e-28,0.4802121723928351,1.4443467439887445,0.7808106262826526
1290.0,28.168908314124046,3.993982113550709e-28,0.4636948145852917,1.4283360771007205,0.7787868795833266
1291.0,28.462906164511605,4.019415656793053e-28,0.4737403643080425,1.4399062877805777,0.781227656981586
1292.0,28.726707795363627,3.6251477664037446e-28,0.45411095981376287,1.4332605489196055,0.7806651313943275
1293.0,28.539611291060847,3.7286831524840305e-28,0.4662834297063776,1.4309022224519348,0.7787148809141258
1294.0,27.96079706950926,3.745527170179206e-28,0.439617001605502,1.4188565322300455,0.7745393246080634
1295.0,27.915838793774814,3.9411271791293396e-28,0.4431406794365167,1.4154276969731032,0.7809209774960345
1296.0,28.314143719888587,3.085340490450269e-28,0.4410206599259942,1.4257563401991478,0.7821100574015719
1297.0,27.997213784994354,3.705842305093952e-28,0.4273482908911307,1.4054654782770584,0.7835559014504692
1298.0,28.42466699288043,3.6589759320551577e-28,0.4458188333058214,1.414013161403827,0.7828184557184024
1299.0,27.6578056161243,3.4312558839641035e-28,0.4168235861723508,1.3850941374243937,0.7750312069771778
1300.0,28.082733760119705,3.255129521435221e-28,0.4299562266845081,1.4025022018048832,0.771497043387734
1301.0,27.844407564393734,3.313991729650744e-28,0.4143950504300234,1.3835045944676725,0.7737919072902786
1302.0,27.763325936384657,3.403290225566774e-28,0.40759624831737296,1.3830043887096406,0.7760490395547381
1303.0,27.706614761446016,3.413638192253281e-28,0.41604420248826535,1.3754785592258931,0.7706682697567083
1304.0,27.285564724606388,2.811411530773667e-28,0.39272313409989257,1.3659090180238818,0.7735261023662807
1305.0,28.10580777204642,3.4325189862546174e-28,0.41409093630070937,1.3807619724922295,0.7766023467921053
1306.0,27.315886888165767,3.256707936139843e-28,0.39048692732445267,1.359984095771664,0.7708051913672839
1307.0,27.170867609306562,3.2890943877822073e-28,0.39000819870886394,1.3557208523821618,0.7731826703200997
1308.0,27.355622869891448,3.2846826176153143e-28,0.3903462216794663,1.3581727094025278,0.7749541184618935
1309.0,27.27189209081301,3.537776839808553e-28,0.3737923116123287,1.3425706140325813,0.7698734402121695
1310.0,27.62228010186428,3.939407070719066e-28,0.39292365692978815,1.3481686425772856,0.7757492070539519
1311.0,26.999563010741344,3.8388500977872653e-28,0.36889577005710456,1.3290648614763925,0.7710477921749458
1312.0,27.119443688265847,3.0370864452665795e-28,0.3773816232869525,1.3343315929303707,0.7669833713085674
1313.0,27.064549635438485,4.011537163501742e-28,0.3664511146024691,1.3244421469811303,0.7670189176281239
1314.0,26.584690216088983,4.0072388968122175e-28,0.3519299049397226,1.3123172813050916,0.7643409007168248
1315.0,27.070259326570323,3.6592596754989166e-28,0.3750964637789814,1.3176890854732317,0.7620594522057267
1316.0,26.756346723368274,3.163088210413651e-28,0.34633079559401586,1.3108428978028441,0.7628435552687958
1317.0,26.982774017248133,3.346715773340622e-28,0.36084773858498315,1.3064232708395398,0.7609423222663806
1318.0,26.872839261614107,3.2115306234476684e-28,0.3444595682710005,1.3005466622557753,0.7555683352231426
1319.0,26.71262707029952,3.2024790300707753e-28,0.34227374591807724,1.2925047839309178,0.7497434885537185
1320.0,26.642699987425985,2.727480987846529e-28,0.3469986066062568,1.2906044979991753,0.7498892173480161
1321.0,26.17834326943395,3.1886881902336728e-28,0.3259385158128266,1.2701642388649488,0.7444183463250102
1322.0,27.03118380036706,3.133700691410333e-28,0.3469847593566271,1.2870803382381928,0.7461401775461793
1323.0,26.591587268955617,3.1084447836235444e-28,0.3241073196205973,1.2706811958214885,0.7385867321238436
1324.0,26.56301033376011,2.935685489185137e-28,0.3313281495690091,1.2684584196159907,0.7331141540208257
1325.0,26.091038224790072,3.3113632516051145e-28,0.32134611593149065,1.2440321200128397,0.7304284201969392
1326.0,26.3409804805435,3.307839629111293e-28,0.309267571010469,1.2533679915293954,0.7318899171410918
1327.0,26.305902007764583,3.582794042573247e-28,0.32776192224758993,1.2447518189593791,0.7370507071453011
1328.0,26.183179512359853,2.7413903159331853e-28,0.3068708720179965,1.2421074847612572,0.7332701317525704
1329.0,26.26987638480759,3.512669948384771e-28,0.31438515826126084,1.2396869403634807,0.7327924828310575
1330.0,26.038771260177306,3.356419476576963e-28,0.3054511563357457,1.2231159516431744,0.7262693347634164
1331.0,26.166614645670197,3.3206973199457185e-28,0.30221741025994225,1.2175742104583436,0.7233293545496696
1332.0,26.058580577658727,3.0509595604607585e-28,0.30626685160571965,1.2149166385765584,0.7207152610091603
1333.0,25.82103895623954,3.225732236801926e-28,0.2891254628684152,1.2004212274923227,0.7181637076215831
1334.0,26.30943091182527,3.3713107156068855e-28,0.30233797259400186,1.203250600892079,0.7179328742853204
1335.0,25.93276096139747,3.3033669912731666e-28,0.2905132552064756,1.1899713056006989,0.7160950342554366
1336.0,25.802248518844895,2.88201818451708e-28,0.2880336355393258,1.1795307839816145,0.7113887370465934
1337.0,25.904938198732616,3.480969212240794e-28,0.2886614249411269,1.174563874838682,0.7113091907066699
1338.0,25.521895058585482,3.3808302030680905e-28,0.2742978850176056,1.166910094410192,0.7030737760166786
1339.0,26.01268207051752,3.776477363494013e-28,0.28686690775566037,1.1704082521866181,0.7073147930147445
1340.0,25.62814688012765,4.1515929376462915e-28,0.27093232766141073,1.1570393223760302,0.7011748368795796
1341.0,25.785412057735588,5.139436002383572e-28,0.27681006594443686,1.1522771521659656,0.7018311681596993
1342.0,25.609919306233763,6.713210165875802e-28,0.26865658265467857,1.1381167378196175,0.6983918503211952
1343.0,25.441941349195204,6.8725058940861555e-28,0.2564871703583435,1.1285975438839024,0.6887254742209992
1344.0,25.76505214923743,3.419091164347862e-28,0.2732390826326316,1.1334467529460772,0.6962888882904881
1345.0,25.356030646420628,5.85890037650439e-28,0.2564210280869981,1.1186622886990618,0.6906788809749962
1346.0,25.66838172252244,5.779798396191704e-28,0.2673036764286104,1.1212343901554593,0.7015444880055868
1347.0,25.527833678042906,4.876496912954395e-28,0.25205980351744145,1.1177342202157885,0.6954381424133933
1348.0,25.55686446130827,3.961903216266827e-28,0.2524626743749255,1.1064942704558896,0.6901481665817858
1349.0,25.46461580410633,3.7945372640708e-28,0.2507656204016225,1.1022384478436185,0.6923234148629673
1350.0,25.203014922483494,3.3693538362644545e-28,0.24021826903241095,1.0899363222204268,0.6843404514038314
1351.0,25.66358686167554,3.517403405340085e-28,0.257164322578098,1.086667126849604,0.689132598065113
1352.0,25.38807169184939,2.941325817580517e-28,0.2415261170318741,1.0794128286374465,0.6912425084649518
1353.0,25.484937142992955,3.4344504758196427e-28,0.24327133695072592,1.0755474727393,0.6901389749224026
1354.0,25.218820085816727,3.1904340323071975e-28,0.23543675918923357,1.0661994562483093,0.6888559907252317
1355.0,25.08645000844362,3.192655499822359e-28,0.22948930643673165,1.0512411876614567,0.6837859863439771
1356.0,25.68993479825248,3.0849030182634756e-28,0.24325802330797322,1.060501582762044,0.689291295553941
1357.0,25.503514454591873,3.332596846670378e-28,0.2255953194223612,1.0498726148606767,0.6844546604570724
1358.0,25.46219828806435,3.470416766761726e-28,0.23214208205992948,1.0418260542643683,0.6874296021406744
1359.0,25.469093108666694,3.4160821796856866e-28,0.21908064318791434,1.038698722457141,0.6911241951071293
1360.0,26.03208053113879,2.8042021233359345e-28,0.22495922256173997,1.0385532839889169,0.6889149337270815
1361.0,25.550282803615804,3.3340462498568514e-28,0.22120575141914464,1.0198553068546656,0.6890000686939913
1362.0,25.618241090486674,3.3483475418541042e-28,0.21043891247372684,1.0117319080075766,0.6883394158353333
1363.0,26.11099510127276,3.343380945940227e-28,0.2231584641928038,1.0071263586596766,0.6906921529354396
1364.0,26.051199518509662,2.9553426257784162e-28,0.20874524625632396,0.9999637065869197,0.6801138706844615
1365.0,21.920961911676287,3.210094032250888e-28,0.21364676519130352,0.994658241939074,0.6840808919751509
1366.0,3.1406472425278414e-28,3.0564312812733903e-28,0.2065273319814317,0.9792525656917087,0.6841782193057823
1367.0,3.069804287626498e-28,3.125875241509301e-28,0.19973937140403936,0.9692669714213357,0.6814924162748242
1368.0,2.7597846610984096e-28,2.693799574826503e-28,0.21322321947648232,0.9678056115699053,0.6821495883901432
1369.0,3.160135298669831e-28,3.1348802579881053e-28,0.19519041731032316,0.962625839241142,0.6860448259450456
1370.0,3.129309929963946e-28,3.084431601670894e-28,0.20406319201528647,0.9530332283601456,0.6770073139869957
1371.0,3.22906487912726e-28,3.248334884601752e-28,0.19509956948839943,0.9447677529283054,0.6810830483586063
1372.0,3.1864485034848115e-28,3.033219360857994e-28,0.18930529876483135,0.9394029133074843,0.6808799010475753
1373.0,3.61184809154109e-28,3.643661879630713e-28,0.2012110795112563,0.9426005208593183,0.6794920335622624
1374.0,3.920839871930772e-28,3.8272182286031417e-28,0.18346232741807555,0.9253806799554013,0.6793584662452836
1375.0,3.8099426616140156e-28,3.9216869724583395e-28,0.1914640609714444,0.9191700472592275,0.6796617420209482
1376.0,2.9988579211454195e-28,2.894056315197271e-28,0.18145664126517042,0.9152369927487156,0.6727582499808148
1377.0,3.8598581283221767e-28,4.0056485555859213e-28,0.18354562898917678,0.9103703149894349,0.6762494444492887
1378.0,3.975090880628406e-28,3.783749725714668e-28,0.18476181605930098,0.9135129157275738,0.6787843444226429
1379.0,3.519758205924467e-28,3.593210803964816e-28,0.17376783676481586,0.9021777898620283,0.6740642920889032
1380.0,3.1914753993961762e-28,3.1144607079460034e-28,0.18266869884746606,0.9030458144530402,0.6690128294715996
1381.0,3.4256454562713395e-28,3.3545122075271966e-28,0.17223849800147342,0.8965779344111708,0.670757679232733
1382.0,3.0729802473626575e-28,3.051937093115291e-28,0.17530338834542752,0.8883917687488991,0.6597895463480665
1383.0,3.2586326647728736e-28,3.2439240342273857e-28,0.17142381976485732,0.8887001714405208,0.6595857374043483
1384.0,2.793417006416787e-28,2.6313178978734248e-28,0.16225261553390516,0.8842808352158058,0.6660719888679796
1385.0,3.316042908777085e-28,3.1682778563224436e-28,0.1736325364086307,0.8762146266921058,0.6587642708521579
1386.0,3.1411294701529765e-28,3.081534325831141e-28,0.15960598060727058,0.8774417722456761,0.6557324308804301
1387.0,3.211928803735087e-28,3.23539383993994e-28,0.1690449358072602,0.8692478524313197,0.6492753827756167
1388.0,3.0308735247631566e-28,2.939217206329011e-28,0.15968528536153337,0.8652456894217398,0.6445737977133982
1389.0,3.3289372098914136e-28,3.3481533195557653e-28,0.1582854350851596,0.8585277049500109,0.6447813847159864
1390.0,3.4461631750789535e-28,3.3701828263482455e-28,0.1600561075016219,0.8688860939535235,0.6485229474756552
1391.0,3.493127050579444e-28,3.467859975741686e-28,0.14863593317886636,0.8569440162236761,0.653368984215798
1392.0,2.8498934794198544e-28,2.7390653286264895e-28,0.16252000228729976,0.8538758663502811,0.6432032044559183
1393.0,3.4124262405166667e-28,3.455677914281312e-28,0.15199185589743963,0.8508601108481515,0.641702166409684
1394.0,3.4890189346408977e-28,3.437858535500456e-28,0.15290387981331185,0.8459892318651033,0.6416665668339353
1395.0,3.4441150277386983e-28,3.4221260355296294e-28,0.15087430724744913,0.8386028986190728,0.634607372632917
1396.0,3.249408747554231e-28,3.0732450240327178e-28,0.14095678299589914,0.8411425097826308,0.6376114126216492
1397.0,3.456989849577154e-28,3.3683841370067237e-28,0.1540814263089368,0.8372442848871532,0.6310493307363201
1398.0,3.377286005001195e-28,3.344405982374892e-28,0.14014891112142386,0.8322148441790505,0.6314548705630605
1399.0,3.6075975882865802e-28,3.6228484496004896e-28,0.14604210939515316,0.8249385488695465,0.6295933439070612
1400.0,3.757993505761917e-28,3.1650923025911382e-28,0.13832508395432105,0.8234788536719866,0.6269562176785093
1401.0,3.7372274832553773e-28,3.9326787762624066e-28,0.13660947670286652,0.8199282909817883,0.627624636555964
1402.0,4.1889430059134e-28,3.9031487553401887e-28,0.14141958255099482,0.8223400958086883,0.6243696214174318
1403.0,4.371100987080668e-28,4.776148948222178e-28,0.13343861648761407,0.8193371868153849,0.6231097439353644
1404.0,5.7925538207588545e-28,5.353069483834958e-28,0.13736669727723144,0.8116372908935596,0.6197952754021303
1405.0,6.421322179321638e-28,6.719316841068973e-28,0.13033525470420362,0.8123657935083858,0.6206640949904524
1406.0,8.152660300002587e-28,8.862584689291093e-28,0.13194849020530697,0.8038255909980876,0.6173404054742551
1407.0,8.874066528697763e-28,8.858590922811339e-28,0.12957334433170564,0.7910066907191151,0.6056483929890542
1408.0,4.524070948761352e-28,4.571409793022182e-28,0.12431679283139535,0.792636447780223,0.6088455771158727
1409.0,7.85846152346546e-28,8.187261931192284e-28,0.13178903545568335,0.7911092802980041,0.6081349274080305
1410.0,9.156413644874401e-28,8.26609592448551e-28,0.12270045649796911,0.7875537196712442,0.6115435302577658
1411.0,6.969316869460482e-28,7.135127075404618e-28,0.12587209020916285,0.7941083680333666,0.6117701903060633
1412.0,6.3669211992686095e-28,5.164624095996218e-28,0.12018810887531252,0.7893027917246342,0.6097699108902841
1413.0,4.661447908741213e-28,4.551844722742084e-28,0.1146324335917525,0.7870967750509016,0.6082063955828027
1414.0,4.6498533539097145e-28,4.0055169382015205e-28,0.12485553216469808,0.7933814930272095,0.6080383396063325
1415.0,3.9790764133643347e-28,3.8965930356789536e-28,0.11400567848687093,0.7856172370361524,0.6130130811625818
1416.0,3.651648763680047e-28,3.2154198827660837e-28,0.11931895888551985,0.7830893375177904,0.6105959377363868
1417.0,3.7521832875422285e-28,3.701130390793996e-28,0.11181977386527032,0.7791670055313343,0.6089200065154736
1418.0,3.46750981852736e-28,3.453841187143399e-28,0.11220840792936043,0.780234391549344,0.6098015361295182
1419.0,3.538083122875355e-28,3.441521806256501e-28,0.1154776825888878,0.7782282563519206,0.6075341782494708
1420.0,3.459883914962296e-28,3.2479528920958487e-28,0.10653173433041911,0.7781280890560122,0.610483177857606
1421.0,3.615712017822293e-28,3.596508960828489e-28,0.11421768920099767,0.7789694332965728,0.6088998474961836
1422.0,3.5842069238145867e-28,3.511962562745907e-28,0.10454158498294232,0.7766009500849783,0.6097102805373078
1423.0,3.4465759315663523e-28,3.5237400341262548e-28,0.10738854144277815,0.7832054783472232,0.6157620425963299
1424.0,3.047035744504057e-28,2.900233123475706e-28,0.10453875706877166,0.7736809046312932,0.6122233154349982
1425.0,3.335681194681269e-28,3.445060786552341e-28,0.0997620455103324,0.7741990703700621,0.6173742995957747
1426.0,3.6868299834364204e-28,3.554863308516356e-28,0.10606737191564167,0.7745692292768624,0.6146557722171433
1427.0,3.4420492612955525e-28,3.397950793174211e-28,0.09834338155625905,0.7698348020227597,0.6123177559742939
1428.0,3.208105752047572e-28,3.1363301540812143e-28,0.10218200838168304,0.7757855250042658,0.6080457792269409
1429.0,3.2754660322494503e-28,3.3454156742672423e-28,0.09607252683897122,0.7659472955876981,0.6094848014460483
1430.0,3.176773893384522e-28,3.101555405910629e-28,0.09663037086694828,0.7757472604556277,0.6149021752740904
1431.0,3.3740321573381895e-28,3.335707530378821e-28,0.09744645185469258,0.762262377217914,0.6074352793216863
1432.0,2.8213303204184543e-28,2.77381105850907e-28,0.09072313831698856,0.7681548821312267,0.611156077522582
1433.0,3.452571865333436e-28,3.3819139331583344e-28,0.0959305810566751,0.7629913992797752,0.6129785366074871
1434.0,3.091917177597249e-28,3.094498646862244e-28,0.08917692964918493,0.7639315275856907,0.6078690822178813
1435.0,3.363356234645137e-28,3.350278894589475e-28,0.09163002272309281,0.7626325958712257,0.6100031627458466
1436.0,3.3407854874800687e-28,3.24528991382396e-28,0.09015109489492369,0.763863710578263,0.6126404220050441
1437.0,3.6568251374242577e-28,3.5776620076451106e-28,0.08347309069257591,0.7576149450740166,0.6078723734894801
1438.0,4.068938063402761e-28,4.064088867415267e-28,0.09095974208648949,0.7601054973782558,0.6158988779578103
1439.0,3.8286923598537825e-28,3.7944583568943898e-28,0.08425317133049416,0.7576593495990595,0.6122403140679253
1440.0,3.2451752825185804e-28,3.11851071440851e-28,0.08578516843592571,0.7609571908521606,0.6075837607561971
1441.0,3.7272145489454188e-28,3.847336914150498e-28,0.08257837246216722,0.752754039405085,0.6081450073957997
1442.0,3.8173534025065338e-28,3.868261801100289e-28,0.07844305834672011,0.7583303683845847,0.6100696261009333
1443.0,3.797913030713555e-28,3.813299372521315e-28,0.08511317490331505,0.7526759724927039,0.6066221450680955
1444.0,3.149102032264452e-28,3.14611686274727e-28,0.07694866633364415,0.7633315020344301,0.6123086588284786
1445.0,3.4033580374814755e-28,3.405976462945224e-28,0.0805293559318238,0.7531341047144806,0.6034985515779074
1446.0,3.3169405635811137e-28,3.1445400350957023e-28,0.07695243605863342,0.7583944595022543,0.6068758364268281
1447.0,3.358815922838937e-28,3.3885031495553937e-28,0.07689054935494745,0.7528830685256602,0.596861726835898
1448.0,2.7489404621861434e-28,2.6888434448320124e-28,0.07498825296278624,0.7514862958859286,0.6004972799249008
1449.0,3.1322335004100877e-28,3.081594441138123e-28,0.07164116339983959,0.7497145881409436,0.5945018732581594
1450.0,3.2992509527713667e-28,3.3107764567244505e-28,0.07596734230809667,0.7524146694422242,0.5929680082015796
1451.0,3.165666783586576e-28,3.151276679910224e-28,0.07052773654815682,0.751417898086558,0.588507572235206
1452.0,3.1449291980381188e-28,3.09479902086843e-28,0.07185817940670537,0.7463866424748486,0.5819459289225675
1453.0,3.2439070873507304e-28,3.2427358318258603e-28,0.06986043013423389,0.7496632881462901,0.589922942639052
1454.0,3.3905340329178297e-28,3.3004587743040644e-28,0.06551877997651348,0.7508014694238119,0.588383128706408
1455.0,3.510070324851786e-28,3.610476820822681e-28,0.07101119828998426,0.7477961235104544,0.5938592735301347
1456.0,2.8298520437852085e-28,2.7274962380015323e-28,0.0653712237023748,0.7464443546188646,0.5856459012716052
1457.0,3.6260663095627126e-28,3.6789735638110205e-28,0.06746326473312242,0.7463500945905766,0.5846718898911389
1458.0,3.459869817997097e-28,3.4112846335070934e-28,0.06431649819182242,0.7438165603353886,0.5859379078500816
1459.0,3.4463439084360763e-28,3.3643665242446827e-28,0.06342549356790694,0.7424584169413708,0.5827418710577935
1460.0,3.2494366725656525e-28,3.1939732963225767e-28,0.06391939813579305,0.7418316752951243,0.5792345576598429
1461.0,3.220428279413245e-28,3.171219868343435e-28,0.06052029144261975,0.7411103616287048,0.5773913344320707
1462.0,3.39806851700897e-28,3.4073830383482405e-28,0.0631627671643355,0.7392527996989154,0.5749184813169355
1463.0,3.550924268018882e-28,3.432684193438823e-28,0.05827970143186536,0.7348166996102066,0.5760593227333405
1464.0,3.239574377769442e-28,2.9482313255522897e-28,0.06043348645856091,0.7381246729642296,0.5755481864506534
1465.0,3.5744322346657926e-28,3.5653544366680006e-28,0.05868145354825072,0.7319105561931372,0.5732931203054025
1466.0,3.56822492613767e-28,3.4856455151273616e-28,0.05529636616278975,0.734541427652209,0.5664040152739601
1467.0,4.530901297275376e-28,4.0317057840579164e-28,0.05970387256141993,0.7343112444970755,0.5675287302956111
1468.0,4.507681219483017e-28,4.108938141765923e-28,0.05418183337992356,0.7324821349780897,0.570387025573822
1469.0,6.004470169881051e-28,5.1642305870960035e-28,0.05644822286048082,0.7308793573906367,0.5662617401468307
1470.0,1.089334160337369e-27,6.375672075203388e-28,0.05383790890622617,0.7245251607251221,0.5632777905513248
1471.0,5.583271407117305e-28,5.916443737567559e-28,0.05295277992151731,0.7253800231490338,0.5599123413592032
1472.0,3.7696790246241937e-28,3.5840626414255555e-28,0.05456829354977061,0.7268481380863185,0.5623815078598206
1473.0,6.852982454227838e-28,6.097247103523636e-28,0.04967105030818675,0.7207943968896552,0.5597331673679835
1474.0,6.176328703735865e-28,6.4462542663242095e-28,0.05409408345126465,0.7263787213535252,0.5656818896281287
1475.0,5.681400869766745e-28,5.110002673312482e-28,0.04910007470817621,0.7231547258681996,0.5588890694059706
1476.0,4.3186807820964265e-28,4.186927267709239e-28,0.05027431503818734,0.7264447175516504,0.5582373218621179
1477.0,4.157213718371447e-28,4.235171241824004e-28,0.0495480929559679,0.7251001000649816,0.5605339248114509
1478.0,3.891370069993048e-28,3.6247113130683448e-28,0.04620595873482965,0.7257856112821632,0.5570998995884276
1479.0,3.7100603539117162e-28,3.6668332076862153e-28,0.0497510119015364,0.7231396686502771,0.5633053142816611
1480.0,3.256955814998564e-28,3.1068328694023004e-28,0.04502585067040015,0.724197388759479,0.5650563669642282
1481.0,3.51583600764218e-28,3.4555383205449622e-28,0.0465424454332475,0.7209708315466152,0.5604775559082011
1482.0,3.458381531155525e-28,3.311692037170532e-28,0.04485252279414364,0.7210033901218403,0.5610443265965007
1483.0,3.4558297077062096e-28,3.4917900174925623e-28,0.04235077145077556,0.719575176528539,0.5595759138339943
1484.0,3.2459683929480487e-28,3.2033463919510754e-28,0.046263863583627655,0.7222472117316115,0.5604986585173354
1485.0,3.492557690980673e-28,3.5822429454717856e-28,0.04195585950904467,0.7211603070545684,0.5592976448355516
1486.0,3.5737064593537947e-28,3.4785578231629597e-28,0.04361481785876259,0.7193092223506912,0.5596995470087718
1487.0,3.5725142662028527e-28,3.6472962494909857e-28,0.04169023452431783,0.7277185942977611,0.5643737007477949
1488.0,3.0653615792762643e-28,2.902107235286109e-28,0.04133033149609872,0.7272988907262316,0.5660934021023932
1489.0,3.473206198664979e-28,3.5180056172455563e-28,0.04118750416917358,0.7239430460408411,0.5677667376360774
1490.0,3.503248234672097e-28,3.6096157702409647e-28,0.03830697758385665,0.7222777614481601,0.5661506396327737
1491.0,3.571312108628422e-28,3.475625178271919e-28,0.04066960665428187,0.7209810662221595,0.5639547292177445
1492.0,3.1964273365939963e-28,3.1753544195917015e-28,0.03796353936577989,0.7216012125361754,0.5569807392946278
1493.0,3.3441696459148426e-28,3.4874031516385874e-28,0.037871135397414414,0.7157549056424821,0.5583317504018552
1494.0,3.3399450638774743e-28,3.354724558553613e-28,0.037147007455058244,0.7163395159661817,0.5577760537417102
1495.0,3.3216215535654e-28,3.3553320792820837e-28,0.034841316031407395,0.7170349441397422,0.5583448740086063
1496.0,2.9461226423064663e-28,2.9019947589258032e-28,0.03818253865924766,0.7186934646101215,0.5611915843469852
1497.0,3.3222976328940634e-28,3.3259667458706325e-28,0.03438142467912699,0.7195908379136808,0.5651101616152048
1498.0,3.51704977011914e-28,3.320250496868591e-28,0.03586346994585225,0.7144274250938757,0.5567063674681989
1499.0,3.561442696104479e-28,3.5673120881393755e-28,0.0335009158336055,0.7126939545932695,0.5598887336017987
1500.0,3.3979502555900127e-28,3.4603724142030008e-28,0.03333510901837922,0.7147663810303776,0.5596726827971618
1501.0,3.885666480276268e-28,3.8944193299000726e-28,0.03433016711930469,0.7126033755735764,0.5573979734407799
1502.0,4.1202620487886915e-28,4.017306562297242e-28,0.03106065183775305,0.7118994920381588,0.5604573893970575
1503.0,3.9699022347027387e-28,4.147722196685869e-28,0.0333354701546228,0.7062136881348979,0.5587533836730185
1504.0,3.4039189441868646e-28,3.1964075683754993e-28,0.03096200990666509,0.7137820846460821,0.5593962563001426
1505.0,4.090991252930576e-28,4.1115285308394755e-28,0.03128283347453756,0.7047030227764908,0.5559425575383697
1506.0,4.33349067479871e-28,4.2902591780861515e-28,0.030833241918455524,0.708729568400698,0.5549934710993994
1507.0,3.9402470702375756e-28,3.8535392996503283e-28,0.028413394714890752,0.7065212897657936,0.5533969549773501
1508.0,3.53459096683292e-28,3.4765858524383205e-28,0.030779742307637786,0.7105203207128856,0.5539975889755159
1509.0,3.6185139718666325e-28,3.491568948119779e-28,0.028330768344647587,0.7055773176709016,0.5510293571133343
1510.0,3.622657797118754e-28,3.495541807253477e-28,0.029059524756836645,0.7074300931599855,0.5455821090442176
1511.0,3.697664268685908e-28,3.617952585251975e-28,0.02802451978448509,0.7073475542655404,0.5453474016174222
1512.0,3.2179929759615187e-28,3.01732234123036e-28,0.02586430223163973,0.7040587618527298,0.5484180320139999
1513.0,3.9540277585978977e-28,3.7156553731648227e-28,0.028621416770202943,0.7053855872006725,0.5440091372767489
1514.0,3.8219306174221324e-28,3.538698078505081e-28,0.025770608201546794,0.7041032374051349,0.5403529216425068
1515.0,3.7522400160059613e-28,3.644934263729574e-28,0.026971947274911118,0.705368052060103,0.5405299291312721
1516.0,3.8377106181461686e-28,3.354318650033254e-28,0.025414205768010244,0.7021162150816593,0.5325484821958351
1517.0,3.857292278075997e-28,3.62837445887816e-28,0.02522980155404044,0.7013989364965144,0.5353280007692781
1518.0,4.183023515343129e-28,3.8829183797459993e-28,0.024954432860873225,0.7033485701267971,0.5367441135602363
1519.0,4.0364655797340593e-28,3.9291905338900182e-28,0.023862119769343798,0.7017002509140662,0.5384939553418198
1520.0,3.7505131884244634e-28,3.330690538017198e-28,0.025221601226449897,0.7015511507788195,0.5320060414078212
1521.0,4.764758792614984e-28,4.500973918237568e-28,0.023236549996288675,0.703232615328409,0.5354434435015285
1522.0,4.350599340193693e-28,4.33117670367447e-28,0.023843445262871008,0.6997635005354931,0.5318649391608194
1523.0,5.284932902754052e-28,4.811540249729211e-28,0.022639634204043385,0.6948210110700895,0.527343016122099
1524.0,5.123607855644252e-28,4.185260243537832e-28,0.021809731537173468,0.6966574102251968,0.5256510748309746
1525.0,4.685520948163623e-28,4.8263892242557995e-28,0.02314730294798663,0.6948781698638505,0.5248121278579653
1526.0,6.008651422100988e-28,4.61781437149037e-28,0.021025628256509207,0.6935478450863231,0.5219908065720301
1527.0,8.464827826873241e-28,4.754946869954145e-28,0.02217737892358449,0.6888654677124322,0.5194534993366663
1528.0,5.621163232994146e-28,4.688091179722355e-28,0.020830264517268833,0.6890427677777035,0.5182882384993304
1529.0,7.5452286361422265e-28,5.994130038641577e-28,0.020854537300944834,0.6891147529638998,0.5192762336237784
1530.0,7.818287896943435e-28,6.902231849973109e-28,0.020896033946250846,0.6895485503596939,0.5123421550622076
1531.0,9.89823774098291e-28,8.088056160453182e-28,0.01946252766502916,0.6877128140669089,0.516481887678733
1532.0,1.6101369987484668e-27,1.059476113690733e-27,0.020377909358702234,0.686636718049758,0.5143181006203754
1533.0,2.7277807697138412e-27,1.855256406018544e-27,0.01935181733455627,0.6879715358486849,0.5148155570104717
1534.0,3.460418902317038e-27,2.2041317453293073e-27,0.01935910759801122,0.6777013586415549,0.5094113168758748
1535.0,3.3183787130596054e-27,2.1532744530723454e-27,0.0189689260138243,0.6713559194863292,0.5041307954206803
1536.0,1.0629428716147975e-27,5.550997294194974e-28,0.01799106540023332,0.6733333318834286,0.50122543389373
1537.0,4.0212189968532344e-27,2.2513378572616076e-27,0.018987639268877567,0.6676944317418233,0.49837214053175033
1538.0,3.8722851339512385e-27,2.2871962788345814e-27,0.017608070465410852,0.6756338464586362,0.5059681345181507
1539.0,2.5714723149159058e-27,2.0429761703039444e-27,0.01815875503548049,0.676346444548869,0.5056546491065861
1540.0,1.621503657046586e-27,1.1777018338818254e-27,0.01740495255237303,0.6761421305618645,0.5025485012928107
1541.0,1.0807319717745925e-27,9.99989609819957e-28,0.01667844150753073,0.6773698845150669,0.5035330606834841
1542.0,7.768506727132478e-28,8.0689499445114295e-28,0.017614639229374326,0.6825749697511055,0.5054904016739401
1543.0,1.0831409949152382e-27,6.7880776207065925e-28,0.01626904113599579,0.6747089775572984,0.5082857057172042
1544.0,5.885862153457641e-28,5.220969237898971e-28,0.016723760175757517,0.6769209281930868,0.5068374241439689
1545.0,7.925814827014243e-28,5.178659687463326e-28,0.015813000602598205,0.6705177020452243,0.5051308651967303
1546.0,5.973161280940223e-28,5.089104135815613e-28,0.015874557262006254,0.6755663829049839,0.5053871922695835
1547.0,5.423928631407041e-28,5.511540112554906e-28,0.015708890103177768,0.6751713186690367,0.50735425338186
1548.0,5.810263612716122e-28,4.226946455806852e-28,0.014731299280651016,0.6762082885767421,0.5072058034061154
1549.0,5.423767614903374e-28,4.779876195905774e-28,0.015434956799974016,0.6737736403354677,0.504877575788754
1550.0,5.962007409984556e-28,4.525638389854842e-28,0.014546038913324885,0.6792039767350626,0.5104746532991911
1551.0,5.2575222534487835e-28,4.884668074321719e-28,0.014880150287539853,0.6805938278612332,0.5103211891596158
1552.0,4.13984501348742e-28,3.8501409879200175e-28,0.014366340461232618,0.676851441194185,0.5111170380810927
1553.0,4.521353230490358e-28,4.424032898204648e-28,0.01352066134697544,0.6765015954391751,0.5133225687394237
1554.0,4.6447889185323505e-28,4.406857775241333e-28,0.014347681068491356,0.6777040738588959,0.5108933664282733
1555.0,4.6315644955042235e-28,4.162811642743742e-28,0.013344032543263426,0.6738878829522312,0.5105612920358745
1556.0,4.140026097162337e-28,3.726175847543222e-28,0.013781644848538794,0.6782609380968987,0.5054330817150012
1557.0,4.070017802377903e-28,3.9191940597743385e-28,0.013057831567865712,0.6743034115743437,0.5088401147093047
1558.0,4.133392963562757e-28,3.6814187721007736e-28,0.012918399053165273,0.6713883573137441,0.5047766845400967
1559.0,4.138652073232319e-28,3.975555555405929e-28,0.01301448406693559,0.6747647073039817,0.5099160144664335
1560.0,3.6940484946725574e-28,3.335461101113563e-28,0.012292021208349397,0.6769948443214333,0.5095637058560097
1561.0,4.438336041147189e-28,3.8047910324469943e-28,0.01283381281277384,0.673523663767334,0.5110523055064047
1562.0,4.0627820345747835e-28,3.8158765218833777e-28,0.012045473860291344,0.6739207313873972,0.5077863359579994
1563.0,3.9413646338905594e-28,3.794598998841358e-28,0.0123068055744884,0.6749812655418314,0.5122218715263989
1564.0,4.325631159692954e-28,3.793409196421023e-28,0.01186874636740781,0.6748716252822418,0.5122980754279145
1565.0,4.2240995614827425e-28,4.113052977139825e-28,0.01133930894194817,0.6727855811461793,0.5111289667428511
1566.0,4.804608617553312e-28,4.292565919600309e-28,0.011996779523327561,0.6698812899203953,0.5123820359403913
1567.0,4.454401215318879e-28,4.411380039075921e-28,0.011084024461761733,0.6695798966287062,0.5107950349439055
1568.0,3.795941076650327e-28,3.3820804205313776e-28,0.011463080202988564,0.6733768237297718,0.5118850118281759
1569.0,4.510266945675558e-28,4.247206687030338e-28,0.010952642829896463,0.6695491812461617,0.5102221266846211
1570.0,4.508055265289034e-28,4.393431090679306e-28,0.010676266386663818,0.6727988972901475,0.509996355968521
1571.0,4.1743979827096865e-28,4.11624046092392e-28,0.01097253668305882,0.669772042649037,0.5084926451799352
1572.0,3.834337638492261e-28,3.650081933490558e-28,0.01021237084489123,0.6731745076006852,0.5097850374850502
1573.0,3.9107224411688115e-28,3.6404157257186416e-28,0.010669426646179505,0.6706409794513764,0.5058499718260422
1574.0,3.875729076797349e-28,3.512906480678473e-28,0.010061087063431295,0.66939906018734,0.5018475008756064
1575.0,3.7711794024078273e-28,3.637290320917689e-28,0.0100887800291359,0.6696186458024421,0.5009843375445018
1576.0,3.360211767030993e-28,3.1257301150731087e-28,0.009992329824429788,0.6741987040569366,0.5079005592913421
1577.0,3.763902484244002e-28,3.574973347295433e-28,0.009460486798558999,0.6696346388190361,0.5018551599685691
1578.0,3.609113974901686e-28,3.4271768835795023e-28,0.009951661598832071,0.6700778202663956,0.49842592382875417
1579.0,3.601506848823873e-28,3.5271541531388646e-28,0.009239529291781826,0.6688130157916475,0.49561359905142693
1580.0,3.484569395605167e-28,3.317814691265558e-28,0.009554169549572942,0.6683482975452177,0.4904972541652129
1581.0,3.7318289171621845e-28,3.762358737305285e-28,0.009221689890691618,0.6678917126068606,0.495254488693309
1582.0,3.8588449996572096e-28,3.7081118068352305e-28,0.008787632540818347,0.6686471967537387,0.497353713702149
1583.0,3.9306493484273537e-28,3.710009841018946e-28,0.009307057600200112,0.6712111094593908,0.5006914757388294
1584.0,3.4311845790399243e-28,3.0672893972089845e-28,0.008682388953442482,0.6669137305330521,0.49368453984817734
1585.0,3.972089006380801e-28,3.8808141285192653e-28,0.008941690858849825,0.6733588141031285,0.49851158046425537
1586.0,4.0092555000963034e-28,3.6918972971917476e-28,0.008483274742460828,0.6674690542170879,0.49832842439920677
1587.0,3.911192835612985e-28,3.60697982528091e-28,0.008501556979727945,0.6640530258370725,0.4917761304618991
1588.0,3.708713394117406e-28,3.342043168700646e-28,0.008486944876332156,0.6672335701325208,0.4921822963251601
1589.0,3.8047558859370565e-28,3.5725794537955873e-28,0.008177807717224114,0.6643633802768523,0.4888623450085202
1590.0,3.7690246855937885e-28,3.5249847411057345e-28,0.008377489971033061,0.6609744130790878,0.4858899862754341
1591.0,3.950495704470385e-28,3.7309107942988813e-28,0.007908568826294893,0.6582146511554058,0.4856425065350858
1592.0,3.6459552502924527e-28,3.275396241861092e-28,0.008041683939753541,0.6598644191213971,0.4872927568590268
1593.0,4.096751538440372e-28,4.007252413561721e-28,0.007938191581103001,0.6583577275539281,0.4861701217822937
1594.0,4.23910248514204e-28,3.8702954119983158e-28,0.007552065941903725,0.6603214608258415,0.48054809607086446
1595.0,4.485193026986138e-28,4.285445914783739e-28,0.007845851624213074,0.6582402731665765,0.48311351678958586
1596.0,5.280399428104417e-28,4.68881490781807e-28,0.007434040873841194,0.657191367556094,0.48261831415662365
1597.0,6.909828304574439e-28,6.037933288060551e-28,0.007551146530376342,0.6567485133279597,0.4800534985935755
1598.0,7.565983332451896e-28,7.297923176427919e-28,0.007415355259245656,0.6524385310654165,0.48134483232318465
1599.0,8.35422173310744e-28,7.478567909454653e-28,0.007201224464115407,0.6486098936633788,0.47653043776552584
1600.0,3.8735202063888605e-28,3.750994553672867e-28,0.007315118086820255,0.6560178350105129,0.48098847543707124
1601.0,6.700131178583917e-28,6.2202520455965415e-28,0.007031018501435121,0.650365726239061,0.47706162820800585
1602.0,6.577065329280269e-28,6.651211881136449e-28,0.0071592617004999715,0.6535252284502389,0.4833227092187583
1603.0,6.839566478666032e-28,5.41876848923229e-28,0.0069287151629509455,0.6517100742561326,0.4755845348685272
1604.0,4.359447944131503e-28,4.582946394989739e-28,0.006909263171131791,0.6528114926298406,0.4757057080381986
1605.0,4.987742397194e-28,4.532539300340135e-28,0.006796394568775712,0.6543191577249465,0.4796362248800851
1606.0,4.008288464370173e-28,3.8956862360364075e-28,0.006656776773184923,0.6541577331219101,0.47816253225813876
1607.0,4.699111289414508e-28,3.9473640503103217e-28,0.00673206664829855,0.65308770248489,0.4840123992861589
1608.0,3.3972028093379243e-28,3.2829832834224513e-28,0.006495853205417991,0.6483033434569918,0.47834727179733894
1609.0,4.166847217017283e-28,3.987850228105604e-28,0.00654429740843133,0.6497304916672969,0.4811601236358438
1610.0,3.8286849508923397e-28,3.490775775948622e-28,0.006439710908717374,0.6497442124057919,0.4802897136020692
1611.0,3.7488113383959235e-28,3.5658023988845726e-28,0.0062691183918725,0.6492547369283824,0.48159833523762935
1612.0,3.5281627858600864e-28,3.3456233564249795e-28,0.006381241578326836,0.6518544819158356,0.47951720050459135
1613.0,3.784710268867636e-28,3.625222005786934e-28,0.0061328801983654094,0.6474349615206546,0.4774587649050803
1614.0,3.862547030632166e-28,3.810533050825025e-28,0.006299810224904712,0.6505943431623552,0.4829791090957298
1615.0,3.9256945966251726e-28,3.7827911410160207e-28,0.006066627189323381,0.6551762700008987,0.48549323204477596
1616.0,3.1850601880984965e-28,3.0563471020280042e-28,0.006023365948313524,0.6497466302787143,0.482911178773086
1617.0,3.7895236657029003e-28,3.7335632594262797e-28,0.006023708946976226,0.6523846943673531,0.48804612112855605
1618.0,3.7398752529750183e-28,3.5865190070092787e-28,0.005850606726232844,0.649909931270206,0.4863310207621533
1619.0,3.746541326112202e-28,3.593045231581953e-28,0.005965833239695797,0.6479144753140526,0.4850559121434157
1620.0,3.340455272826844e-28,3.221215957116973e-28,0.005713050902842056,0.6471731278365819,0.4791291622817144
1621.0,3.474176556486428e-28,3.5735547005459046e-28,0.005727479243896182,0.6502629389402236,0.4871107205839095
1622.0,3.506404644036164e-28,3.4058515467560662e-28,0.005617945687774435,0.6443569530794907,0.47959460136650334
1623.0,3.644491677293888e-28,3.5722884011179186e-28,0.005535339186927449,0.6443053261041153,0.48190156496146813
1624.0,3.16391569820437e-28,3.0072510487734305e-28,0.005681537212325641,0.6478587389246138,0.4850869584647432
1625.0,3.568549316104076e-28,3.5118530994817404e-28,0.005455277234671857,0.6460515557217389,0.4857289280493291
1626.0,3.4949773226296487e-28,3.392667125804205e-28,0.005436898019452402,0.6420618773189903,0.4809135528029701
1627.0,3.6617131488726595e-28,3.625458814270705e-28,0.005440421955669152,0.6422884225216505,0.4840334405088583
1628.0,3.564123795956302e-28,3.394544149064369e-28,0.005321635575650177,0.6438324967047059,0.4847620010952374
1629.0,3.9723709995723067e-28,3.9570812782076643e-28,0.005342848075952917,0.6413845536959518,0.4846984317718928
1630.0,4.322006673136629e-28,4.1464113461769655e-28,0.005212325865967088,0.6392280928383269,0.4845734930525923
1631.0,4.4342397385263255e-28,4.333026036668593e-28,0.005334272889671207,0.6382616625688992,0.4832039505789607
1632.0,3.365441675702234e-28,3.275148088651578e-28,0.005183725329252234,0.6412052997331802,0.4871965275188327
1633.0,4.232677909195765e-28,4.270077790247242e-28,0.005195210921141674,0.6366505702711236,0.4838264380401679
1634.0,4.376768250854685e-28,4.061546279037183e-28,0.005105515341703583,0.6409957123608784,0.48515787589104703
1635.0,4.010816943667318e-28,4.107644030831127e-28,0.005065272776537551,0.6397239717524172,0.483995065917414
1636.0,3.5878757083748543e-28,3.538658520470023e-28,0.005100109133675542,0.6392245269846906,0.4827856398602264
1637.0,3.67311869509323e-28,3.517677114906002e-28,0.004941258551649499,0.6390885571936963,0.48210682410115296
1638.0,3.573261550045034e-28,3.4407923095666104e-28,0.004939256909450065,0.6365829290905495,0.4736416168902556
1639.0,3.5613440148277913e-28,3.498597585847898e-28,0.004845213926925988,0.6362540163777853,0.4767214017563767
1640.0,3.224860198391715e-28,3.036257015286468e-28,0.0048395197385532876,0.6356166037091413,0.47962604936028297
1641.0,3.5366196492566234e-28,3.493290085102844e-28,0.004862344798247519,0.6334392640760629,0.47537480690190337
1642.0,3.459655906732533e-28,3.3485838813942855e-28,0.004771593436624637,0.6360614283592815,0.4719597819256423
1643.0,3.5672098834053624e-28,3.6350407554017753e-28,0.004740488661235932,0.6338586771400678,0.4719730052218811
1644.0,3.352121899807924e-28,3.3038704228176936e-28,0.004760768082310149,0.6347601435530102,0.466504451076886
1645.0,3.5933094419087016e-28,3.641498422146672e-28,0.004671444646730818,0.6302230443364398,0.46912115417761485
1646.0,3.8612904002333994e-28,3.652054963524457e-28,0.004666111256792376,0.6348585813047333,0.4724553708712655
1647.0,3.795912084142425e-28,3.6521460682222596e-28,0.004564356375285739,0.6333970822745894,0.47326656435759157
1648.0,3.215140216448001e-28,3.092290739887714e-28,0.004672685467765606,0.6310882370830189,0.4645227567194563
1649.0,3.741736706183451e-28,3.6758459066511276e-28,0.004579230051611553,0.6317472850030826,0.47166191103577093
1650.0,3.9354652963444895e-28,3.715903490117342e-28,0.004518998291148208,0.6302401373669605,0.46808651028510484
1651.0,3.7047668896425147e-28,3.719986726096199e-28,0.004518236039600174,0.626295131278994,0.4627788213791322
1652.0,3.518480077039876e-28,3.3980967749380435e-28,0.00444988635466582,0.6286264059139013,0.46370605641409496
1653.0,3.771414122049132e-28,3.6315285345131608e-28,0.004462987643311927,0.6277605484330779,0.4631985821883199
1654.0,3.7616739662827073e-28,3.6873808164932633e-28,0.004365235562755233,0.6241122704770063,0.46005801330562285
1655.0,4.049419777909615e-28,3.8367665092093454e-28,0.004372092583292079,0.6229417152427361,0.46026728968998576
1656.0,3.8063556959194615e-28,3.364427872421017e-28,0.004356729334126021,0.6241627791097575,0.4606513803782893
1657.0,4.079687662269888e-28,4.033224586234306e-28,0.004334713687136832,0.6226456922963743,0.46018379347407107
1658.0,4.419318456191733e-28,4.204285609132926e-28,0.004271442572405559,0.6238028194779071,0.4544550565689463
1659.0,4.85350238653335e-28,4.78974802516632e-28,0.004208058150514132,0.6187862327351838,0.45663743984187827
1660.0,6.143260214753606e-28,5.484321820303502e-28,0.004209632187287222,0.6215038041796594,0.4573458137258419
1661.0,7.047439881856157e-28,7.057666700164943e-28,0.004226835210773747,0.6198367665535246,0.45436619129601946
1662.0,8.792649532657036e-28,9.082561919234876e-28,0.004177463373526767,0.6131516509567465,0.4536495781434835
1663.0,1.0825036753570993e-27,8.10387136508324e-28,0.004091962831857469,0.6081297343208026,0.44823855689750763
1664.0,4.9095524381437425e-28,4.577262803516521e-28,0.004062676577507347,0.6087510897095725,0.4487479776300799
1665.0,9.640196039446838e-28,8.110366269130624e-28,0.004128597698706987,0.6081056123248962,0.44833021377568266
1666.0,8.794411280629113e-28,9.421754213044959e-28,0.004027709296000429,0.6129508142682633,0.45318577102029367
1667.0,7.662419008031433e-28,7.095932648608814e-28,0.0040317022512954236,0.6126748406473345,0.4497986198019818
1668.0,6.519194889151993e-28,5.372960203453038e-28,0.003963987641290632,0.6157159242851875,0.45311446519654913
1669.0,4.935670151984044e-28,5.2065286810642325e-28,0.0040077876867447215,0.6155980248902,0.448720131601283
1670.0,4.719221785379362e-28,4.310667861973944e-28,0.003995965563128904,0.6162952220108917,0.45262778089069833
1671.0,4.149307397156719e-28,4.124534185051393e-28,0.00392151762845871,0.614729624733841,0.4551568133317406
1672.0,4.133807866870999e-28,3.5418540224493713e-28,0.003935979795949489,0.6139792785206203,0.453076569113732
1673.0,4.085095675972447e-28,3.9987024121542105e-28,0.003873160625279345,0.610133828668752,0.4521197112517835
1674.0,3.910373539807781e-28,3.8486939686431713e-28,0.003922305435401411,0.6165516269887048,0.45435742075541347
1675.0,3.833353515005146e-28,3.9069424845033937e-28,0.003867673801048858,0.6113421717394065,0.45211034207201906
1676.0,3.6824443883362597e-28,3.503925453592579e-28,0.0037893023875217907,0.6153770162414578,0.4552183501515769
1677.0,3.7770632154783993e-28,3.879616145204158e-28,0.003845569463663856,0.6122207747206548,0.4516312670760056
1678.0,3.887663205939753e-28,3.765793956457938e-28,0.0037639846047570896,0.6146168509798884,0.45534800869524306
1679.0,3.9103838969394963e-28,3.9484561761992716e-28,0.0038191389455354673,0.6204444480441267,0.4597815838635578
1680.0,3.249235625765354e-28,3.2060710458573428e-28,0.00373917299658501,0.6167007412092445,0.4587292378876667
1681.0,3.755256971536879e-28,3.8271101514148257e-28,0.003710895664553346,0.6234010069256546,0.4654047179743756
1682.0,4.0081393795376864e-28,3.7916220591897602e-28,0.003833872069523075,0.6209428808336735,0.4601168837964314
1683.0,3.6864695011843305e-28,3.6755252587546663e-28,0.0036579967413487673,0.6149083125585838,0.4597450725166953
1684.0,3.427844697135635e-28,3.355459286506492e-28,0.003719835292567326,0.6200700027258137,0.45808977647606114
1685.0,3.552777144435669e-28,3.565809144446794e-28,0.0036485446083161562,0.6155997536470451,0.4575078553071432
1686.0,3.492182860279616e-28,3.39764982804174e-28,0.0036547134469992405,0.6150884713632362,0.45522219701674355
1687.0,3.620167476610722e-28,3.5904667923164697e-28,0.003693715215308252,0.6145097288941893,0.4581141080253716
1688.0,3.1627446375059545e-28,3.0066322671798423e-28,0.0035872384437269076,0.6183984282340518,0.46128043771395405
1689.0,3.6544912453460338e-28,3.5461931433677254e-28,0.0036042280328645506,0.614629183002137,0.4604836323982178
1690.0,3.555293409834322e-28,3.4631459267076114e-28,0.003610667468874049,0.6128108787136317,0.4563752377018227
1691.0,3.613293786650137e-28,3.5982327748181953e-28,0.0035318270332335405,0.615706791163011,0.46024633182891
1692.0,3.647561615988564e-28,3.5530511466406845e-28,0.0035650256008402455,0.6175813928917332,0.4611094656348844
1693.0,3.9183806126351373e-28,3.961336641778764e-28,0.003468571500145667,0.6145549677834775,0.46216302577178775
1694.0,4.124206359334948e-28,4.120945700167478e-28,0.0035248686370028376,0.6156599477629203,0.4623350514658914
1695.0,4.095622574933456e-28,4.139613415701182e-28,0.003524922833771978,0.6112375899269071,0.4596691250884541
1696.0,3.3841016860034216e-28,3.236669645148041e-28,0.0034332409761487787,0.6165798661017666,0.4613536814663481
1697.0,4.124195911983451e-28,4.162707182940964e-28,0.003452405985015109,0.6115037517094339,0.4606619046765943
1698.0,4.243064815913761e-28,4.0078777693765836e-28,0.003405578907645893,0.6144344236323233,0.460380842544775
1699.0,4.010668882398806e-28,4.0281645370485024e-28,0.0034568079740223,0.6157289189089341,0.46033492415727095
1700.0,3.5174359735568885e-28,3.456363314518514e-28,0.0033926549197591405,0.6144376300354002,0.45851486314470224
1701.0,3.643466895430989e-28,3.513850816059173e-28,0.0033388677845308133,0.6130181334288584,0.45574481823879887
1702.0,3.4918937499034323e-28,3.5100311600903587e-28,0.0033699147135779718,0.6138097159914068,0.4499403092464787
1703.0,3.5474780164147704e-28,3.54015734076652e-28,0.003336367571552972,0.6136901414395141,0.4551192598789408
1704.0,3.1131244640810345e-28,3.037737253589479e-28,0.0033735455856849566,0.6166797935858362,0.4565882402391073
1705.0,3.6066233725093747e-28,3.5898858836976293e-28,0.003313113473375911,0.6123593703367021,0.45023343977165753
1706.0,3.389641991992421e-28,3.385269341882858e-28,0.0032761445235126056,0.6161137859675477,0.449822692221791
1707.0,3.486322939526034e-28,3.4641572637166843e-28,0.0032952423688028545,0.6146924964734273,0.44723933662125803
1708.0,3.4010686293029025e-28,3.3839075443649738e-28,0.003255401652697569,0.6137854431344545,0.4425347396125073
1709.0,3.573051678085934e-28,3.553881889936082e-28,0.0032401201364863235,0.6117987569506659,0.44973331042422926
1710.0,3.663955188142236e-28,3.624573908737584e-28,0.0032521950497405045,0.6182809152261171,0.4510582731178195
1711.0,3.798849766990408e-28,3.8225810719016924e-28,0.0032194811402285885,0.6169521304174365,0.4533107194661495
1712.0,3.1893863716750833e-28,3.095717335408613e-28,0.00325526068210746,0.6141872570826685,0.4444506811918519
1713.0,3.6739654022728935e-28,3.6742704824498806e-28,0.003186036656479074,0.6141057775354366,0.4482458263072537
1714.0,3.667524184877585e-28,3.6219615515578173e-28,0.003154820982959719,0.6134112099125574,0.44790313354133543
1715.0,3.6399568720067287e-28,3.6305433752844527e-28,0.0031765610333266436,0.6085460483361341,0.44115143054873157
1716.0,3.473343119733516e-28,3.4089096792630846e-28,0.0031939024974935028,0.6137267633979964,0.44323030843690453
1717.0,3.6573296663096673e-28,3.7528308654267375e-28,0.003177763638286366,0.6116368849850149,0.4400301244780631
1718.0,3.5156128603865744e-28,3.579363502613396e-28,0.0031489250448159785,0.6101931126223005,0.439441838875575
1719.0,3.6090881006940226e-28,3.5915638130931737e-28,0.003102520024482164,0.607439983991197,0.4397293756950949
1720.0,3.2982548481518967e-28,3.2697492387610314e-28,0.0031454681821173514,0.6089591965903268,0.44003960613502846
1721.0,3.677296664541034e-28,3.791712322969585e-28,0.00305089434338062,0.6056636824180432,0.43688827850208
1722.0,3.694500507466978e-28,3.7282821001677007e-28,0.003114435069213351,0.6106279111240195,0.43574327597605894
1723.0,4.182492851256836e-28,4.333232752934204e-28,0.0030817085173276363,0.6085359293819846,0.43631268344945306
1724.0,4.49110271721398e-28,4.525382909981954e-28,0.0030855303450200476,0.6098127582555128,0.43702630789094427
1725.0,5.5997522247502835e-28,5.424778757781598e-28,0.0030791526865016055,0.6070737997697815,0.43386957611513216
1726.0,6.365821312999957e-28,6.265306263261286e-28,0.003016009738213159,0.6007188411940751,0.4326157551928402
1727.0,6.209549423375804e-28,5.98603432565407e-28,0.003017418800792547,0.5998231604182319,0.4295288573709801
1728.0,3.890788582723848e-28,3.790099516263869e-28,0.0030034682602872887,0.6019810617635,0.43060960750055766
1729.0,5.947358846547283e-28,6.159110423459778e-28,0.003054534042762194,0.6054300484790971,0.4349164135680442
1730.0,7.613742634416742e-28,6.1891956739516e-28,0.003010529263279412,0.6055880706788114,0.43620640873820576
1731.0,5.619353058470873e-28,5.594093628379574e-28,0.0029638416604146805,0.6071184243989829,0.4304788039500717
1732.0,5.343201908764082e-28,4.621009224538969e-28,0.0029968328814045666,0.6057164272946001,0.4317907502118468
1733.0,4.358533376334758e-28,4.32350484719382e-28,0.002981766620720876,0.6057818622851783,0.4304273939228378
1734.0,3.884741414390101e-28,3.7688614934631327e-28,0.002969262702799827,0.6082519955479104,0.4354182821103707
1735.0,3.870456744847694e-28,3.830066389177461e-28,0.002969755775527837,0.604764293149293,0.4353941065938465
1736.0,3.4015806921244983e-28,3.2669005456646677e-28,0.0028951245403033184,0.6033155302649971,0.4321727901606415
1737.0,3.759367563980703e-28,3.855836972985894e-28,0.002963590037438183,0.6035716899223211,0.434263812312766
1738.0,3.7016154459352774e-28,3.5922576769048843e-28,0.002897565556429131,0.6057182504907742,0.435832287492859
1739.0,3.677417117168123e-28,3.6616649105640024e-28,0.002858746410427919,0.6027569705599953,0.4323542633334933
1740.0,3.556888996483499e-28,3.577221063623172e-28,0.0028707244927750463,0.6069802689496424,0.43309030274563504
1741.0,3.8271798331779307e-28,3.832257332832465e-28,0.002862766167323192,0.6033798770604009,0.4331562468022574
1742.0,3.808471786418757e-28,3.7873972784213114e-28,0.0028730795129020027,0.6081987707254379,0.43671420129643296
1743.0,3.7452721360202105e-28,3.7549836548735347e-28,0.0028168678831123097,0.6125587794937585,0.43713111000172594
1744.0,3.2492015841049294e-28,3.143254560825759e-28,0.0027939410185662773,0.6094729319969963,0.4392517843368926
1745.0,3.820717442061254e-28,3.837593823968277e-28,0.002817093211784454,0.6075457835934458,0.43967138838142206
1746.0,3.71031178363643e-28,3.759996174681542e-28,0.0028010816459815664,0.6084254944821847,0.4388087728731438
1747.0,3.6761149474953764e-28,3.648749274497413e-28,0.0028140941969877907,0.6047439160613429,0.4356590004359311
1748.0,3.4221420221182925e-28,3.4124350428202715e-28,0.0027646319947919667,0.6053664978671073,0.4343463033100042
1749.0,3.6339383093772254e-28,3.5803262116409558e-28,0.0027605285427519622,0.6062659361177773,0.4346205166941207
1750.0,3.4688670887872905e-28,3.534014814563012e-28,0.0027828151251593192,0.6040329183201065,0.4325823312981285
1751.0,3.491959523123805e-28,3.5020135644627417e-28,0.0027385521610977658,0.6034695373142189,0.4354117215246965
1752.0,3.0990485235594055e-28,3.061445638018327e-28,0.0027528216251597225,0.6080710772986359,0.4362841905980094
1753.0,3.551444942159372e-28,3.577307115147681e-28,0.0027314549761565453,0.6060240467177515,0.43732115469565325
1754.0,3.5168859277309473e-28,3.523129745642893e-28,0.0027363493758049274,0.6016005945216856,0.4337510308053937
1755.0,3.607542586496283e-28,3.6859339488842654e-28,0.002735740628251364,0.6025913322825296,0.43689928601170563
1756.0,3.512957642276034e-28,3.5592994375408792e-28,0.00269374892913086,0.6060433316029922,0.437272509784086
1757.0,3.932993133524228e-28,4.053138713038336e-28,0.002660920746092143,0.6024085700631976,0.4365070716589299
1758.0,4.399989659081263e-28,4.202631782230197e-28,0.002694147580934836,0.6010306429042606,0.43639960373877706
1759.0,4.204977722470113e-28,4.130154409619876e-28,0.0026683075805105,0.6006903019025621,0.4376437242493829
1760.0,3.445390998458465e-28,3.3135489620242117e-28,0.002663622618735308,0.6023884986902971,0.4361644202938326
1761.0,4.153352731455838e-28,4.102441205273173e-28,0.002630988462759599,0.5991575054086227,0.4373358070366224
1762.0,4.405966449564103e-28,4.310965737053421e-28,0.0026709684935146793,0.6043533891876101,0.4369285606764331
1763.0,4.0344087654316725e-28,4.111918535449553e-28,0.002659827300864035,0.6018483187106813,0.4336746933411895
1764.0,3.5932808451866274e-28,3.582928496466363e-28,0.002600681923740322,0.605440792465424,0.4373095811398561
1765.0,3.799693397526622e-28,3.704385998375395e-28,0.0026227169868287908,0.6025215474738631,0.43233525375131066
1766.0,3.595310464908617e-28,3.543461552440145e-28,0.0026338621855280086,0.6030544783739349,0.42693358568415474
1767.0,3.6272320161533427e-28,3.612360816877766e-28,0.0026210583324847397,0.6002998811070845,0.4308339836691487
1768.0,3.2503742791868397e-28,3.177456296901237e-28,0.002605676378611617,0.6028731822189723,0.4331778120028823
1769.0,3.5602230687545154e-28,3.5211172420115494e-28,0.002583069539336614,0.5953559265055655,0.42623967692040216
1770.0,3.581754262129746e-28,3.577084365907038e-28,0.002582901446700635,0.601726180199368,0.4243223576963206
1771.0,3.6141330543773023e-28,3.633439335545475e-28,0.0025923556178587804,0.598284061517543,0.4225903283664724
1772.0,3.5884397667617542e-28,3.465278804237455e-28,0.002569465377274159,0.5988673254756258,0.41949747833642226
1773.0,3.6947959577094584e-28,3.742501170335693e-28,0.002556493557591304,0.5960689664344243,0.42254494797101566
1774.0,3.966834781927856e-28,3.8600194749378874e-28,0.002520667468956852,0.5997837653575909,0.4216576953852755
1775.0,3.8073675111488897e-28,3.8870952495196034e-28,0.0025430247704153735,0.5999652557603666,0.42543136887459426
1776.0,3.3662235535027516e-28,3.31256273004537e-28,0.002539624940758553,0.5968361406996031,0.41967844117305636
1777.0,3.885924724867037e-28,4.03425248067948e-28,0.002494508495956059,0.5988652382254671,0.4252233295768516
1778.0,4.057062232199967e-28,3.97727511210858e-28,0.0025339238509533833,0.5970900231253722,0.4202550430447509
1779.0,3.9054714740867843e-28,3.9405364582967848e-28,0.002513840998171467,0.594492182179766,0.4155715809192623
1780.0,3.6615238095039814e-28,3.723070175113364e-28,0.0025127251987678385,0.5969312289576568,0.4195769591775157
1781.0,4.0374551091342375e-28,4.135244340656472e-28,0.0024770078733634252,0.5931488365397533,0.4151013051609042
1782.0,4.063997637911774e-28,4.0288092791002163e-28,0.002432919880250002,0.5922365282860764,0.41093371341187585
1783.0,4.2025229791896815e-28,4.359556667325167e-28,0.0024872101444693272,0.5895620510581204,0.4129642377186827
1784.0,4.00664748487933e-28,3.923321321915378e-28,0.0024554569187986196,0.5910689883892771,0.4114735055254118
1785.0,4.678709460772684e-28,4.636041995389031e-28,0.002446289446847549,0.5898101411836778,0.4121909765703474
1786.0,5.112701418447458e-28,5.051594783298287e-28,0.0024003516858182505,0.588813944237073,0.4077488883797787
1787.0,5.88949357601585e-28,6.328252639853957e-28,0.002408603613675082,0.5887522332121183,0.41047213408274513
1788.0,8.457031982275549e-28,8.261973317148103e-28,0.002438530702277161,0.5915160827849999,0.409347931554643
1789.0,1.0090831332227276e-27,1.0608860558795213e-27,0.0023878734297553203,0.5859389108922902,0.40836990841869636
1790.0,1.4218364495823208e-27,1.4153047367510239e-27,0.002381979531280082,0.5834523515767235,0.4064993806908093
1791.0,1.2756403072522479e-27,1.2219308298857608e-27,0.0023816406376312455,0.5764505837846408,0.398898752885036
1792.0,6.954786094057411e-28,6.973556231957249e-28,0.0023727683692360614,0.5778892778688136,0.4000533021920372
1793.0,1.2831482485889638e-27,1.240997890387261e-27,0.0023891413473707767,0.5748049444744805,0.3990822380865891
1794.0,1.3477882537858635e-27,1.4692981193479167e-27,0.0023586440325071363,0.5847535096863227,0.4093698576595595
1795.0,1.0586824644013302e-27,1.0672514670334157e-27,0.0023458059960636806,0.582271372191078,0.4014346835871983
1796.0,8.431941911731727e-28,8.271095660898828e-28,0.0023774562652003704,0.5837160237648586,0.4024095305800397
1797.0,6.305534230562169e-28,6.503856774792826e-28,0.0023426098023264256,0.5872324565296174,0.40607230646975806
1798.0,5.34392875425393e-28,5.693224054171753e-28,0.002332375256201027,0.5862168837751384,0.4044561729098355
1799.0,4.8948781707911555e-28,5.046413186588795e-28,0.00230907899963963,0.5823264347072629,0.4073424530108818
1800.0,4.313312450596851e-28,4.386268026875948e-28,0.0023322455508910066,0.5836689556571298,0.4052920251249831
1801.0,4.685138755635511e-28,4.921787480059216e-28,0.0023287894668146724,0.5810688796503599,0.4053898263250393
1802.0,4.773497117286482e-28,4.966253666134817e-28,0.002283242794010905,0.5844712682334429,0.40733249129623245
1803.0,4.394341081548918e-28,4.60335237615307e-28,0.002318193056649345,0.5843740071580703,0.4059523239605798
1804.0,4.133050504165433e-28,4.271259168136893e-28,0.0022839874706052916,0.5879637772792208,0.40881161511132263
1805.0,4.424761164966107e-28,4.440165316775819e-28,0.0023064792635263927,0.5828310953846779,0.407247835949412
1806.0,4.341279040088408e-28,4.336912179992825e-28,0.002294120381315743,0.5901493459640372,0.41359062242978983
1807.0,4.283786693853791e-28,4.526454684516691e-28,0.00226058998069598,0.5900481224423322,0.41118149517576896
1808.0,3.663610796332305e-28,3.6837459615565085e-28,0.002252867074346689,0.5885575543590855,0.41270125681996217
1809.0,4.216822236574401e-28,4.3663921631289e-28,0.002281794446632831,0.5885288342266005,0.4140803981334464
1810.0,4.132971403148979e-28,4.119521941949614e-28,0.002250870047290639,0.5912824461151847,0.41510097785527994
1811.0,3.948611000165284e-28,4.091033820755168e-28,0.002251305356152854,0.5851918960669722,0.4114894030808946
1812.0,3.805048671729534e-28,3.876218168085582e-28,0.002234871183717435,0.5895154518630575,0.4117731464856276
1813.0,3.8391528618675883e-28,4.0113500821778e-28,0.002252317803496952,0.5878650151183091,0.41138339168780497
1814.0,3.8329479968014183e-28,3.903150033958313e-28,0.002236500487593446,0.5869555412068578,0.40908432208363993
1815.0,3.7889001495086434e-28,3.9179811402658657e-28,0.0022358066506164755,0.5865744711271503,0.4142274707080967
1816.0,3.44019060026529e-28,3.4209192986933674e-28,0.0022346532519446904,0.5923338462214376,0.4144949890006198
1817.0,3.906653194732639e-28,4.0226564157733316e-28,0.002223728704796587,0.5855699334890762,0.4148254594485764
1818.0,3.836244347560074e-28,3.8904922561054076e-28,0.002201546237874436,0.5847371588949014,0.41201811629758
1819.0,3.9174732855680932e-28,3.99476516773074e-28,0.002194456456131057,0.5879508361394342,0.4163615035505201
1820.0,3.890503139217152e-28,3.8832881775251597e-28,0.0021862038862082234,0.5893671675307646,0.41572836016550674
1821.0,4.146059621164506e-28,4.36322464079036e-28,0.002185722303207769,0.5861762758185933,0.41653925306923006
1822.0,4.545035138933425e-28,4.676252683859959e-28,0.002201999771184654,0.5880279507805287,0.41715938951484594
1823.0,4.475983713807481e-28,4.459744898974926e-28,0.002174805200155372,0.58622329107732,0.41780157827004105
1824.0,3.6303239697012665e-28,3.650235129942636e-28,0.0021617671901588507,0.5887918187491628,0.4175886022123481
1825.0,4.378128801273252e-28,4.4628294364005755e-28,0.002134733519074282,0.5849529991026587,0.41737440970529993
1826.0,4.569182076641559e-28,4.555189445612846e-28,0.002180609114903113,0.5929395617220513,0.421783565367316
1827.0,4.288678036758347e-28,4.370333651985992e-28,0.002148229438851914,0.5869323556966495,0.41550597452707794
1828.0,3.804173529042171e-28,3.8238938634626793e-28,0.002138762327688076,0.589905907849559,0.4169715423659561
1829.0,3.8437826380249744e-28,3.9812882028865055e-28,0.002131972090789514,0.5880958186378908,0.4136659087916147
1830.0,3.687484899829045e-28,3.6743413223600054e-28,0.002130569609457423,0.5874001936371795,0.40932015071094924
1831.0,3.886761576004171e-28,3.9245751374856146e-28,0.002142838645674541,0.5862567311063586,0.41271866309761945
1832.0,3.2942066543401617e-28,3.308695944351947e-28,0.0021080756336325883,0.5877987632058194,0.41397483265938606
1833.0,3.7226364399830144e-28,3.7774537327881565e-28,0.0021180971210584248,0.5876137532109023,0.4105576196374608
1834.0,3.6487951191504204e-28,3.671936680082184e-28,0.0021180147015088984,0.5890936867021556,0.40866812203112757
1835.0,3.5977528166920146e-28,3.632661470146096e-28,0.002092863703955429,0.5882100496042524,0.40633838852795306
1836.0,3.63050698755168e-28,3.5607053264224654e-28,0.0020973978172306885,0.5891939447438492,0.4061693498308091
1837.0,3.8759892473384817e-28,3.8952768173969523e-28,0.002075598059295253,0.5859970724290255,0.40876761354847524
1838.0,3.8828182565295815e-28,3.974856500286984e-28,0.002086649097319844,0.5894063965175099,0.4083632273851969
1839.0,4.0124712565606975e-28,4.120572865194116e-28,0.0020718820326270045,0.5875814150797171,0.4106560232686821
1840.0,3.2646789284759477e-28,3.331748613994766e-28,0.002079253268024831,0.5871144401633501,0.4068943100492997
1841.0,3.9104705468508664e-28,4.009258014316163e-28,0.0020728673366787864,0.5896536433666881,0.4120323037232885
1842.0,4.0040063605237373e-28,3.987708491328382e-28,0.002058223719594512,0.5871914527843173,0.4088741886724507
1843.0,3.784121696850291e-28,3.8709173623697735e-28,0.0020601667547913392,0.58413783728379,0.40378531205570795
1844.0,3.710821503795439e-28,3.6890342433524213e-28,0.0020637726320114737,0.5899560700413157,0.40780332273207925
1845.0,3.897901981496367e-28,3.973303838419667e-28,0.002040273757483781,0.5845521329439811,0.4032408981512766
1846.0,3.704313504824811e-28,3.8364107345888353e-28,0.002030156853529142,0.5843286095989897,0.4017800041861604
1847.0,4.077982201689198e-28,3.9786075545060447e-28,0.0020690494507250414,0.5829499496764443,0.4043594518700557
1848.0,3.5627626129324038e-28,3.5610847755101366e-28,0.0020209988226931545,0.582563014017311,0.4027676462018031
1849.0,4.361953882732483e-28,4.3992581826678755e-28,0.00201404054322108,0.586277276161613,0.40272738740698755
1850.0,4.289060047738685e-28,4.288043866710626e-28,0.001989814054444436,0.5818880676318008,0.4003120347402474
1851.0,4.466298521716674e-28,4.403818663073036e-28,0.0020332367376230827,0.5849500268247332,0.4034998155792148
1852.0,4.784467764805354e-28,4.7530639604957615e-28,0.002012280134785833,0.5823533444214904,0.3995143547444843
1853.0,6.255588947813402e-28,6.665259097413345e-28,0.0019986178057082448,0.5798539141026285,0.39990539945293163
1854.0,7.261329501444705e-28,7.246354479564477e-28,0.0019891782352713674,0.5757467215393226,0.3982069460211564
1855.0,7.023418443539917e-28,7.058757957407335e-28,0.0019870067377127393,0.5754635192364912,0.3949096314963599
1856.0,4.0756524958265955e-28,3.9786314245308506e-28,0.00198470640176419,0.5766112533333684,0.39749612657831085
1857.0,6.3113615392366695e-28,6.714329704892258e-28,0.0019711255158121953,0.5746758394625631,0.39626701269943576
1858.0,6.901804129908444e-28,6.759857789092698e-28,0.0019710831561285417,0.5790913276759588,0.4016851243358383
1859.0,5.979662482417053e-28,6.043093780152181e-28,0.0019520105760487524,0.5780423308818002,0.39445919101024474
1860.0,4.950696497617573e-28,4.823672975083724e-28,0.001988814702932955,0.5799937894800792,0.3973596209477806
1861.0,4.404618460287607e-28,4.497520776206445e-28,0.0019626753476598394,0.5817364482934384,0.3986303203248622
1862.0,4.0119845945984167e-28,4.11280601055277e-28,0.0019402706246886032,0.5811847468787701,0.3997152959096261
1863.0,4.029215088790131e-28,4.148349622477733e-28,0.0019195943158776235,0.5784834411448905,0.40283633660537244
1864.0,3.5996054651613058e-28,3.5641777579955943e-28,0.001973566883663652,0.5773802902681215,0.4008058324385982
1865.0,3.900812368861121e-28,3.959387607677125e-28,0.001933453032563978,0.5777823978730207,0.40115844542506446
1866.0,4.0223210465711655e-28,3.937662723512985e-28,0.0019359505663361267,0.5788133435158475,0.4017826196353105
1867.0,3.9895629298419723e-28,4.1414610955986765e-28,0.001918448735839995,0.5770116727286438,0.4006942535883592
1868.0,3.6191147848952933e-28,3.731404247309993e-28,0.0019391823696234237,0.5821257512104673,0.4016305747743852
1869.0,3.899116423395425e-28,3.979163433868659e-28,0.0019325325616391623,0.5781716092638711,0.40211578856069335
1870.0,3.9356695182911516e-28,3.9104536486822023e-28,0.001907237415897202,0.5807773074312911,0.405124762426552
1871.0,4.0315492871191813e-28,4.049257968672771e-28,0.0018966790224008289,0.5849148340256093,0.40537800974279065
1872.0,3.3754265166741752e-28,3.382328784488155e-28,0.001911980870524116,0.5839038409825403,0.40690380770377255
1873.0,3.9220556260035238e-28,4.0073081703934125e-28,0.0018970409224912691,0.5802558450579534,0.40825190709538395
1874.0,4.0114086367876707e-28,4.0339966575436027e-28,0.0018845014043179556,0.5828975661118865,0.40858582983211966
1875.0,3.8806645048324532e-28,3.9402163831533003e-28,0.0018725641419455015,0.5785000915693138,0.40685545942248424
1876.0,3.5780618312207886e-28,3.642829362847611e-28,0.0018767546191873164,0.5805277373601412,0.40665803732868605
1877.0,3.7655106361823153e-28,3.7667478576553488e-28,0.0019138608713016008,0.5806071646385448,0.4039092694937092
1878.0,3.6952664217672604e-28,3.665192429300173e-28,0.0018603267366291874,0.577319755229214,0.40255484273312425
1879.0,3.7536218214559895e-28,3.757024461912774e-28,0.0018662337534744316,0.5783896492871778,0.40774954751377396
1880.0,3.2867998086704433e-28,3.2675742040110076e-28,0.001847830847337784,0.5809829254562887,0.4089062134194769
1881.0,3.7573700560287197e-28,3.8097810143729477e-28,0.0018816164406532361,0.5780581849704614,0.4072660163210019
1882.0,3.7181015056652444e-28,3.6393426866871788e-28,0.0018588849234567747,0.5751908606102822,0.4058167336398212
1883.0,3.910971596816078e-28,3.9244000846840075e-28,0.001861912056314805,0.5779828050554681,0.41024916523073907
1884.0,3.6882379759399965e-28,3.669888036724422e-28,0.0018403709140566624,0.5789205911969089,0.4081256340047398
1885.0,4.09505147474443e-28,4.2947296823999055e-28,0.001867778349752793,0.5781012487650967,0.40963906366403385
1886.0,4.609827824804725e-28,4.53077816585511e-28,0.001843808535048336,0.5760960144359873,0.4090695404690146
1887.0,4.364815554581539e-28,4.495660179026144e-28,0.0018260804981415633,0.5731911468584535,0.4103888658438497
1888.0,3.6166260628995383e-28,3.5528094005091214e-28,0.0018312574211141136,0.5787238272557624,0.4107295064769294
1889.0,4.477481123509116e-28,4.56106185490007e-28,0.0018355145492511165,0.5726248367632379,0.4111960687576902
1890.0,4.3725076063763045e-28,4.5147914926551454e-28,0.0018367250971864251,0.5759850158904762,0.4088597976792959
1891.0,4.149772941123386e-28,4.295499566008976e-28,0.0018068290089028687,0.5757061486865932,0.4089897303508986
1892.0,3.7391525624078335e-28,3.7874921533909743e-28,0.001796782787918491,0.5748041683412431,0.40855279361192065
1893.0,3.8910406960166437e-28,3.845289965331719e-28,0.0017967082671925178,0.5772034235426741,0.40645138373853845
1894.0,3.709759943779122e-28,3.7485771373172934e-28,0.0018136584503627717,0.5751874798034071,0.40191752644254236
1895.0,3.825590538059112e-28,3.887838336689331e-28,0.001806102683969022,0.5736517873029898,0.40784407756730595
1896.0,3.3664458749644123e-28,3.328545287921122e-28,0.0017620844310741797,0.5735524450791977,0.4065834893907341
1897.0,3.7995403987294414e-28,3.7688859944474763e-28,0.0017754123496496017,0.5713702958918786,0.4026960035496668
1898.0,3.719788216516111e-28,3.625339107640276e-28,0.0017886125760135485,0.5749803784002708,0.4001095340365669
1899.0,3.779200605954727e-28,3.829775680268569e-28,0.0017645684213482404,0.5723023396926185,0.40029102904919733
1900.0,3.4775538411183944e-28,3.580558550174171e-28,0.0017502609389967924,0.5712066796673625,0.3977276556819512
1901.0,3.8886919508723473e-28,3.9364954961596653e-28,0.0017671781795112833,0.571996856459757,0.4018674361762973
1902.0,4.131072881195681e-28,3.9852732006678377e-28,0.0017852026934986867,0.5731952707000623,0.39915493322518586
1903.0,4.0819338030759725e-28,4.141123197972576e-28,0.001754720190335314,0.5726199398969696,0.4024475153860045
1904.0,3.471605226886582e-28,3.436692063736401e-28,0.0017403323929524584,0.5714924124352202,0.3989829386513263
1905.0,3.9885604639926413e-28,4.040532886646035e-28,0.0017422441002677078,0.5719858313260656,0.40234518335498926
1906.0,4.078882143211923e-28,4.000870673713047e-28,0.0017410060769542735,0.5706790300807097,0.40059591613196877
1907.0,3.9368071064343336e-28,4.026011924320662e-28,0.0017495389809488143,0.5688205920459388,0.39573012912717137
1908.0,4.037139888919314e-28,3.7293535095966455e-28,0.0017502828755824147,0.5730569832325577,0.39881911409758736
1909.0,4.027823346402388e-28,4.025550919884933e-28,0.0017193334060088016,0.5677317348671034,0.39527722081646793
1910.0,4.046130207067271e-28,4.131722690923179e-28,0.0017308713410005222,0.568664544851459,0.39482279786031443
1911.0,4.090099682075775e-28,4.232292576565657e-28,0.0017300301466192374,0.5628741317073047,0.3935513955429301
1912.0,4.17582452165316e-28,3.7389138000801804e-28,0.0017321309578651367,0.566410863008613,0.39273122346980016
1913.0,4.269941456214634e-28,4.477552286847511e-28,0.0017076831862634545,0.5644931362224752,0.3921760328136263
1914.0,4.830525276564518e-28,4.60975367823991e-28,0.001703021631948561,0.5658179238728676,0.3903852392162646
1915.0,5.1538723272119445e-28,4.999265137762496e-28,0.001734627516563436,0.5652367949298721,0.3927388210024009
1916.0,6.116446456652303e-28,6.000304353508021e-28,0.0017166476585274355,0.5641996671929522,0.38967595554244383
1917.0,7.122326508901008e-28,7.053618505570494e-28,0.0017108443423154512,0.561197970015544,0.39092875713163666
1918.0,1.0282188069815748e-27,9.28494592477656e-28,0.0016994343475042117,0.5576758478688879,0.3885018009014933
1919.0,9.052846888409889e-28,8.84148544660991e-28,0.0017245339338131424,0.5550007373385983,0.38527539823681506
1920.0,5.1555252979886945e-28,4.990060752311199e-28,0.001719523618922072,0.5560253515544925,0.38605771170110453
1921.0,8.16207206928286e-28,8.624420786834431e-28,0.0017083620408171684,0.5541005081457722,0.3848442127704002
1922.0,8.736728408621715e-28,9.556553749477442e-28,0.0016881919825582172,0.5612529870964146,0.3922115035184614
1923.0,7.2836818565186195e-28,8.114716106121852e-28,0.0017008816349053022,0.560658046918669,0.3861333826630149
1924.0,6.107083520658959e-28,5.8221827379908525e-28,0.001683916706908391,0.5627484404064231,0.38969840240111964
1925.0,5.422808360040718e-28,5.731461188757491e-28,0.0016942281809210593,0.5654231750084046,0.3915141261951897
1926.0,4.584132591627124e-28,4.736991518866006e-28,0.0016865413881471825,0.5662756575349132,0.3915644739401701
1927.0,4.512849061135734e-28,4.743110120723124e-28,0.0016891148338171263,0.5618660682191322,0.3939247488577704
1928.0,4.4257796469438195e-28,3.93672748198219e-28,0.0017021173890922354,0.5613644093211448,0.39021368524271083
1929.0,4.413470621333344e-28,4.501279188161107e-28,0.0016747182960893815,0.5589252781899186,0.39081809378636834
1930.0,4.325656404053953e-28,4.181184551599984e-28,0.0016799664184791235,0.5630922531862139,0.39288992323274674
1931.0,4.188592952376085e-28,4.286470596502738e-28,0.0016619802611353063,0.5615359789707499,0.3940549383643367
1932.0,4.135761219589719e-28,4.0038675697538152e-28,0.0016897182660411743,0.5649961350849881,0.3923517358645118
1933.0,4.120462018576921e-28,4.232896861846515e-28,0.0016801659574904977,0.5618675845773826,0.3929289352599965
1934.0,4.083415812639044e-28,4.2021873291116835e-28,0.001667146860204826,0.5669437393848173,0.3959949775089751
1935.0,4.234126681936745e-28,4.293109857903595e-28,0.0016539208674653221,0.5694704617197467,0.3979732262692844
1936.0,3.5733012682688647e-28,3.5324831102098713e-28,0.001684824726285801,0.5726932202577539,0.40085428077658536
1937.0,4.346430810794643e-28,4.301109489671019e-28,0.0016447273940155731,0.5660366831985083,0.39995402677468
1938.0,4.241090808944969e-28,4.168893143535433e-28,0.0016700455934883123,0.5700358710765177,0.40085366858282856
1939.0,4.051311933894207e-28,4.102808308969725e-28,0.0016274560118564678,0.5646027876982412,0.39761811918443013
1940.0,3.8510383347187347e-28,3.8800362419006637e-28,0.001654521039359142,0.5675761960043577,0.39806460642019864
1941.0,3.873039780897397e-28,3.941578686848024e-28,0.0016414589658471654,0.5682994468512268,0.3965359828663182
1942.0,3.798380511454457e-28,3.82353160439828e-28,0.0016307375323799248,0.5658332970854407,0.3972767981595545
1943.0,3.955052507323154e-28,4.0359833484836395e-28,0.0016210024777349188,0.5645593802940982,0.39828060942592125
1944.0,3.517956426988951e-28,3.4682278610909695e-28,0.0016404121824304845,0.5703336788944939,0.40102165211027546
1945.0,3.9387887147091827e-28,3.9975857626420148e-28,0.0016433062668987346,0.5674596200363183,0.40184469080716473
1946.0,3.8347689112133007e-28,3.8703384868144413e-28,0.0016245736495952455,0.5638492712848189,0.39823249832157975
1947.0,3.9666963391347e-28,4.0816107437691385e-28,0.001616170887365066,0.5657056852025764,0.4014797923319987
1948.0,3.9523914539700917e-28,3.8955489152140835e-28,0.0016210558899339305,0.5715600418853903,0.4033757836900807
1949.0,4.229280363260489e-28,4.319651102514175e-28,0.001642332651742887,0.5661699238115715,0.40186115835947583
1950.0,4.79810150646094e-28,4.869705091992886e-28,0.001617701661012607,0.5673347359483352,0.40311369592366847
1951.0,4.514033825655469e-28,4.704846705067496e-28,0.001637508122537511,0.5641987484189873,0.4025128357943268
1952.0,3.8809767300141673e-28,3.7546458501369766e-28,0.001598064127369806,0.5689956578107371,0.4029185983808145
1953.0,4.5474001610533645e-28,4.6038573592428015e-28,0.0016362152448115186,0.5660592445477884,0.4050438666730604
1954.0,4.780240795163873e-28,4.579635389793985e-28,0.0016096964040007928,0.5667335557263347,0.4040889451292998
1955.0,4.258827028914866e-28,4.367840033478221e-28,0.0016148885713873368,0.5667218969808183,0.40066453125845625
1956.0,3.931282703840881e-28,3.9682256096639586e-28,0.0015933240521700286,0.5694186205075135,0.4014330136162534
1957.0,4.0103239669927997e-28,4.0371508323315355e-28,0.0016161829341166834,0.5682322941656488,0.4002563514743832
1958.0,4.11010848542702e-28,4.061764553216666e-28,0.0016127082857039718,0.5696762865817301,0.3964901399217421
1959.0,3.8715336674753713e-28,4.0195497611260485e-28,0.0015902994691278755,0.5662254117959749,0.4001745290427447
1960.0,3.538479631847877e-28,3.4756375609788206e-28,0.001598219138047173,0.5715599585944257,0.4011666866620558
1961.0,4.0135632671771985e-28,3.9680245299949866e-28,0.0015866623103164212,0.5679839667838867,0.39647896919038217
1962.0,3.7654718379634537e-28,3.7812320419011978e-28,0.001584956472841037,0.5698855787349911,0.3939259241280751
1963.0,3.920726404175942e-28,3.9638899145176883e-28,0.0015929344115045696,0.5683593370912909,0.39270394106091266
1964.0,3.793809268291804e-28,3.758440054138722e-28,0.0015710028905071758,0.5681822051040863,0.39211499954114615
1965.0,4.0108765764131805e-28,3.9594822907458793e-28,0.001574197919716957,0.5692326884672397,0.3957960300594607
1966.0,4.154032293838105e-28,4.201395068981161e-28,0.0016005314606453603,0.5696119159867419,0.39492130252798824
1967.0,4.228879430836218e-28,4.212384204125482e-28,0.0015746487034345627,0.5718884572946881,0.3972881046255284
1968.0,3.4507262897665867e-28,3.4868183688054124e-28,0.0015767658521641424,0.5702893049045344,0.3950384384095606
1969.0,4.20223449988615e-28,4.274271811827454e-28,0.0015860217596616788,0.5701310122846945,0.3960580590568549
1970.0,4.0931381842712235e-28,4.155127796250801e-28,0.0016006847531030842,0.5694028101902454,0.39550548165437804
1971.0,4.130458024173847e-28,4.197731266552251e-28,0.0015715862256997267,0.5667719708696057,0.38958214608268754
1972.0,3.924030653947978e-28,3.830925083715463e-28,0.001564776219540087,0.5713156712327105,0.3924802501123372
1973.0,4.380675713273893e-28,4.119625619470011e-28,0.0015560534055413264,0.5666639657727108,0.38906185192906606
1974.0,4.465574969888842e-28,4.137042307928567e-28,0.0015773089744418366,0.5685307171691605,0.390382997868236
1975.0,4.219177197189641e-28,4.192085290990989e-28,0.0015670702595503491,0.5639790682796902,0.38894207592978874
1976.0,3.7538939116060787e-28,3.753842466639186e-28,0.001569812947610743,0.5667518073749352,0.3886152558942093
1977.0,4.294430480713305e-28,4.375820970648359e-28,0.0015537261628291482,0.5691344636376082,0.39065025245418883
1978.0,4.717201431448514e-28,4.31521560617551e-28,0.0015658130417992595,0.5663379110687655,0.3863335095800414
1979.0,5.028179615478455e-28,4.727923367768558e-28,0.00154543982716466,0.5643151945590791,0.3869295780001227
1980.0,5.176101906109168e-28,4.84874215799797e-28,0.0015530492868899087,0.5678696787145904,0.3852770945489467
1981.0,6.492093778456249e-28,5.971155730746668e-28,0.0015329355881915432,0.5617649877366397,0.3866059674016313
1982.0,1.0511195076714943e-27,7.307172674922029e-28,0.00154138081751397,0.5612608654965705,0.3836302195487201
1983.0,8.3725403048649e-28,7.376989647993441e-28,0.0015597481309247369,0.5604392056363274,0.38165009513504616
1984.0,4.368772332510784e-28,4.403612379034425e-28,0.0015364499325933789,0.5615796362346231,0.38441569624240807
1985.0,7.689556589619127e-28,6.87640778674471e-28,0.0015410527474170135,0.5601390424125511,0.38214004105549726
1986.0,7.737301598951156e-28,7.216879305347058e-28,0.0015299065978859434,0.5647167112390518,0.3866042729785517
1987.0,6.809502433871985e-28,5.91345779302762e-28,0.0015533097035560712,0.5644553606488323,0.3820885116498662
1988.0,5.857464012972887e-28,5.158903346034725e-28,0.001538927098276289,0.564361422767293,0.38299566886811265
1989.0,5.418304858250786e-28,4.96630570047247e-28,0.0015305878389564997,0.566938017516228,0.3861423418473466
1990.0,4.400748943593156e-28,4.561516517320446e-28,0.0015167423440926317,0.5659424832867596,0.38637742682480924
1991.0,4.515558431842419e-28,4.7105683989686605e-28,0.0015363090087973596,0.5652402344228592,0.39043725281298725
1992.0,3.950373736039584e-28,3.9120863847255055e-28,0.0015233731005055986,0.5640504363666635,0.38536115322145803
1993.0,4.344510867860192e-28,4.4316667248979935e-28,0.0015144119663171923,0.5634192640370171,0.38616873015351877
1994.0,4.463058985359801e-28,4.263706516225069e-28,0.001531189185971025,0.5678319519214242,0.39014139806703213
1995.0,4.360427252144567e-28,4.448521848980219e-28,0.0015287068616098116,0.5652625316877316,0.3868199993817201
1996.0,4.133186425605335e-28,4.360695584571537e-28,0.0015157702641117711,0.5682295104805298,0.3873988279356307
1997.0,4.428683027401966e-28,4.433567767855724e-28,0.001514497463527705,0.5674690265766489,0.39017936063732206
1998.0,4.316752806733492e-28,4.514788856005454e-28,0.0015115399236938327,0.5692760357657063,0.39127076754482465
1999.0,4.6575542856992215e-28,4.718654606479681e-28,0.0015070535283005946,0.5740977155564635,0.392498973649283
2000.0,3.8856716807807e-28,3.861727021175649e-28,0.0015153127988886165,0.5712884783523379,0.3911359943072533
2001.0,4.5129880469529565e-28,4.633775462242672e-28,0.0015104782022341081,0.5705536771800754,0.39789498048116834
2002.0,4.3425162157002e-28,4.578339103630795e-28,0.0014931271195475387,0.5696390427179538,0.3939036417232139
2003.0,4.332444506425544e-28,4.585259207927289e-28,0.00148943307734194,0.5662857540340668,0.3906773900264657
2004.0,4.223765517132557e-28,4.690879061503202e-28,0.0015055594321360152,0.5676760516358367,0.3904170380980249
2005.0,4.194463746611829e-28,4.352534111593802e-28,0.0014902731533065977,0.5695649124416814,0.3881117531772597
2006.0,4.099017001781667e-28,4.2996423881895765e-28,0.0015098025627787379,0.5685009845087126,0.3922025330697369
2007.0,4.2123795308213634e-28,4.544400948349612e-28,0.001489581447872568,0.5678842372147603,0.39246809513501324
2008.0,3.891680108211816e-28,4.036707386852543e-28,0.0015052248828051726,0.5712388876053256,0.39325077810814485
2009.0,4.408743915543587e-28,4.522880400617998e-28,0.0014819840979608673,0.5676655866099565,0.39212721676236517
2010.0,4.330671610484315e-28,4.358801470245762e-28,0.0014727418255634811,0.5650100094749493,0.391468337997553
2011.0,4.315821449318327e-28,4.560463840742367e-28,0.0014718969901976234,0.5649501639621953,0.3927425862483955
2012.0,4.451407433978583e-28,4.421082341545987e-28,0.0014940713609182268,0.5709430934568058,0.3946304566480085
2013.0,5.041663723387638e-28,5.292548318593865e-28,0.0014890800907018708,0.5660894837227655,0.39313714288267165
2014.0,5.199928185418998e-28,5.4389068927539194e-28,0.0014754503650646006,0.5667165277984403,0.3950140306294078
2015.0,5.733316636437376e-28,5.823869723334698e-28,0.0014793514621324027,0.5626927322688489,0.39445868645094384
2016.0,5.140942077104609e-28,4.651403340784159e-28,0.0014787374235840326,0.5698257657412713,0.39457211313736446
2017.0,5.83182672482241e-28,5.518328697401263e-28,0.0014807551908881155,0.5643837780517517,0.39596183669393153
2018.0,6.0073057936673244e-28,5.987812596947353e-28,0.0014679006213081836,0.5673690202526808,0.39470467188124325
2019.0,5.185075453291563e-28,5.33360425770309e-28,0.0014644255442727257,0.5654639925733538,0.39200278909317987
2020.0,5.0224513190879385e-28,5.321488875522907e-28,0.001462111895710134,0.5688680700000893,0.3951596553327736
2021.0,5.435837537475006e-28,5.613296184687209e-28,0.0014794757530476321,0.5677460728201598,0.3908325371687132
2022.0,5.195130505842891e-28,5.069659408362525e-28,0.001460192258570794,0.5672771189184874,0.3884089219326583
2023.0,6.000672229975428e-28,5.984142907765199e-28,0.0014608221368178202,0.564002605249883,0.3918219305414179
2024.0,4.478785059095111e-28,4.771925913319334e-28,0.0014662059786770434,0.5668918112645184,0.3915358093128482
2025.0,5.344966715777072e-28,5.767666140193769e-28,0.0014831092053544212,0.5687151404201967,0.39122071035637923
2026.0,4.913475859581642e-28,5.911393613558403e-28,0.0014671944326586838,0.5673497567908591,0.3852242698868379
2027.0,5.932189221308208e-28,5.444021954842304e-28,0.00145247475341875,0.5663355072378865,0.38704883320012223
2028.0,5.2626215105221575e-28,5.018228870596232e-28,0.001444647503982196,0.5638615151440546,0.3827563881213056
2029.0,5.642502747050634e-28,6.007787665459488e-28,0.0014599007013353848,0.5656421256382258,0.38618884557078786
2030.0,5.842148786656815e-28,6.071632730735994e-28,0.0014670714638445636,0.566872299537581,0.3851491360838499
2031.0,6.058156852128721e-28,6.107240253806161e-28,0.0014586400481946564,0.5661875270856421,0.3875636366765871
2032.0,6.249693245495664e-28,5.703482417440691e-28,0.0014422187525130721,0.5639937643125831,0.3849149638199445
2033.0,7.815381435550382e-28,7.914471423549244e-28,0.0014582889445412034,0.5651741043154742,0.3860994575779668
2034.0,7.5175534239321285e-28,8.543726413507984e-28,0.0014563293481711591,0.5636312249835781,0.38460623474371114
2035.0,8.67572497520853e-28,8.219091593619197e-28,0.0014445957506687757,0.5623508923486745,0.3814573175005389
2036.0,7.156683145345283e-28,7.332187960300606e-28,0.0014288606169533158,0.5643269124958177,0.38158904075113304
2037.0,7.72884259701435e-28,1.0176694095758997e-27,0.0014568285953085625,0.560964739217098,0.378795026003179
2038.0,8.60196281450956e-28,1.0366760747401663e-27,0.0014592787337328573,0.5614026152115598,0.3785854775115958
2039.0,1.1536841431077263e-27,1.1276948180521645e-27,0.001443947865986707,0.5578986271725668,0.3787500236453596
2040.0,9.212725678913037e-28,9.68243081488567e-28,0.0014372348538608116,0.5598076359139218,0.3765859066181815
2041.0,1.6001969156048572e-27,1.710748234518622e-27,0.0014293345632876786,0.5591407508516625,0.377396625227335
2042.0,2.116411107681464e-27,2.1029196601171325e-27,0.0014489475578163156,0.5591372459669193,0.3755922946292766
2043.0,2.2495254082387755e-27,2.4557309068033595e-27,0.0014456220323570224,0.5589608914054576,0.3769887730114202
2044.0,3.110483140856073e-27,3.103710869997457e-27,0.0014285654617040536,0.5586913000763198,0.3747759193456199
2045.0,7.56110227708149e-27,6.688200140480862e-27,0.0014228075977072122,0.5556491856209916,0.37630810806398574
2046.0,1.0200627152904441e-26,1.0971774230027453e-26,0.0014419562723272123,0.5541110701168273,0.37369125781704887
2047.0,7.720786381570736e-27,8.844289022487905e-27,0.0014425974335078697,0.5504788287648636,0.37036173481682316
2048.0,1.2547552674997544e-27,8.267326576241125e-28,0.001394476729531509,0.44121630151297914,0.3116419491049502
2049.0,4.167606974873465e-28,4.483458701361846e-28,0.001352356794899916,0.28196103622712476,0.2153549314442907
2050.0,3.796608071965952e-28,4.082202563851503e-28,0.0013195678562235855,0.21045711685717897,0.15810202042466162
2051.0,3.626697546237281e-28,3.872647474768804e-28,0.001284894545459563,0.1749056491675572,0.1222561312166964
2052.0,3.482275112664185e-28,3.699338610601216e-28,0.001257670898321413,0.15313582659534938,0.09909000607782431
2053.0,3.355696615480798e-28,3.5546314806455375e-28,0.001234852819755235,0.1371021591564069,0.08217391183445578
2054.0,3.247813562171336e-28,3.5018596436785687e-28,0.001215307767691107,0.12351604973935912,0.06789826630424346
2055.0,3.214152846102535e-28,3.414231072866443e-28,0.0012392166898631922,0.11502461069162147,0.05875505312878818
2056.0,3.216378012682517e-28,3.3773473804736734e-28,0.0012067459688391983,0.10763990953620112,0.0506429915257314
2057.0,3.097759736478309e-28,3.299457399236336e-28,0.0011781846881376652,0.09969925220966443,0.04376159103984701
2058.0,3.0255673732545713e-28,3.1795753111314766e-28,0.001158663079081204,0.0930386395442981,0.038435905962324546
2059.0,3.0039180952978494e-28,3.1760153906695577e-28,0.0011680355560585278,0.08860365855728215,0.03480854816080818
2060.0,2.941735791468069e-28,3.1232299621408975e-28,0.0011400954082333942,0.08384872838750594,0.03203107175683392
2061.0,2.9520694227528084e-28,3.1181286157908394e-28,0.0011293145848215193,0.08082381577383371,0.030069830866997237
2062.0,2.874763714986295e-28,3.024030028544333e-28,0.001110198253741939,0.07658124700602768,0.027722087044939427
2063.0,2.880354088844126e-28,3.0563989163632645e-28,0.0011208423751365305,0.07374859906714555,0.026174377605882086
2064.0,2.802783593291397e-28,2.953998578096088e-28,0.0010816277162705985,0.06957320996521768,0.024277019742861353
2065.0,2.7859330693591964e-28,2.9448085005869747e-28,0.0010897521739567995,0.06797572659612601,0.023534018235574387
2066.0,2.7353573306841576e-28,2.871645692881175e-28,0.0010711970675885765,0.06584089768226219,0.022637856000745117
2067.0,2.7050559325279353e-28,2.8399295904986497e-28,0.0010718720086412491,0.06308215138549998,0.02153521187279594
2068.0,2.7278215595121457e-28,2.8772945582686035e-28,0.0010654526124697897,0.06105979380543792,0.020801763278144873
2069.0,2.628583361689847e-28,2.7780331721179635e-28,0.0010376353481008037,0.05863037535662854,0.019939411385445655
2070.0,2.6792794679360913e-28,2.8248587105965805e-28,0.0010298998249182196,0.057006967589243736,0.019338999343581437
2071.0,2.6594677436686053e-28,2.8002007752578116e-28,0.0010306708404541449,0.05570259358002182,0.018715769810254308
2072.0,2.6348730925071872e-28,2.7604198340229844e-28,0.0010252921635352324,0.05317784396348696,0.017949865028015863
2073.0,2.6138018948690446e-28,2.7645723827182227e-28,0.0010079677908877102,0.05183750952771586,0.017320683082462974
2074.0,2.562961725330261e-28,2.7106999227694324e-28,0.0010025294020205699,0.05056924804918893,0.01667472289197533
2075.0,2.5649274506405914e-28,2.711386281560861e-28,0.000980509051333177,0.04903563304836957,0.016125508720820324
2076.0,2.5598515038289517e-28,2.698557158810605e-28,0.0009943105566673257,0.04819857517273429,0.01573424030461139
2077.0,2.548966956329706e-28,2.6791431757867392e-28,0.0009697339779977511,0.046887229440885,0.015412254223771025
2078.0,2.544409426623875e-28,2.6628635680418953e-28,0.00095828453159221,0.04513693884502789,0.014875045097135131
2079.0,2.4731537941968874e-28,2.598336731034784e-28,0.000941096210151804,0.04348886496178611,0.014358439415112986
2080.0,2.542872022736068e-28,2.6294512376153733e-28,0.0009759264449109924,0.04439629065699489,0.01466084071828383
2081.0,2.505889282587641e-28,2.6122300293030733e-28,0.0009514498437314591,0.04256704200505977,0.014116309065068946
2082.0,2.4902561023384893e-28,2.611139793053371e-28,0.0009247446905702194,0.04104018057048793,0.013718420765895818
2083.0,2.4511843991364227e-28,2.5657426429264473e-28,0.000918547721107873,0.040220361170336325,0.013215940994058907
2084.0,2.441585790855596e-28,2.59522349506317e-28,0.0009246843938779868,0.03935645251417629,0.012853053826452163
2085.0,2.426030509968331e-28,2.5799904509896157e-28,0.0009128707005161235,0.03836592978857603,0.012533367452778948
2086.0,2.456364284806865e-28,2.5801876670158725e-28,0.0009068084450165565,0.03804264249414172,0.012410908671144876
2087.0,2.3784251728412467e-28,2.516804123057433e-28,0.0008858823856936597,0.03691655445164733,0.012000124306685235
2088.0,2.4127142310550607e-28,2.5363347768188016e-28,0.0008878483087086769,0.03638500509521653,0.011821686738518238
2089.0,2.3673574418890213e-28,2.512352838978006e-28,0.0008814288294202718,0.03535882712952884,0.011473983640798213
2090.0,2.41047662592029e-28,2.5455297838912644e-28,0.0008670814321065977,0.03486844340288665,0.011355203153959315
2091.0,2.324630675863647e-28,2.4441680828176497e-28,0.0008522497646188468,0.03363708144479461,0.011038237247044318
2092.0,2.3451157595164263e-28,2.491473027760671e-28,0.000849488037440625,0.03330675446918053,0.010860582639337115
2093.0,2.370326761239049e-28,2.508572168384067e-28,0.000853022355493949,0.032888935270219126,0.010800166260302837
2094.0,2.320603419461302e-28,2.4661426719180583e-28,0.0008399432026024109,0.03207201187149764,0.010584395884322426
2095.0,2.3251362191143954e-28,2.4532146654713326e-28,0.0008144743252638227,0.031038181787257167,0.010244890772049247
2096.0,2.278459360034849e-28,2.4140458117553643e-28,0.0008183299979141917,0.030534989640589268,0.010124344238679599
2097.0,2.324029071312103e-28,2.466098700274391e-28,0.0008209912084502617,0.030139872632450188,0.009984694344866487
2098.0,2.3280616020211746e-28,2.4515985179909684e-28,0.0008140912870960116,0.029624929438502964,0.009744413928146747
2099.0,2.2594097382503664e-28,2.380358328002358e-28,0.0007996754382022268,0.028706721755907938,0.009525724528671764
2100.0,2.2718574517224153e-28,2.3924136434669626e-28,0.0007848902112301172,0.02828881479191536,0.009340906936897053
2101.0,2.28506595604043e-28,2.4195051651847062e-28,0.0007946801653309517,0.027969259479837215,0.009212699451422203
2102.0,2.254199444836402e-28,2.3920684339362785e-28,0.0007824043204318538,0.027330254063678457,0.00901675506493662
2103.0,2.236172671782788e-28,2.3536726823819646e-28,0.0007674239363899361,0.026758595592005288,0.00883450840315581
2104.0,2.254889035284704e-28,2.3793838908439383e-28,0.0007607477714832622,0.026377565492790352,0.00873734625956889
2105.0,2.2734150368458245e-28,2.401520183684773e-28,0.0007764724587518357,0.026636534401415102,0.008840205441450456
2106.0,2.2298175987123916e-28,2.3321521795615624e-28,0.000754402658768092,0.0254996501887635,0.008474291914142507
2107.0,2.2430794647256863e-28,2.3594178278752306e-28,0.0007452883147488667,0.025121517230960316,0.008387607983455949
2108.0,2.186819915605928e-28,2.3045931506505705e-28,0.0007317780817277594,0.024374147403572567,0.008190194563573793
2109.0,2.1931913366651333e-28,2.289453320865266e-28,0.000724152167030345,0.024067031370269304,0.008011375740909878
2110.0,2.19077708945826e-28,2.306712901688135e-28,0.0007398460905135911,0.02401824890752351,0.008003382307789865
2111.0,2.175527511588794e-28,2.287063765902827e-28,0.0007269831745872725,0.023677210876784937,0.007861549908024141
2112.0,2.1621469552666926e-28,2.2827972168940126e-28,0.0007192135766080125,0.023270025526292266,0.007709430571379872
2113.0,2.073626653496227e-28,2.208238935357837e-28,0.0006996922816604388,0.022574992945427155,0.007471160600324593
2114.0,2.1959288236902974e-28,2.3140948696433363e-28,0.0007109703970218094,0.02265325163460562,0.00749918786238894
2115.0,2.0651804268199575e-28,2.201046040911035e-28,0.000697929398056028,0.02214355082420554,0.007331783727770116
2116.0,2.127098740056645e-28,2.251057107508361e-28,0.0006786730771520983,0.021532187246063695,0.007151725521270953
2117.0,2.088855103565859e-28,2.223446635849849e-28,0.0006911917242661308,0.02169151228892001,0.007220340773132569
2118.0,2.1069926830742004e-28,2.231951661837196e-28,0.0006907089368659192,0.021204045703997983,0.007011654980964827
2119.0,2.1008670983849955e-28,2.237459707310505e-28,0.000684554379224082,0.021128555112503004,0.007005559003149795
2120.0,2.048142418024851e-28,2.1583590463593828e-28,0.0006705395877153641,0.020444219874537487,0.0067770903227659905
2121.0,2.0836355475864993e-28,2.1984818378954766e-28,0.00066069683569037,0.02014732684211962,0.006688367652773064
2122.0,2.0754785778033557e-28,2.2013777848695928e-28,0.0006679619865721144,0.020137401747208475,0.00667329984732447
2123.0,2.061693500940084e-28,2.1624623048709508e-28,0.0006676611599915673,0.019995679445533265,0.006624786386455295
2124.0,2.030407251132428e-28,2.1463112097691256e-28,0.0006523694149851145,0.019445594920936126,0.0064749658095262
2125.0,2.082387269174614e-28,2.183103067678462e-28,0.0006459633220019028,0.01919872630212793,0.006410011295610538
2126.0,2.036956721804724e-28,2.1597438083850757e-28,0.0006391525179442872,0.01904335010983786,0.006368214907293582
2127.0,2.0408406768118105e-28,2.1614636698907064e-28,0.000649847279560949,0.01877722578917113,0.006263082475199655
2128.0,2.0109466390172456e-28,2.1544492563376074e-28,0.0006349510807185278,0.018422629412250834,0.006126090562229769
2129.0,1.9807542644157743e-28,2.1111931040354234e-28,0.0006268209116684967,0.018186603654744095,0.006048284148612253
2130.0,2.0468446555715388e-28,2.142947582766179e-28,0.0006205770585386336,0.017964596139353244,0.006002879665880644
2131.0,2.018946097445098e-28,2.140801984349303e-28,0.0006352104227437946,0.01816502310310691,0.0060272767888705945
2132.0,2.0393279144403933e-28,2.132575276489727e-28,0.000608210640606575,0.017233017188469854,0.005732144822335334
2133.0,1.9901056217672926e-28,2.109461412543179e-28,0.0006101571530338579,0.017432422018498598,0.005763230813587995
2134.0,1.9869957204214954e-28,2.089069478677407e-28,0.0005975694004191168,0.01680928295766434,0.005571885950134391
2135.0,1.9772750125040385e-28,2.1305499930660945e-28,0.000608694170469335,0.01706677327771109,0.005649804287103917
2136.0,2.0228359788206705e-28,2.170978911635306e-28,0.0005993169200067607,0.016929771824740238,0.005621381001267177
2137.0,1.9229077078464065e-28,2.0588726563558813e-28,0.0005742810476184736,0.016146421054987297,0.005345478953214672
2138.0,1.9730362490498837e-28,2.1005805477553393e-28,0.0005838217795467956,0.01637791149788477,0.0054549098444077425
2139.0,1.9729793752803895e-28,2.1063327879375106e-28,0.0005723416033313389,0.015924385249549342,0.005275855625227032
2140.0,1.9362068680675327e-28,2.0832417070070953e-28,0.0005724206211247308,0.01585771397359212,0.005291355709875779
2141.0,2.0008298338072249e-28,2.101859381433276e-28,0.0005689006359164563,0.01572080290578936,0.005269045726985386
2142.0,1.8943631691609791e-28,2.02254193270053e-28,0.0005614605017555351,0.01551873313065279,0.005210440826226284
2143.0,1.9858786350395102e-28,2.1262780142662e-28,0.0005584750114776698,0.015421689425723086,0.005270923103917846
2144.0,1.9520612732153096e-28,2.085576338276773e-28,0.000555490694455451,0.015164958083267203,0.005156343715242126
2145.0,1.9047802767669737e-28,2.0172091414781303e-28,0.0005436230211570825,0.014853032652212005,0.004994778525296572
2146.0,1.9542028611238124e-28,2.0944064743720767e-28,0.0005387769094286441,0.014705362476391695,0.004896775733968931
2147.0,1.8631933083193307e-28,2.001027873106717e-28,0.0005262980447041721,0.014352364559214409,0.004790569386049399
2148.0,1.9608011706466545e-28,2.0887362919057324e-28,0.0005481173294441323,0.014919186116161578,0.00494080583072271
2149.0,1.8916812007996126e-28,2.0188287814220161e-28,0.000532131446496231,0.014480989749698924,0.004786449319244394
2150.0,1.95253283213133e-28,2.0753593313999146e-28,0.0005115096092407193,0.014009662427974688,0.0046482412651242516
2151.0,1.8560396126303753e-28,1.9981324652413873e-28,0.000513381532383124,0.014065487040858264,0.004641863453811462
2152.0,1.8381163399130064e-28,1.987444971680446e-28,0.0005128572705689371,0.013856916427975532,0.004565294098309991
2153.0,1.9203992116348105e-28,2.04773258128595e-28,0.0005023059517272553,0.013726464913660714,0.004518253142467777
2154.0,1.9327944560373527e-28,2.0846838160854856e-28,0.0005155026999648877,0.013970151213690368,0.004616762605393936
2155.0,1.8843148633479167e-28,1.9911052798127784e-28,0.000490384185474758,0.013339090433187116,0.0043891006226594595
2156.0,1.8441515156695046e-28,1.9901923477365594e-28,0.0005051490749475395,0.01350044365703384,0.0044271468246480225
2157.0,1.8734200465720253e-28,2.015176225784776e-28,0.0004907118270798009,0.013116524809893036,0.004283131820877202
2158.0,1.8350263438546661e-28,1.969299202198365e-28,0.0004851956846554402,0.012990271206177295,0.004271975972765251
2159.0,1.7966321967986543e-28,1.9330889534573933e-28,0.0004798292785860263,0.012825232928194543,0.004200615762725668
2160.0,1.9369484924154392e-28,2.060353389920195e-28,0.00047635434272367346,0.012832578893703315,0.004207144513030828
2161.0,1.8705437132527945e-28,1.999246029422743e-28,0.00047982571710776257,0.012819627063328752,0.004177121740416561
2162.0,1.8984353707310871e-28,2.0001613746832934e-28,0.0004738053119113313,0.012692547583738178,0.004165151625241177
2163.0,1.8153070051460462e-28,1.932706877994515e-28,0.00045698092227695295,0.012275148870497797,0.004048190262799874
2164.0,1.8700260835139623e-28,1.98965095605031e-28,0.0004575349538053541,0.01227138089818499,0.004016335846713483
2165.0,1.8539176102341492e-28,1.9606229174100796e-28,0.00046746429536094654,0.012334792204852507,0.004047829838757072
2166.0,1.7802838186838385e-28,1.93150835275813e-28,0.00044926982556125166,0.012022935893785714,0.003948321102077851
2167.0,1.8632069530895583e-28,1.9667999422438552e-28,0.0004467892156240605,0.011989199934914353,0.003913159733090897
2168.0,1.8023704663103848e-28,1.9424440283307776e-28,0.00043884644067883615,0.011761284090296406,0.003836466045921565
2169.0,1.8999371344612833e-28,2.0233451564499776e-28,0.00045159822353045277,0.011939704865653034,0.0039062213623339797
2170.0,1.7713388821612143e-28,1.9073135675936438e-28,0.000429980103204936,0.011526756046882455,0.0037589578087171855
2171.0,1.7642840829457277e-28,1.8930882881122576e-28,0.0004247294595506636,0.011412309100641439,0.003732338635064247
2172.0,1.8698072314615158e-28,1.961814223534076e-28,0.00042619106389555635,0.0114320493888092,0.003748752234748873
2173.0,1.7905310038409972e-28,1.915545637973266e-28,0.00042433173111292515,0.011359878180787007,0.0037431126554822703
2174.0,1.8335046382309368e-28,1.9295161323184797e-28,0.00041720863865100564,0.011250795608139958,0.003686654519815269
2175.0,1.7706019222987536e-28,1.886781051785885e-28,0.00041078499420928324,0.01110412171177557,0.0036190717051917975
2176.0,1.8405122076153698e-28,1.9493007874884642e-28,0.00039999847656511467,0.010865324884656125,0.003558450739244347
2177.0,1.7803856871594025e-28,1.8853357124631039e-28,0.0004054581420594103,0.010989705542472144,0.0035983522805507363
2178.0,1.7650807415038222e-28,1.8682435735313354e-28,0.0004025101119013086,0.01084752787819762,0.0035330397240626076
2179.0,1.8409039264890102e-28,1.9485535650517703e-28,0.00039431464700345455,0.010751621068554937,0.003512041098204861
2180.0,1.7447712603620764e-28,1.8655287726143454e-28,0.0003957731758997921,0.0106611463302206,0.0034471743122837083
2181.0,1.8191944569199886e-28,1.9170768634326452e-28,0.00038303755615460086,0.010429039934470646,0.003377686761630713
2182.0,1.7710345584512067e-28,1.9036363244132615e-28,0.00039823190277136616,0.010663850213234984,0.0034610275734957663
2183.0,1.7076825693748075e-28,1.8194884477944685e-28,0.00037595946218133404,0.010195233491195155,0.003307612164178579
2184.0,1.837711174187556e-28,1.9537638639818373e-28,0.00037150022288878184,0.010184780569387826,0.0033346263645960567
2185.0,1.693550485055603e-28,1.8304756604854143e-28,0.00037112181914172225,0.010031091528348992,0.0032888288364044628
2186.0,1.8219841712350165e-28,1.9425849174190486e-28,0.00037479462588009197,0.010203099315629573,0.003329918081486644
2187.0,1.7135891494883067e-28,1.82531334547123e-28,0.00036737317635223365,0.009879293528579896,0.0032229963026693363
2188.0,1.7067613581844584e-28,1.8113223831180032e-28,0.00035886798050922174,0.009677940895919673,0.003142338461543084
2189.0,1.7477383151986496e-28,1.834481402784594e-28,0.0003488718748828134,0.00960815028541951,0.003112327684243432
2190.0,1.689440329207548e-28,1.7996190086834638e-28,0.0003624841285019667,0.009752915857892149,0.0031480256439837956
2191.0,1.7767667533518077e-28,1.8654262523325938e-28,0.00034659952100107513,0.00949195241219714,0.0030604650285696463
2192.0,1.6634125727174866e-28,1.7703352373771068e-28,0.000343438923164217,0.0093600010031049,0.003026331708392838
2193.0,1.6885672098887734e-28,1.8052800743685252e-28,0.00034390461372647125,0.00941694564281978,0.0030326302253250222
2194.0,1.7118937754480248e-28,1.8016463616127396e-28,0.00033767852543172217,0.009228410833229898,0.002973654947360595
2195.0,1.6929511002695467e-28,1.8085184429585452e-28,0.000342872931215619,0.009221873260741918,0.0029737925862507275
2196.0,1.7224983106245308e-28,1.8239971608717427e-28,0.00032671059828172643,0.009032928131423961,0.0029425341416013033
2197.0,1.6476239719857747e-28,1.7494457981195415e-28,0.00032167605281325585,0.008843695716268026,0.0028819984214044575
2198.0,1.6536787401981602e-28,1.77735694653388e-28,0.0003188507466383571,0.008840801911212006,0.0028753028847434314
2199.0,1.760909561385578e-28,1.8574875187101552e-28,0.0003251519901925195,0.008918259539321006,0.0029075986296877997
2200.0,1.6095092551744437e-28,1.7410097857391904e-28,0.0003110295828908553,0.008661688424398553,0.002822943467359679
2201.0,1.7201888752080592e-28,1.8082225285396923e-28,0.00030555254308156177,0.008653232303186242,0.0028319456500302894
2202.0,1.6314005969348707e-28,1.732480597931933e-28,0.0002944946579852414,0.008431242133874127,0.002749055780156059
2203.0,1.7115375833339562e-28,1.8167951632376044e-28,0.0003118957804075924,0.008704730881350294,0.002848867286009109
2204.0,1.6637548439703938e-28,1.7662559118579004e-28,0.00029704418170671337,0.008439524038009755,0.002764242203230791
2205.0,1.5897362449811458e-28,1.7134797802024792e-28,0.00029166406038842713,0.008198203358228968,0.0027023055357262528
2206.0,1.7220797298249977e-28,1.8203824878661897e-28,0.00029150316929486315,0.008248713006017764,0.0027076660945412156
2207.0,1.638279206791138e-28,1.7603781336793704e-28,0.0002963382305833547,0.008320171651783653,0.002718788476582144
2208.0,1.6253172300562908e-28,1.7629163651456707e-28,0.0002884932051863423,0.008145665232009316,0.0026679658097507842
2209.0,1.659147455510393e-28,1.749998516521995e-28,0.00028003225155885815,0.007974585203339855,0.0026324162542872447
2210.0,1.626602848645786e-28,1.7402904648011165e-28,0.0002761766895702988,0.007877270102575823,0.0025993451130990773
2211.0,1.6500721089799967e-28,1.7589699606708952e-28,0.00027720162367478215,0.007930423563362942,0.0026096780957696936
2212.0,1.631363395743142e-28,1.7478593825590763e-28,0.0002711385205373931,0.007782196523034259,0.002550525584287678
2213.0,1.5996937116166288e-28,1.6982758286561647e-28,0.0002624840689031285,0.007683374669470543,0.0025306482057535174
2214.0,1.6815410699444513e-28,1.7840470604479963e-28,0.00025545577314836377,0.007568212968482153,0.002499244097770949
2215.0,1.618451927082912e-28,1.7319688946249408e-28,0.0002544670322603956,0.0075343452283215505,0.0024997605707207295
2216.0,1.6320377912664754e-28,1.7375297856087076e-28,0.00026150518469898515,0.00766336624869032,0.002528471346531665
2217.0,1.6062180487833019e-28,1.721101933425856e-28,0.0002430995754124017,0.007390028472395723,0.002437052722346101
2218.0,1.6079802341387757e-28,1.7113484868554655e-28,0.00024199318856590134,0.007285173679306375,0.0024253256175076217
2219.0,1.6610471188908694e-28,1.7540446275201791e-28,0.00023818850487967232,0.007249361259648358,0.0023958890196831132
2220.0,1.5996615487943742e-28,1.7079700571431443e-28,0.00024428216288094123,0.007374871368038783,0.0024345155506067737
2221.0,1.6218480659774646e-28,1.7313345370637916e-28,0.00023746134279159853,0.0071628416327481955,0.0023733911436354576
2222.0,1.6243509710270293e-28,1.71571076143578e-28,0.0002257942224292302,0.007023100901992323,0.002332439920231559
2223.0,1.593096836573783e-28,1.6936617639984642e-28,0.00022370190891416526,0.006940232533530024,0.002306446040965465
2224.0,1.6085676869613067e-28,1.7051614593391532e-28,0.00022972057699763404,0.007008427516194455,0.0023341832043430456
2225.0,1.5879359716525052e-28,1.6698137302146942e-28,0.00021911422977245645,0.006958874722619535,0.0023202729936999595
2226.0,1.6316670923007662e-28,1.7218553568642538e-28,0.00021410723055147532,0.006790523773898486,0.0022753084090903226
2227.0,1.6024398277211827e-28,1.7055046628379418e-28,0.0002090433694194595,0.006740488811008941,0.002256596381738315
2228.0,1.5462304138060647e-28,1.656666985326073e-28,0.00021454636214974382,0.006750578900020543,0.0022622098491302855
2229.0,1.5900400153708338e-28,1.7024802340292005e-28,0.00021149572463512436,0.00668698895345996,0.00224418115434232
2230.0,1.6374534891441059e-28,1.7333718215513566e-28,0.00020069802243101133,0.006572054529373078,0.0022236284075750263
2231.0,1.5441737729373112e-28,1.649162241217539e-28,0.00019888569520521836,0.006466131502035122,0.002175682322633038
2232.0,1.5787846427019138e-28,1.6762046579849893e-28,0.00019752323478040552,0.006539166279160748,0.0022040660174616642
2233.0,1.5745583768265156e-28,1.6664391744990381e-28,0.0002026563895685856,0.006560914097406464,0.002229371605388941
2234.0,1.5997749218049636e-28,1.695927179125356e-28,0.00019297462118043012,0.006459290080392533,0.0021828400755470115
2235.0,1.597523955834138e-28,1.6804388643499482e-28,0.00018713197972693358,0.006282065077829281,0.0021286809163426376
2236.0,1.4943394047383817e-28,1.5975266915168402e-28,0.00017787828107351477,0.006100287856654686,0.0020588078958179586
2237.0,1.5692475033504536e-28,1.6720548705480285e-28,0.00019045865402034863,0.006413885740703863,0.0021684247910066456
2238.0,1.6189178731242488e-28,1.7035057765754333e-28,0.00017714900082922724,0.006122446245852484,0.002073815800789328
2239.0,1.5221253445359761e-28,1.620603254110506e-28,0.0001700202203839532,0.006052471380043971,0.002047669315625337
2240.0,1.5463751916574188e-28,1.6409720825049226e-28,0.00016372434829907946,0.005933461368108197,0.0020123320276963174
2241.0,1.531147488579283e-28,1.6250651514079177e-28,0.00017322968380848025,0.006055166365147065,0.002045081086202115
2242.0,1.5685470786003138e-28,1.6575389971850434e-28,0.00016238528902660205,0.005971907396186567,0.002023250308774081
2243.0,1.5519081579362582e-28,1.6526771269835387e-28,0.00016039040759614623,0.005856659673553664,0.0019789899976211957
2244.0,1.5133494835984813e-28,1.5922821424968612e-28,0.00015191608046877727,0.005774115244477402,0.0019516885420620283
2245.0,1.5364144394106598e-28,1.6123932520576244e-28,0.00015651600565219824,0.005809181632831226,0.0019542413017399644
2246.0,1.5863022796497023e-28,1.6534313254718629e-28,0.00015269315978880884,0.005744936984987827,0.0019370673422854732
2247.0,1.5153275435731169e-28,1.6179887464488503e-28,0.00014812754887064266,0.005662752607965837,0.0019092045987100495
2248.0,1.5062044793979103e-28,1.5869912245154215e-28,0.00014254745193461305,0.005480248118176133,0.00186237619901569
2249.0,1.5096807459119317e-28,1.6081284618957824e-28,0.00014349153119189671,0.005587518638094888,0.0018919707736732593
2250.0,1.5920704169231202e-28,1.6726749070387489e-28,0.00014725609812993356,0.005689379881940786,0.0019066374123373675
2251.0,1.5044742714427245e-28,1.5897469070149957e-28,0.00013452293208420323,0.0053829612521473615,0.0018281835200701824
2252.0,1.4943200309306482e-28,1.5964835805646607e-28,0.00013181668655665876,0.00541341123259281,0.0018374595668914063
2253.0,1.4878223657714818e-28,1.5847227548914897e-28,0.00012843561964853445,0.005344046487986102,0.0017973806797187864
2254.0,1.6021816253263538e-28,1.6736829517632113e-28,0.00013424443843574596,0.005499580601073642,0.00186067201686105
2255.0,1.503942649826542e-28,1.6112955057161e-28,0.00012490634982058942,0.005285415332167972,0.001797107611301425
2256.0,1.4963087229326743e-28,1.583851787856358e-28,0.00012008117772430118,0.005177134621007201,0.0017656639529234997
2257.0,1.5089386796685083e-28,1.6142331076081153e-28,0.00011814844989507721,0.005213034559987368,0.0017691127703809548
2258.0,1.568001765653549e-28,1.631067708379614e-28,0.00012433003115919902,0.005309067073794508,0.0017934959331885483
2259.0,1.4786763441915523e-28,1.578113050237295e-28,0.00011352582992332102,0.005130806628099613,0.0017454018522796721
2260.0,1.4911385233677429e-28,1.5832462738401365e-28,0.00010926477021448976,0.0050858130118601385,0.0017307831602345802
2261.0,1.468136389060398e-28,1.5739287857703365e-28,0.00010628186350696047,0.005015795668909614,0.0017069464301697744
2262.0,1.5202013413403026e-28,1.6073094901026793e-28,0.00010930639191257153,0.005155285935066327,0.0017556453354603875
2263.0,1.564729109508921e-28,1.6542868124033564e-28,0.00010697448249003924,0.00506722632176552,0.0017341969062974671
2264.0,1.4386435452854535e-28,1.5241610352799788e-28,9.762522965134514e-05,0.0048599644352150355,0.0016616210030357779
2265.0,1.4345864517585589e-28,1.5201289682543027e-28,9.420567720797605e-05,0.0048375229242885506,0.001655089696742697
2266.0,1.5304880091178228e-28,1.635295192786779e-28,9.72314431041664e-05,0.004960378617873783,0.0016771726902429624
2267.0,1.48694824086837e-28,1.5583495480325441e-28,9.442708133674079e-05,0.004920250410012397,0.0016683988386087703
2268.0,1.4575557439289205e-28,1.5370989488869402e-28,8.894480485945858e-05,0.004826537657663516,0.0016403946168548832
2269.0,1.472629303564147e-28,1.5680275575673592e-28,8.591843597710858e-05,0.004702409680902181,0.0015982525786229196
2270.0,1.4070493334296787e-28,1.497173373437343e-28,8.177103261889681e-05,0.004652048551241842,0.0015856439674826377
2271.0,1.5452778861406235e-28,1.6398771607354024e-28,9.191830899225486e-05,0.00488697260379024,0.0016553168309433508
2272.0,1.4609361993748073e-28,1.573468448132413e-28,8.145553834515792e-05,0.00469803930074255,0.001590661598021646
2273.0,1.4476680136685683e-28,1.5301202227820409e-28,7.533819704335909e-05,0.004630186402522854,0.0015800892321683362
2274.0,1.3936090373085545e-28,1.4903952693700813e-28,7.256050338447138e-05,0.0045038874730893115,0.001532859886065755
2275.0,1.522651702056717e-28,1.5992121517569157e-28,8.082113703476741e-05,0.004713977544315254,0.0016027009436607536
2276.0,1.4848403730557524e-28,1.573150979228667e-28,7.256076302137048e-05,0.004550495432251493,0.001550067777939359
2277.0,1.375554229805523e-28,1.4738958365156167e-28,6.622456987280069e-05,0.004404894752650596,0.0015050069184921063
2278.0,1.4211239566991282e-28,1.4942806319671045e-28,6.480055714659559e-05,0.004443886615359206,0.00152579483679387
2279.0,1.5335243850138847e-28,1.6301329149384295e-28,7.159851458783746e-05,0.004495536902312825,0.0015411568312771156
2280.0,1.4509603790888056e-28,1.55349039257695e-28,6.505940326068429e-05,0.004467954817802403,0.0015212281946602488
2281.0,1.4022281983591989e-28,1.478482646670492e-28,5.9790180681009774e-05,0.004322097187451768,0.0014838188491422947
2282.0,1.3872205328703114e-28,1.48111131919079e-28,5.793214250939021e-05,0.004249427644232565,0.0014542047771013084
2283.0,1.5443484356883184e-28,1.6545974562732577e-28,6.265052473201074e-05,0.004398767230323281,0.001512031609653398
2284.0,1.4064597441109939e-28,1.4894465737131445e-28,5.696579843613153e-05,0.00422285165958359,0.0014506663147681258
2285.0,1.4153574907951073e-28,1.506822284446559e-28,5.330944616094501e-05,0.004286525634941511,0.001469109676841717
2286.0,1.3550090657548093e-28,1.447701228066872e-28,5.097458355075698e-05,0.004116055729156956,0.0014189163716804628
2287.0,1.4870234077169658e-28,1.5961861532021046e-28,5.2190694970587826e-05,0.0042068768380364155,0.0014480843594564044
2288.0,1.4148718080803694e-28,1.5094135458001422e-28,5.299692855198466e-05,0.0042247500104193704,0.0014465271888575628
2289.0,1.3099755191146383e-28,1.3911007428155339e-28,4.791202347589602e-05,0.00405434225977421,0.0013811862056068522
2290.0,1.3093764388151828e-28,1.405336008444628e-28,4.558619643760689e-05,0.004118977309986845,0.0014118690413394768
2291.0,1.2465866115328566e-28,1.3250054014200166e-28,4.483746581054176e-05,0.004046914224533204,0.0013817310326462546
2292.0,1.319103070786843e-28,1.41420631771617e-28,4.651247135964772e-05,0.004079014162628232,0.0013908525141913134
2293.0,1.2358307635413085e-28,1.3158122112946927e-28,4.268285250416124e-05,0.003998808472758102,0.0013730016515815827
2294.0,1.1865466158619686e-28,1.2791545125916487e-28,4.094855924118419e-05,0.003913640834700862,0.001334344438916874
2295.0,1.2308457472134073e-28,1.3274243586143898e-28,3.904483098653645e-05,0.003943470319447445,0.0013569633695566527
2296.0,1.218300210738102e-28,1.309699062023415e-28,3.8157041077397466e-05,0.0038897863747945583,0.0013307530252142765
2297.0,1.2497197506418978e-28,1.3462960431292958e-28,3.875321288651736e-05,0.003925670639292114,0.0013366924880235905
2298.0,1.1999527324373635e-28,1.304010573466177e-28,3.588173513104291e-05,0.0038599291841497903,0.0013216603331476686
2299.0,1.182768428041007e-28,1.2617815433290266e-28,3.409776602321518e-05,0.003767819462458087,0.0012905981239315792
2300.0,1.2012216439604871e-28,1.3061955948606262e-28,3.23456108530648e-05,0.0038265308681311237,0.0013160683669570892
2301.0,1.1862736532827593e-28,1.2892353637021575e-28,3.13970726396374e-05,0.003730539082359026,0.0012804255261733004
2302.0,1.2434354802526718e-28,1.3448140699015685e-28,3.107403072682873e-05,0.0037691581593706745,0.0012895343349334596
2303.0,1.1961811250174643e-28,1.2884239185225154e-28,2.933004188048437e-05,0.0037004963374577694,0.0012788827435641142
2304.0,1.1822233529795258e-28,1.2694935335531346e-28,2.8236656334928567e-05,0.0036555481778777514,0.0012620777502729275
2305.0,1.1939418653289142e-28,1.303638258359853e-28,2.6868050638096426e-05,0.0037002359966412652,0.001276987339008736
2306.0,1.1802306554374931e-28,1.2729284468074888e-28,2.539947504406224e-05,0.0036123380522707733,0.0012506984023273973
2307.0,1.1884264229362648e-28,1.2742280060280683e-28,2.4954666139730425e-05,0.0035928668633659322,0.0012470429360858528
2308.0,1.2304021908087347e-28,1.3214933191856161e-28,2.419936837871626e-05,0.0036113942697718515,0.0012484817641961572
2309.0,1.176544265835134e-28,1.2739643420231082e-28,2.3054503571906135e-05,0.0035471812902367326,0.0012317018286789638
2310.0,1.187932013778587e-28,1.27204250134399e-28,2.223267635613973e-05,0.0035652746269217894,0.001239075987702576
2311.0,1.1678878069701125e-28,1.2656642683205928e-28,2.0778210230054275e-05,0.00345320556925898,0.0012007078927279789
2312.0,1.1396700162899076e-28,1.2310452067927963e-28,2.0179799000295947e-05,0.003454387037231206,0.001201031702043966
2313.0,1.1672595964075034e-28,1.2724451224898586e-28,1.9315270029899378e-05,0.003444861316085614,0.001194822497353994
2314.0,1.2296470651395687e-28,1.3284165580572733e-28,1.9125445136618586e-05,0.003474614187202338,0.0012070974916853936
2315.0,1.1536346285096374e-28,1.2691125069894323e-28,1.7519681358327506e-05,0.0033981543603090864,0.0011792844828697356
2316.0,1.1805339925842384e-28,1.2734956579977599e-28,1.7004508918843528e-05,0.0033686473883619006,0.0011769125116449018
2317.0,1.161059292835006e-28,1.2572170142884304e-28,1.616373182998852e-05,0.0033390942788252293,0.001168257247908429
2318.0,1.1453809537582832e-28,1.238639320005357e-28,1.5264282800239184e-05,0.0032831652090905537,0.0011419886066360064
2319.0,1.163358993576491e-28,1.2673380720441605e-28,1.4629669547893828e-05,0.0033060341595897253,0.0011512059370242748
2320.0,1.1571095048311428e-28,1.2468684645859258e-28,1.4286801753981046e-05,0.0032490221403153065,0.001133331547300792
2321.0,1.188724868108546e-28,1.2800785208683294e-28,1.3992953875738873e-05,0.0032932729366461646,0.0011478545148358068
2322.0,1.1573763408191472e-28,1.252518407430845e-28,1.2857322882748935e-05,0.003180659466869391,0.0011111446286928984
2323.0,1.1585529086034316e-28,1.2503572127657513e-28,1.2497658984990048e-05,0.00317298105952236,0.0011105734641906262
2324.0,1.1346371061519957e-28,1.2449185944425559e-28,1.1723717832262362e-05,0.0031755894111842203,0.0011141918788983133
2325.0,1.1399476604186748e-28,1.2293291248595604e-28,1.14656757243993e-05,0.003118731544941365,0.001092847915288708
2326.0,1.149751758134213e-28,1.2409237278090662e-28,1.0575783765485777e-05,0.0031258581956662645,0.0011026863530283469
2327.0,1.1339002918652062e-28,1.2195348661707198e-28,1.0605553639281505e-05,0.0030604461552294956,0.0010823651436392778
2328.0,1.125248313844917e-28,1.2079677592295472e-28,9.558882874945166e-06,0.003057758228194393,0.0010740693576711457
2329.0,1.1469315400341384e-28,1.2472698035547872e-28,9.464198837317897e-06,0.003083682934866623,0.0010925036853181068
2330.0,1.150290069424721e-28,1.2363532235188855e-28,8.825371969758237e-06,0.003004910077946611,0.0010590891866425487
2331.0,1.1542324327155006e-28,1.2426499633886338e-28,8.511468271658234e-06,0.0030330977815891664,0.0010704328934747994
2332.0,1.1319578108054884e-28,1.2199157424897167e-28,8.052981493297801e-06,0.002945453318720674,0.0010413933978367467
2333.0,1.1344429642492523e-28,1.226745322222384e-28,7.499397056263479e-06,0.0029769685771227983,0.0010573231248110734
2334.0,1.131861578989563e-28,1.2287883477787454e-28,7.200428756442176e-06,0.002936726403384606,0.001044467054768767
2335.0,1.1255501738076108e-28,1.2060946802229462e-28,6.958019752284974e-06,0.0028739839522042027,0.0010184683680328353
2336.0,1.1422677011795714e-28,1.2343018366994117e-28,6.48718418136899e-06,0.0029062209865571985,0.0010364555685175956
2337.0,1.1072503457013436e-28,1.189487573021004e-28,6.255617611324273e-06,0.002777082567503189,0.00099418689489309
2338.0,1.1348066155398412e-28,1.2240972947390816e-28,5.959927672214019e-06,0.0028875340470846237,0.0010298260441916184
2339.0,1.0983675842357033e-28,1.189135977505335e-28,5.512613186168432e-06,0.0028270214012959347,0.0010048189636879918
2340.0,1.1007424393733926e-28,1.2072146207259004e-28,5.1684280522464595e-06,0.0027372605534770385,0.0009811964947346922
2341.0,1.1317981138893956e-28,1.2284497769458494e-28,5.070910132053146e-06,0.0028337250440365856,0.0010177305863015322
2342.0,1.0910039924186038e-28,1.1834550158428597e-28,4.524560852009523e-06,0.0026905784448729305,0.0009700556903391043
2343.0,1.1159750570720004e-28,1.21591534611578e-28,4.301279309257462e-06,0.00276140922887845,0.000992662751813656
2344.0,1.1166085637362761e-28,1.2037441965104437e-28,4.1761317914346435e-06,0.0027344667662411964,0.0009855412479989375
2345.0,1.1093291459973141e-28,1.1876143960443285e-28,3.927580836702487e-06,0.0026782624612105787,0.0009656804288073896
2346.0,1.1162716406086627e-28,1.1989207595116714e-28,3.7485670472370765e-06,0.0027247239316408513,0.0009856030607249253
2347.0,1.0912296901668913e-28,1.1710125562375507e-28,3.5841775840698e-06,0.002650430980250336,0.0009573183490460775
2348.0,1.1124162888256272e-28,1.2056798749954983e-28,3.2812271521539388e-06,0.0026546984425983204,0.0009705085732717039
2349.0,1.1168716853710806e-28,1.1959399401110704e-28,3.2168766168318443e-06,0.0026636793115224332,0.0009577166472101464
2350.0,1.0838486092907842e-28,1.1664869094954127e-28,2.9138222573753158e-06,0.0026010021260643094,0.0009418652482731263
2351.0,1.079968339180189e-28,1.1577505189745635e-28,2.6947811079250144e-06,0.0025981798314417314,0.000939105859980244
2352.0,1.0714629105876732e-28,1.152929691605494e-28,2.602849287932306e-06,0.002549964619996341,0.0009247321380775459
2353.0,1.1028133134675425e-28,1.186266282013376e-28,2.4155868145459924e-06,0.0025842959251377185,0.0009381103651824657
2354.0,1.0758839344898348e-28,1.1512930240717348e-28,2.280854860046429e-06,0.0025283308440469483,0.0009160718560386068
2355.0,1.0901717806985956e-28,1.166074087428475e-28,2.1668679431468482e-06,0.002507952215336169,0.0009101157193257339
2356.0,1.0662967564171977e-28,1.1545277729150117e-28,2.047821648795894e-06,0.002528259880223813,0.0009196685230402343
2357.0,1.0942179160584732e-28,1.172267516958166e-28,1.9095019886283054e-06,0.0024797986563845735,0.0009003428067948886
2358.0,1.0772241696317091e-28,1.1486851659744656e-28,1.7828490836688079e-06,0.0025060799400793195,0.0009107124923963106
2359.0,1.0550623604932944e-28,1.1411555729535786e-28,1.689055646071476e-06,0.002455049251097786,0.0008895705782423185
2360.0,1.0662709932768148e-28,1.1437688144107064e-28,1.5403232346791075e-06,0.0024161655365440467,0.0008797771238357098
2361.0,1.0639243688586642e-28,1.1492375645651172e-28,1.475749697856077e-06,0.0024397685981652163,0.0008840495187928385
2362.0,1.0885336324961233e-28,1.168158426079534e-28,1.3764114460757494e-06,0.002408823608586762,0.0008766252198304108
2363.0,1.0671545144544787e-28,1.1431625471022337e-28,1.3227004285224818e-06,0.002426939597643277,0.0008767138607220877
2364.0,1.0532902493188708e-28,1.1353365760571269e-28,1.2225021342149018e-06,0.0023662025377847113,0.0008597223074959685
2365.0,1.0636333884821774e-28,1.1435489608664597e-28,1.128723927821899e-06,0.002333684505401192,0.0008476157635601698
2366.0,1.0538545036590564e-28,1.125580060912907e-28,1.0657018398541845e-06,0.002355073233648069,0.0008517054872062444
2367.0,1.0827878740664793e-28,1.1607037199642643e-28,1.0194807487388888e-06,0.0023563052073636965,0.0008546396653240348
2368.0,1.053049666989555e-28,1.142725979298408e-28,9.709025376921092e-07,0.0023172446302715853,0.0008437618767390504
2369.0,1.0375297857338697e-28,1.10761270947546e-28,8.778124946918629e-07,0.0022880477696310977,0.0008298214722806548
2370.0,1.0599871012030157e-28,1.1488912746787316e-28,8.540765808545529e-07,0.0022638360725158444,0.0008243290425787097
2371.0,1.0581450890362314e-28,1.1435768273822117e-28,7.697476109296014e-07,0.0022808455832208046,0.000832077468319994
2372.0,1.0622578988230163e-28,1.1513361190403095e-28,7.130780180508441e-07,0.0022735917372012898,0.0008226320274930945
2373.0,1.0536054537940214e-28,1.136796460196064e-28,6.828734548924005e-07,0.0022169654340282534,0.0008071634107542334
2374.0,1.0543563779657023e-28,1.1186237005181993e-28,6.577507996236588e-07,0.002245998826149841,0.0008183894965105615
2375.0,1.0392526930747177e-28,1.1325909253096162e-28,6.061282508447538e-07,0.0021846882551344567,0.0007952371255743964
2376.0,1.029228283346753e-28,1.1057046770556352e-28,5.494054758975076e-07,0.002194039627069342,0.0008012543765400111
2377.0,1.0564781597773028e-28,1.1505759724581818e-28,5.199753228563496e-07,0.0022223064176524333,0.0008085430585298592
2378.0,1.0114307299060972e-28,1.097715057156413e-28,4.739521274201812e-07,0.0021327169733968993,0.0007828247616170183
2379.0,1.0532558029361277e-28,1.1402109047170495e-28,4.671880385567662e-07,0.0022140957725387835,0.0008081438934183545
2380.0,1.0400506101687876e-28,1.1201425392752766e-28,4.3037735995895074e-07,0.002128230224679882,0.0007791457521413932
2381.0,1.0230616640800106e-28,1.0950069381909755e-28,3.9930144210799567e-07,0.0021248784661371607,0.0007719580876233575
2382.0,1.0554117754838041e-28,1.137312683214676e-28,3.7107673738194365e-07,0.0021516428599775536,0.0007890396115772234
2383.0,1.0192578809906215e-28,1.0905537990895656e-28,3.342569821238135e-07,0.0020648784262060527,0.0007592029889333557
2384.0,1.0128349889153507e-28,1.0917108993169298e-28,2.9637724544241587e-07,0.002111517135647566,0.0007733185674441794
2385.0,1.02689414786525e-28,1.113821609601987e-28,2.952100986297978e-07,0.002053255025677823,0.0007499783437563383
2386.0,1.0150432214164321e-28,1.0846214002706225e-28,2.7262650222820575e-07,0.002066212683257213,0.0007508791713614043
2387.0,1.0428625106524657e-28,1.118767209126187e-28,2.467564104335071e-07,0.0020764057565399586,0.0007561059642758317
2388.0,9.999301774598311e-29,1.0668932412194705e-28,2.2955859211425474e-07,0.0019850986407838065,0.0007273398391799993
2389.0,1.0251192481903617e-28,1.114119423584247e-28,2.0706689030538085e-07,0.002083298910455095,0.0007576462935575818
2390.0,1.001093385958925e-28,1.0849241587237037e-28,1.9201731375912108e-07,0.0019713803152688323,0.0007203754558391157
2391.0,1.0200965097733676e-28,1.091923102094082e-28,1.8477909704474377e-07,0.002028420133752754,0.0007364640240102916
2392.0,1.0228650601643995e-28,1.102918778273726e-28,1.685666025466779e-07,0.001999260235615218,0.0007299575733344181
2393.0,9.960141498118405e-29,1.0822327732766629e-28,1.5505158947772555e-07,0.0019373453251994432,0.0007111968881801576
2394.0,1.0082283555514474e-28,1.0792076959961115e-28,1.415165579128267e-07,0.002013930731037701,0.0007339891890080884
2395.0,1.0043371930685465e-28,1.0852139447339618e-28,1.3811089999092986e-07,0.0019490249100048219,0.000709850418945185
2396.0,1.0043612158890481e-28,1.0813138550605808e-28,1.252977787642823e-07,0.001955699456724386,0.0007161458264075202
2397.0,1.017782579780893e-28,1.096760527337993e-28,1.1621187145026075e-07,0.0019404113023341113,0.0007134471128654879
2398.0,9.793956419318544e-29,1.0611458693265933e-28,1.0598649740069501e-07,0.0018838683903025927,0.000685163819517827
2399.0,9.90322613441658e-29,1.0752697478124344e-28,9.462944436879558e-08,0.001961064699528568,0.0007216505591085297
2400.0,1.0152678449325452e-28,1.094041721898514e-28,9.141210655161835e-08,0.0018860267074264172,0.0006903781163233169
2401.0,1.0058784987558293e-28,1.0685615453815803e-28,8.367313615797282e-08,0.0019043514041793624,0.0007006475158199723
2402.0,9.981637851039431e-29,1.0779996761847717e-28,7.626325181336147e-08,0.001883525404574836,0.0006907722179996146
2403.0,9.863076146852742e-29,1.0693414694244368e-28,6.759696366806786e-08,0.0018515119577723574,0.000675686417202278
2404.0,9.962188834727743e-29,1.0799047357204575e-28,6.147186389110921e-08,0.0018879960220648212,0.0006878947849404796
2405.0,1.0031186525349385e-28,1.0804521234007611e-28,6.034200208885293e-08,0.0018247375462694443,0.0006697079373404892
2406.0,9.73444027817022e-29,1.049171168730846e-28,5.19106702871743e-08,0.0018527962596462646,0.0006830202262052876
2407.0,9.909885249847765e-29,1.0751216965166681e-28,5.068869797158372e-08,0.0018350998568126635,0.000675724432488946
2408.0,9.736639257499848e-29,1.0443259465648197e-28,4.362200993007991e-08,0.0017869564458648539,0.0006577796029590701
2409.0,1.0053994120868693e-28,1.083581368797437e-28,4.116472015452664e-08,0.0018329472515122448,0.0006748540874210777
2410.0,9.5071891739849e-29,1.0265455839116895e-28,3.614617567633458e-08,0.0017611593962506965,0.0006448509388968868
2411.0,9.974711210709664e-29,1.0821043153033363e-28,3.397549729965534e-08,0.001823894550592727,0.0006699448788390107
2412.0,9.590229775747169e-29,1.0237751513483617e-28,3.021721548413257e-08,0.001759736982879622,0.0006485970366308158
2413.0,9.711961759094282e-29,1.0494350008537047e-28,2.7162407388848136e-08,0.0017544156626023207,0.00064544224129681
2414.0,9.89691863954139e-29,1.0557561271468356e-28,2.6466336043876768e-08,0.0017674669077100014,0.0006513778294529725
2415.0,9.203484239666408e-29,9.846500306243532e-29,2.290612894783744e-08,0.0017184090964530488,0.0006345195077831816
2416.0,9.779122521482758e-29,1.0321865126776188e-28,2.1575659279632295e-08,0.001763489426336257,0.0006444816141779133
2417.0,9.333212585334728e-29,9.89271914877082e-29,1.9568536421651647e-08,0.001717423621047235,0.0006298344368668658
2418.0,9.207428661293256e-29,9.861710864040353e-29,1.708734856683223e-08,0.0017128163704485664,0.0006298972473319413
2419.0,9.267459382415063e-29,1.0007505895954814e-28,1.6841549831342222e-08,0.0017116134964179786,0.0006257790240290363
2420.0,9.180973748379691e-29,9.807945960375629e-29,1.4923763996308107e-08,0.001700735107518463,0.0006185006461248806
2421.0,9.328501750832992e-29,9.96911989872043e-29,1.3436172929620068e-08,0.0016979097378939953,0.0006198783794649344
2422.0,9.317672121110297e-29,9.947843746998938e-29,1.273628448802054e-08,0.001682748470639296,0.0006123467467133447
2423.0,9.093653900250846e-29,9.756497803579079e-29,1.1071675276374511e-08,0.0016896468155900228,0.000614206494326778
2424.0,9.146569154179327e-29,9.711361736292255e-29,1.030402736190103e-08,0.0016530621868381975,0.0006008095346006627
2425.0,9.215046537546042e-29,9.749997003058233e-29,9.616203984590643e-09,0.0016775496959971674,0.000606916671721323
2426.0,9.074525602560035e-29,9.749427272451761e-29,8.44175341710811e-09,0.0016469882368213254,0.0006001555041743829
2427.0,9.056146564648706e-29,9.67717020244091e-29,8.236305949201826e-09,0.0016264861886999774,0.0005906074216460427
2428.0,9.266886091785823e-29,9.936174757474562e-29,7.51585990513973e-09,0.0016480480283145808,0.0005970937655155821
2429.0,9.065006834718286e-29,9.723995535826889e-29,6.689816961378952e-09,0.001598564385611118,0.0005815844206620059
2430.0,8.996313680976022e-29,9.549840104925334e-29,6.229667616773336e-09,0.0016270786707863068,0.0005959766099058676
2431.0,9.107995089119002e-29,9.674636478791458e-29,5.545124438656292e-09,0.0016005614300889776,0.0005797390215175562
2432.0,9.068019346618658e-29,9.84426711403291e-29,5.382734691316578e-09,0.001617436492609359,0.0005905592648539039
2433.0,8.81663710729007e-29,9.405113048690576e-29,4.535916996673675e-09,0.0015899946859725097,0.0005756804143493417
2434.0,8.769940744532905e-29,9.32381839599347e-29,4.122506562270044e-09,0.0015575119958775563,0.0005671571527847574
2435.0,9.252394590599843e-29,9.845513261842678e-29,3.9631192299550146e-09,0.0016183242463955014,0.0005878208903121276
2436.0,8.945049551678339e-29,9.603608876803505e-29,3.3125284152215595e-09,0.0015528149172383916,0.0005649527226711287
2437.0,9.127695260707027e-29,9.759274398288414e-29,3.161312400611132e-09,0.001592928923466143,0.0005786045468347516
2438.0,8.852584765958285e-29,9.424192041071499e-29,2.8332129907636575e-09,0.0015548440726443635,0.0005643766349529401
2439.0,8.962255433524703e-29,9.575592076748384e-29,2.5990211781409793e-09,0.0015217107803133815,0.0005525440999752451
2440.0,8.65861798896853e-29,9.224024066800085e-29,2.3054389034335683e-09,0.0015653922964583406,0.000566617253255919
2441.0,9.006451986630286e-29,9.683086838088145e-29,2.061431001401551e-09,0.0015227887478546863,0.0005519180227031722
2442.0,9.082990404563247e-29,9.698883767522668e-29,2.1151662283430913e-09,0.0015715934128452513,0.0005687031145836134
2443.0,8.60975311826551e-29,9.141974127120946e-29,1.7263941517441748e-09,0.0015037624038670943,0.0005498773049629497
2444.0,9.044632641624496e-29,9.674461154242096e-29,1.593215754746106e-09,0.0015047972524229885,0.0005470916697444868
2445.0,9.048392774492333e-29,9.69977390193145e-29,1.5367075324136484e-09,0.001521901888233362,0.0005555204355340586
2446.0,8.349054301141795e-29,8.874703123361027e-29,1.076684475045175e-09,0.0014706383327920938,0.0005399079003792389
2447.0,9.137111147677151e-29,9.767153070458365e-29,1.2558697537009105e-09,0.0015490543650897206,0.0005625248669161927
2448.0,8.909660450553671e-29,9.665901881096407e-29,1.0578772034855317e-09,0.0014864474220154678,0.0005446467568448662
2449.0,8.580609091739943e-29,9.116526413870289e-29,7.969432550116699e-10,0.0014801911910530816,0.0005371101189999334
2450.0,8.842206387438532e-29,9.468449031180616e-29,8.754857165431272e-10,0.0014840407502621428,0.0005368023095762847
2451.0,8.412304756089272e-29,8.925142228744547e-29,6.483499927132551e-10,0.0014394378728285761,0.0005208707335240023
2452.0,8.956991390766889e-29,9.58428536755684e-29,6.802109995971911e-10,0.0014994538173598434,0.0005410778116442283
2453.0,8.777349077634193e-29,9.305104615567822e-29,6.322644761957712e-10,0.0014552413924144164,0.0005285946737591496
2454.0,8.565944848855308e-29,9.158444043001707e-29,4.583106221094224e-10,0.001451598633072021,0.0005229333759690782
2455.0,8.723483755420648e-29,9.326101591620796e-29,5.113019768564593e-10,0.001446800183153303,0.0005201897955415101
2456.0,8.792421039612366e-29,9.559060958665617e-29,4.2775878645860086e-10,0.0014243692335167276,0.0005133031257910435
2457.0,8.321004709941107e-29,8.970415338482144e-29,3.5759683625691325e-10,0.0014485249460179622,0.0005227245624453429
2458.0,8.943454712890572e-29,9.493746438526e-29,3.713134841618275e-10,0.0014141423429034387,0.000512029746697597
2459.0,8.31920962201839e-29,8.794744828863737e-29,2.77938393071582e-10,0.0014137214874604307,0.0005117476901476385
2460.0,8.490067404025407e-29,9.132374632403849e-29,2.955866292405445e-10,0.0013864785313061794,0.0005018051858243198
2461.0,8.882935330176675e-29,9.448608175711603e-29,2.5276123783057497e-10,0.0014187353644706168,0.0005137560373246837
2462.0,8.274829452553002e-29,8.897042791605283e-29,2.1729388729442073e-10,0.0014013851214755707,0.0005025470330752689
2463.0,8.51712448697542e-29,9.114236856455288e-29,2.0598097030209895e-10,0.0013677918861793822,0.0004900915155451624
2464.0,8.330282295696422e-29,8.96921332159551e-29,1.6249761178782484e-10,0.0014091822583075153,0.0004990542908088597
2465.0,8.583740804349696e-29,9.220029098814776e-29,1.6389021535640296e-10,0.0013530065438753683,0.0004845937732479797
2466.0,8.473046899623059e-29,9.062883069889611e-29,1.3560126430790633e-10,0.0013962399133156755,0.0004982939085693163
2467.0,8.395550498844134e-29,9.085144945769677e-29,1.2940651282730332e-10,0.0013618527793758878,0.00048522865724356587
2468.0,8.327504925262344e-29,9.03153942025221e-29,1.1215857311781614e-10,0.0013392347579689642,0.00047699499762339997
2469.0,8.561489769955313e-29,9.238106442505758e-29,9.689211118503168e-11,0.0013961476689510364,0.0004919621189950551
2470.0,8.317429036760178e-29,8.960769969001762e-29,9.095436643401928e-11,0.0013194801571565998,0.00046928110897522733
2471.0,8.244235166615338e-29,8.874137699103835e-29,7.226626670331673e-11,0.0013660393564193043,0.0004841288916070639
2472.0,8.488232139510843e-29,9.164146601214829e-29,7.374178248009581e-11,0.0013288133086053764,0.00047443625996206724
2473.0,8.156276667235197e-29,8.658536484006206e-29,5.830738436490983e-11,0.0013167195077826383,0.00047065963418558643
2474.0,8.649846605437677e-29,9.233298520828859e-29,5.702148224116209e-11,0.001335926552032863,0.00047572700999419596
2475.0,8.188638784016752e-29,8.75423850085174e-29,4.900537888285684e-11,0.001281021805700878,0.00045217376221856344
2476.0,8.386451583990024e-29,9.040317285312716e-29,4.2264064296250366e-11,0.0013411745322391667,0.00047641085829432296
2477.0,8.392444693943451e-29,8.931694087576226e-29,3.992308773860729e-11,0.0012843756059015769,0.00045361796021782107
2478.0,8.343074957148378e-29,8.852245277345331e-29,3.302436739618257e-11,0.0013074013172792683,0.0004624610718982937
2479.0,8.496032515214709e-29,9.092442624116803e-29,3.17780176468517e-11,0.0013066003118961242,0.0004627306999903899
2480.0,7.930120261631922e-29,8.597596995510212e-29,2.507866254267303e-11,0.0012463788543237695,0.00044379697114004744
2481.0,8.526301917089561e-29,8.985869511477624e-29,2.4456928532661087e-11,0.0013217141275509601,0.00047043260626920206
2482.0,8.044376323927331e-29,8.619288530203793e-29,2.1177876490076964e-11,0.0012432042445972326,0.00044339409255240373
2483.0,8.418699741114349e-29,9.062999080384295e-29,1.9298383632930294e-11,0.0012887645241561455,0.0004606047533118155
2484.0,8.215521987645736e-29,8.838034964978136e-29,1.742318001726409e-11,0.0012565811978714398,0.00044896045591116617
2485.0,8.103847237638254e-29,8.653913241355237e-29,1.4905273231632578e-11,0.0012382671531284784,0.0004395927031119339
2486.0,7.819062535865661e-29,8.451769758145641e-29,1.257749602619728e-11,0.001275134648696559,0.00045142806604663266
2487.0,8.37526530729903e-29,8.888233406245773e-29,1.1603064275576226e-11,0.0012218254543346868,0.00043248788147958703
2488.0,8.022128087350276e-29,8.492742421007394e-29,9.944383760342246e-12,0.0012755041022983501,0.0004466682700497379
2489.0,7.962067589548704e-29,8.627262732837026e-29,8.736390719635516e-12,0.0012253292936596223,0.0004307028591511182
2490.0,7.924751271868786e-29,8.515035112525672e-29,7.546778077989881e-12,0.0012339239385013448,0.00043454015917192187
2491.0,7.962332931155958e-29,8.500777433708526e-29,6.531169785614471e-12,0.0012314848061131993,0.000433529531321086
2492.0,7.864130074939575e-29,8.465217410310753e-29,5.96350224426945e-12,0.0012009790186226115,0.0004222286625520553
2493.0,7.952171270640625e-29,8.347594684559236e-29,5.244944463995271e-12,0.0012581477849417533,0.00043764777191991
2494.0,8.037225749078416e-29,8.756223350251868e-29,4.752945202894274e-12,0.001202142053325573,0.00042492583630070657
2495.0,7.683106799152693e-29,8.157688352435068e-29,4.0292187284434504e-12,0.0012077067192296724,0.0004220137298609082
2496.0,8.110352013367086e-29,8.69006457412662e-29,3.742950064986612e-12,0.0012094089701195484,0.00042232833398763244
2497.0,7.760643288878014e-29,8.19108322970991e-29,3.2456922342631528e-12,0.0011672923741134953,0.0004096651620234626
2498.0,8.129746950012714e-29,8.770620293809453e-29,2.8320247964674523e-12,0.0012179117806957426,0.00042532253476956034
2499.0,7.78199638860834e-29,8.278092368223307e-29,2.4438098322165048e-12,0.0011799832604276925,0.00040866964352903406
2500.0,7.737024034598948e-29,8.368667532668385e-29,2.1077523430839424e-12,0.0011908341150251313,0.00041576299931683373
2501.0,8.024160527148335e-29,8.491862748238895e-29,1.867694507472807e-12,0.0011751886992625322,0.000407933155764745
2502.0,7.623040912409047e-29,8.129653196023695e-29,1.6285118542406415e-12,0.0011640976583582956,0.00040337184405069725
2503.0,8.21853848050136e-29,8.735199659637374e-29,1.4020874139387454e-12,0.0011758426396176207,0.00040690052105603385
2504.0,7.56228995515877e-29,8.161599848112488e-29,1.31232376247591e-12,0.0011416462673677105,0.00039527038582508204
2505.0,8.087881954127655e-29,8.53824309581143e-29,1.0508292514892553e-12,0.0011742605471339285,0.00040719589716260723
2506.0,7.528913904558007e-29,8.01906149919774e-29,9.504771310591949e-13,0.001128411219501712,0.00039181704030640007
2507.0,7.770957606005355e-29,8.320712668694835e-29,8.580846282529447e-13,0.0011448714919112498,0.00039614151298138033
2508.0,7.756507167315013e-29,8.274294040172977e-29,6.808264146148134e-13,0.0011443866310235304,0.0003955966409190466
2509.0,7.583270383880785e-29,8.176211472991725e-29,6.727536613725432e-13,0.0011117465804776374,0.0003830686271243553
2510.0,8.14386898251428e-29,8.835391799904583e-29,5.753802587995684e-13,0.0011656065579962937,0.00039943181101593177
2511.0,7.336545638269062e-29,7.841839769460864e-29,4.652406262949536e-13,0.0011055531895418874,0.0003818033391722537
2512.0,7.890075489519218e-29,8.55058877646817e-29,4.2317138139689483e-13,0.0011407665537046896,0.00038977188294632393
2513.0,7.495711044143977e-29,7.991511842945574e-29,3.579780470348088e-13,0.0011105456136605162,0.00038004270927160556
2514.0,7.775411341550654e-29,8.151716471687583e-29,3.172759467060684e-13,0.0011037554325405694,0.0003770259174725516
2515.0,7.935949980681556e-29,8.596539945870116e-29,2.8092395785563147e-13,0.0011190386235817044,0.0003818932759173269
2516.0,7.280715087261392e-29,7.905535742074494e-29,2.2848107862063363e-13,0.001084127010468855,0.0003688045924733275
2517.0,8.011629428472853e-29,8.471564197444183e-29,2.072631072593094e-13,0.0011189378605456516,0.0003794271442871925
2518.0,7.532898420520804e-29,8.026060691156876e-29,1.7261207373260662e-13,0.0010845311071022241,0.000371564886339918
2519.0,7.628690803634297e-29,8.169779518818373e-29,1.507355978917479e-13,0.0010830348689155724,0.0003694661154460508
2520.0,7.780450031068739e-29,8.288115766075312e-29,1.3173685898441733e-13,0.0010895227100965806,0.0003711477459209574
2521.0,7.378467774614938e-29,7.760009886702023e-29,1.1020259487636137e-13,0.0010603380798640302,0.00036012242072137483
2522.0,7.916090271278101e-29,8.55083257115548e-29,9.830138717842706e-14,0.0010986911565666686,0.0003721634402441539
2523.0,7.245701351058547e-29,7.733938317327102e-29,8.300419813363222e-14,0.0010611316087275682,0.0003620705779532486
2524.0,7.78530348437358e-29,8.159117290392538e-29,7.134889096506719e-14,0.0010600223759619043,0.000359379385756459
2525.0,7.513158134738461e-29,7.894888763203945e-29,6.149846442321585e-14,0.0010707117175793768,0.00035955489893548735
2526.0,7.354836761494724e-29,7.901803156814145e-29,5.326720545677831e-14,0.0010489991089192836,0.00035534405844715093
2527.0,7.406578012449582e-29,7.906267770720789e-29,4.5235377641466755e-14,0.0010584080953154956,0.0003547127091717618
2528.0,7.512287946133786e-29,8.038418180659374e-29,3.907909939060753e-14,0.0010453732213883946,0.0003544768711301999
2529.0,7.501355586578651e-29,8.029656695861425e-29,3.217426479032544e-14,0.0010470164510043337,0.0003517601203128734
2530.0,7.494368936414782e-29,7.911013553150986e-29,2.9027762675831535e-14,0.0010524748795535054,0.00035549024128415533
2531.0,7.526806790227152e-29,8.117759248081688e-29,2.5087946146389162e-14,0.0010443909444137274,0.00035201302458581296
2532.0,7.28609000946282e-29,7.697523905637329e-29,2.1812167861189392e-14,0.0010341082822904733,0.0003477403206050043
2533.0,7.138517583012285e-29,7.530848595194878e-29,1.793964121654875e-14,0.0010154088775893972,0.0003431055198457187
2534.0,7.526718791190162e-29,7.984183091223083e-29,1.6963001785442175e-14,0.0010471005435502183,0.00035446042784893913
2535.0,7.288101942461397e-29,7.61282662654217e-29,1.4201606902339537e-14,0.0010045944458944754,0.0003412550997295208
2536.0,7.594139174207908e-29,7.988605931702499e-29,1.2678502130739717e-14,0.0010374269760893848,0.00035225514473475396
2537.0,7.118628289039621e-29,7.544915852194686e-29,1.1241658001421825e-14,0.0010008743144448522,0.00033855060778851815
2538.0,7.13029005871614e-29,7.421218142556163e-29,9.066225391573302e-15,0.0010031016099331994,0.0003421550600019596
2539.0,7.625916223464848e-29,8.103919163611646e-29,8.05944548514601e-15,0.00103783072110914,0.0003510208639417785
2540.0,7.048401574558457e-29,7.451256156671276e-29,6.6732618607006295e-15,0.0009899212404305352,0.0003346583150483764
2541.0,7.77369529868869e-29,8.319653729601296e-29,5.850994706469666e-15,0.0010237448020087316,0.00034495937529288226
2542.0,7.105495865324935e-29,7.41022545231693e-29,5.096195335393546e-15,0.0009754995722349877,0.00033036993430638276
2543.0,7.441497340451595e-29,7.879999828211467e-29,4.1749923174707865e-15,0.0009969077195185285,0.00033773781766570187
2544.0,7.089337039403401e-29,7.549378415326302e-29,3.605634120829506e-15,0.0009918549175198309,0.0003347681801322097
2545.0,7.105576873686155e-29,7.467654576378977e-29,3.033825284418021e-15,0.0009679251767811356,0.0003258698004504329
2546.0,7.31824788404155e-29,7.825061813163538e-29,2.484146388772623e-15,0.0010025939407616597,0.00033550840322883095
2547.0,6.910136442633994e-29,7.346067698547447e-29,2.177054945227692e-15,0.0009601314069509898,0.00032133934741084447
2548.0,7.576274034181786e-29,8.030588003472094e-29,1.8008109808497262e-15,0.0009857605495597623,0.00033002127688303717
2549.0,6.904253841879961e-29,7.449311285457994e-29,1.5417229887036057e-15,0.0009720294300757193,0.0003241396207092029
2550.0,6.868465048342748e-29,7.283116643732616e-29,1.3664933143370735e-15,0.0009380761317742043,0.00031445997934827734
2551.0,7.532083145497517e-29,8.022897864431569e-29,1.1570911276231446e-15,0.0009847731338645544,0.00032813857525331233
2552.0,6.84656720913751e-29,7.328566085662646e-29,1.0052987319350494e-15,0.0009365631021569905,0.00031156746770233385
2553.0,7.372311814932561e-29,7.851428565030799e-29,8.747647544453755e-16,0.0009751233929554376,0.000323763241326285
2554.0,6.98879160511992e-29,7.432556025998904e-29,7.403972687870206e-16,0.0009495371371606895,0.00031389920892715755
2555.0,6.803772224887832e-29,7.242686082305537e-29,6.321276453987298e-16,0.0009386860916360787,0.00031249542087884256
2556.0,7.224998409439532e-29,7.775205481842612e-29,5.367364330010439e-16,0.0009388899725293649,0.0003120278518695685
2557.0,6.927185961792449e-29,7.246803985081545e-29,4.57623963916159e-16,0.0009153723953467457,0.00030377118240571167
2558.0,7.050706857931695e-29,7.686786780804963e-29,3.8488947575588985e-16,0.0009702425315047739,0.00032129509695150616
2559.0,6.574193254633618e-29,7.071210692420637e-29,3.186781433712437e-16,0.0009130829296839855,0.0003013197148814263
2560.0,6.654609809199552e-29,7.07793288107866e-29,2.695761109326199e-16,0.0009335389864331329,0.0003082424764872951
2561.0,6.492450490431975e-29,7.194629466523682e-29,2.141034064738115e-16,0.0009165950000113697,0.0003009913636833181
2562.0,6.099644437207088e-29,6.668763233060383e-29,1.7868508860868272e-16,0.0008890871203244288,0.00029242185113268057
2563.0,6.707193528277344e-29,7.373879133911172e-29,1.507754745746581e-16,0.0009543903251572685,0.0003139667439789303
2564.0,5.886997879970161e-29,6.471252925162475e-29,1.2217322588574696e-16,0.0008783554137976494,0.0002884053026055874
2565.0,6.136916035058255e-29,6.870752496754352e-29,1.0931740937280177e-16,0.0009260262854280076,0.0003030924870528832
2566.0,6.216330304194105e-29,6.998155130626129e-29,8.713499910535764e-17,0.0008831867164012719,0.0002915879963370595
2567.0,5.819656560800756e-29,6.486209448145823e-29,7.396495937643875e-17,0.0008763845242529826,0.00028778871347532453
2568.0,6.358753067449511e-29,7.110003673586973e-29,6.618946895204004e-17,0.000939973917156085,0.00030724035029049574
2569.0,5.890438129650189e-29,6.627678528034853e-29,5.2930180362811314e-17,0.0008705221722470159,0.0002859302630890041
2570.0,5.91683750577216e-29,6.642615316031539e-29,4.596724730333209e-17,0.000911923369464737,0.0002973844480404825
2571.0,5.979671437004753e-29,6.742430222232327e-29,3.7617206267223686e-17,0.000871674444226452,0.00028406817676066644
2572.0,5.923043258686962e-29,6.643603103281437e-29,3.032801354158965e-17,0.000882632637031824,0.00028794300854480845
2573.0,6.149531634685161e-29,6.806409921479741e-29,2.711940047943294e-17,0.000892343893868925,0.0002930081350317655
2574.0,5.716634444323641e-29,6.478536165347094e-29,2.163678821810878e-17,0.0008483650244932664,0.0002783822228912863
2575.0,6.022934528582458e-29,6.782829095638795e-29,1.9822976009271993e-17,0.0009031143764013337,0.00029480883032613513
2576.0,5.824463649194922e-29,6.585037839348735e-29,1.5090001251213948e-17,0.0008555774936775519,0.00028159589565775986
2577.0,5.845973773649186e-29,6.481720159439425e-29,1.3224800713153248e-17,0.0008726536377713775,0.00028443849503656803
2578.0,6.018898806845944e-29,6.670893656674966e-29,1.1132195681095616e-17,0.0008696169453847381,0.000286862324395284
2579.0,5.777588444239438e-29,6.458145239431518e-29,9.366775022721994e-18,0.000834208583065519,0.00027480474377696425
2580.0,6.003646405070356e-29,6.676022325222867e-29,7.487196473883691e-18,0.0008909249779589275,0.00029234763995124503
2581.0,5.915665952905283e-29,6.745092531410048e-29,6.0125741686594594e-18,0.0008345824986091396,0.0002749445574008799
2582.0,5.685438635813703e-29,6.289083967713704e-29,5.103550269210597e-18,0.0008648779070789884,0.00028248180907811804
2583.0,5.988534376132952e-29,6.655271742756803e-29,4.3846082991894294e-18,0.0008407864321540309,0.0002762944354623663
2584.0,5.673073234210302e-29,6.422999464307554e-29,3.5066525704337464e-18,0.0008374733530997066,0.00027257374526444534
2585.0,5.852146030775898e-29,6.530706572842246e-29,3.2070261055459953e-18,0.0008661896483590673,0.0002838602936242137
2586.0,5.807912823825651e-29,6.654962875455741e-29,2.440401389485731e-18,0.0008178985694457549,0.0002689954694900241
2587.0,5.543765169522002e-29,6.144356794193781e-29,1.979225679218103e-18,0.000853967136485578,0.0002800420396197737
2588.0,5.805711873432819e-29,6.432390559475864e-29,1.8671668568004082e-18,0.000819995045914191,0.00026808303623653305
2589.0,5.804085239451535e-29,6.563535301866778e-29,1.372150359507527e-18,0.000824228576354637,0.00026680009588076744
2590.0,5.709049058665843e-29,6.521609781546754e-29,1.2387424875468024e-18,0.0008393907320045507,0.0002730696798044149
2591.0,5.792844160896635e-29,6.49398478053866e-29,9.72365813301671e-19,0.0008037051974424802,0.0002619894910644784
2592.0,5.712582946396808e-29,6.436690305689852e-29,7.694660631023942e-19,0.0008353429874720944,0.0002715612378142259
2593.0,5.543649378700228e-29,6.231461402738807e-29,6.725344704798717e-19,0.0007957690721759951,0.0002563241085117925
2594.0,5.894573972396416e-29,6.632133503644399e-29,5.150144302629614e-19,0.0008235597820046395,0.00026517415383028533
2595.0,5.64164717248911e-29,6.333753964944675e-29,4.346209001063869e-19,0.0008052424993468973,0.00025885887444001806
2596.0,5.607914043138411e-29,6.217978653866783e-29,3.49398005242456e-19,0.0007898656420627352,0.00025521619790897827
2597.0,5.774322363072671e-29,6.48621299374246e-29,2.652289231352324e-19,0.0008243499239879204,0.00026431918398366126
2598.0,5.486152785673986e-29,5.997786058284452e-29,2.328662353309015e-19,0.0007729521473718941,0.0002485271759188152
2599.0,5.973803669058753e-29,6.649221590602306e-29,1.8603217105342328e-19,0.0008101896127439847,0.00026058057585488076
2600.0,5.512299614250179e-29,6.209166431772393e-29,1.4887645025150662e-19,0.0007853272260501773,0.00025221276419392605
2601.0,5.489294623593782e-29,6.168336724902996e-29,1.2880784399103017e-19,0.0007949482662205573,0.000252756183798453
2602.0,5.727256272244548e-29,6.456473881661256e-29,1.012852456963819e-19,0.0007785955027524978,0.0002467586652205636
2603.0,5.208864409729043e-29,5.792297977427537e-29,8.106836442263869e-20,0.0007613082095006637,0.00024218180464249378
2604.0,5.77456745287767e-29,6.498578805777007e-29,7.239977993686351e-20,0.0008018398626825318,0.0002521760735682435
2605.0,5.545929131187096e-29,6.255748795197411e-29,5.704565042660472e-20,0.0007757482561176322,0.000244573698942892
2606.0,5.348056597585593e-29,6.008595970120971e-29,4.587923056425839e-20,0.0007786246822110088,0.00024650455342073235
2607.0,5.727040697190578e-29,6.422073368816326e-29,3.817058843334471e-20,0.0007714466831925056,0.00024228745851931864
2608.0,5.2968533644955e-29,5.909248313236483e-29,3.108449569253043e-20,0.0007388655480515974,0.00023499373120235847
2609.0,5.486718622855644e-29,6.128842472710192e-29,2.3530489686673944e-20,0.0007813253458761679,0.0002465310663231199
2610.0,5.594277223103536e-29,6.301815481275478e-29,2.104783574703284e-20,0.0007437531176061205,0.00023579609575045618
2611.0,5.200132663268714e-29,5.921529476238603e-29,1.4456224027190968e-20,0.0007675108947996675,0.00024337506378104137
2612.0,5.552208148427554e-29,6.204014773744589e-29,1.3099209894561363e-20,0.0007491324332579384,0.00023713638777512995
2613.0,5.335096681587713e-29,6.082652354206103e-29,9.63337753652648e-21,0.0007405887882621148,0.00023324455642357707
2614.0,5.172620214807601e-29,5.849596434062714e-29,7.781160554323251e-21,0.0007485920343726106,0.0002349218946293601
2615.0,5.711958990255241e-29,6.445783142754054e-29,6.811033559236162e-21,0.0007289840494854865,0.00023027952685473636
2616.0,5.189718137149634e-29,5.802518200499458e-29,4.760883652570078e-21,0.0007614738744425815,0.00023863761273470866
2617.0,5.560060211938214e-29,6.158436478170543e-29,4.461325561783565e-21,0.0007263914377792644,0.00022817834183403677
2618.0,5.412326405028943e-29,6.135672458013477e-29,3.0091222345259146e-21,0.0007409111103162043,0.00023340185705397634
2619.0,5.079111573224539e-29,5.646309936689324e-29,2.6445258697675508e-21,0.0007200817076753765,0.00022823049915400006
2620.0,5.52595501314833e-29,6.179030290774216e-29,2.326415981940015e-21,0.0007143869032786249,0.0002247146830680393
2621.0,5.189306166831156e-29,5.845379956023415e-29,1.6625398704669691e-21,0.0007493605775079051,0.00023863436859057478
2622.0,5.367659667277731e-29,5.975751293425311e-29,1.5492948566014165e-21,0.0007111353564113923,0.0002271029900988782
2623.0,5.352738207549295e-29,5.99347946994816e-29,1.0463476260876037e-21,0.0007257434274163915,0.00023323797319529992
2624.0,5.169588588273408e-29,5.766788568568434e-29,8.749356576291815e-22,0.0007005236805953703,0.00022408368511771685
2625.0,5.50684468904067e-29,6.139183803423785e-29,7.599908737902502e-22,0.0007107067995827575,0.00022744459029965284
2626.0,5.235006477242833e-29,5.933684641531072e-29,5.402136454093053e-22,0.0007279934674661156,0.00023437101132254377
2627.0,5.2829103453392e-29,5.907293755870973e-29,4.988174771469141e-22,0.0006932058310014922,0.00022184811519779523
2628.0,5.276072482262459e-29,6.011321595113707e-29,3.605188188389437e-22,0.0007201270280808547,0.00023117984781352737
2629.0,5.173549174035724e-29,5.733595427883832e-29,3.2097170313891003e-22,0.0006907670285604769,0.00021982520428910025
2630.0,5.47000410369443e-29,6.18676289329969e-29,2.6243381526272946e-22,0.0006996428615527262,0.0002214940936537383
2631.0,5.0282420532451543e-29,5.613419941340346e-29,1.836806358462917e-22,0.000702005385667687,0.00022286201413552686
2632.0,5.227612738045824e-29,5.80940770387954e-29,1.6287413024640132e-22,0.0006640882758263551,0.00021072234671353719
2633.0,5.232064760586327e-29,5.853903893433335e-29,1.1585828366146457e-22,0.0007132443178672413,0.00022645055257619563
2634.0,5.205482948922211e-29,5.869190484963496e-29,9.912927813890132e-23,0.0006727300729138032,0.00021382432866389904
2635.0,5.395335471635722e-29,6.065943001208693e-29,8.065648199687971e-23,0.0006898794534031745,0.00021937513627681577
2636.0,4.969089372546222e-29,5.593559382644339e-29,5.894846622633292e-23,0.0006763168501424223,0.0002153546103906223
2637.0,5.160166893722884e-29,5.767098671406746e-29,4.8345221260131035e-23,0.0006441700694168928,0.00020382724639929795
2638.0,5.179867095918094e-29,5.80299628502284e-29,3.9735294798709877e-23,0.0007000973069064529,0.00021947086243440464
2639.0,4.946786920876839e-29,5.564478752897198e-29,3.018178321282895e-23,0.0006457144647063632,0.00020119327545196366
2640.0,5.0183412362926065e-29,5.73035307928357e-29,2.1647369960270928e-23,0.0006724420742006773,0.00021197130238498975
2641.0,4.8727987080274554e-29,5.470438856249679e-29,1.7740590194835427e-23,0.0006513240465018343,0.00020582529397599074
2642.0,5.0480097988879377e-29,5.680552856115632e-29,1.4577811183499603e-23,0.0006555046336596577,0.00020329203569775068
2643.0,4.8330924388297144e-29,5.435573038611804e-29,1.0903887621946664e-23,0.000649760999875171,0.0002021996700471861
2644.0,4.753757517615563e-29,5.408070017376991e-29,8.868028921843724e-24,0.0006274673996618038,0.0001927648470491831
2645.0,5.125642945933034e-29,5.819483041214659e-29,6.1120510627432846e-24,0.000672041215160413,0.00020696150181737173
2646.0,4.6822136999071453e-29,5.281838573328319e-29,5.167724914439468e-24,0.0006204633767971082,0.00019216908695757334
2647.0,5.0051169121489017e-29,5.704284095342108e-29,4.047259626972484e-24,0.0006515734720121022,0.0002003860034356997
2648.0,4.73458711776751e-29,5.360376901982983e-29,2.9404932914898325e-24,0.0006274961446452094,0.00019367754911532836
2649.0,4.7588087188868433e-29,5.349444673611436e-29,2.336257140847837e-24,0.000624775978320911,0.00019015231921718493
2650.0,4.7663922242619504e-29,5.438010996612976e-29,1.6408060935538528e-24,0.0006468852292590228,0.00019625121565028868
2651.0,4.802950668168973e-29,5.519522728158942e-29,1.4362781743770606e-24,0.0006086570905093158,0.0001863644248046395
2652.0,4.90698850706266e-29,5.421155599436667e-29,1.0267431683242004e-24,0.0006389349576735046,0.0001954989857074781
2653.0,4.7019958459872023e-29,5.383857617411107e-29,8.366431854831518e-25,0.0006147403760783504,0.00018801970552126502
2654.0,4.9516026215329565e-29,5.563207537892022e-29,6.516050012586102e-25,0.0006026607785664527,0.00018413107879884264
2655.0,4.740121067829587e-29,5.307915285497848e-29,4.747628103495997e-25,0.0006284364369137824,0.00019219728021016496
2656.0,4.5994280459009294e-29,5.287043919860275e-29,3.673746290314586e-25,0.0005797955281873668,0.0001746238953329703
2657.0,4.720394288612145e-29,5.421442154774192e-29,3.0023933829756288e-25,0.0006247499568792558,0.0001908056944904692
2658.0,4.7174512910856736e-29,5.415680000895624e-29,2.580982576228851e-25,0.0006000730589845963,0.00018179124358962335
2659.0,4.8009805574440137e-29,5.52690461669368e-29,1.8273160670006552e-25,0.0006011793119855621,0.00018203438311171927
2660.0,4.65330251585128e-29,5.242767817428928e-29,1.575324553200172e-25,0.0005993796974136601,0.00018162860403440274
2661.0,4.492185832185228e-29,5.074529577323707e-29,1.0568215209423993e-25,0.0005624942234894053,0.00017118946102882994
2662.0,4.749661423143001e-29,5.326536285633544e-29,9.382851536948268e-26,0.0006125077459433545,0.000187076501424085
2663.0,4.959417697872052e-29,5.522084428285385e-29,7.199737228227549e-26,0.0005741975475191365,0.00017503716432686265
2664.0,4.540445800098823e-29,5.105077591651442e-29,5.156675566839732e-26,0.0005876460898574694,0.00017997890374623764
2665.0,4.777956033038855e-29,5.356620062385869e-29,4.432167062951745e-26,0.0005764622676569105,0.0001763735931607853
2666.0,4.540337893127574e-29,5.246648334487726e-29,2.980121761208951e-26,0.0005539114214702002,0.00016973008883278443
2667.0,4.605410463336538e-29,5.125892429148755e-29,2.445924478171423e-26,0.0006021009882758159,0.00018331949094904567
2668.0,4.697224565712626e-29,5.297761958263764e-29,1.7936633136678022e-26,0.000553722660938456,0.00017039605384979795
2669.0,4.6064477525510844e-29,5.17611194479134e-29,1.4177610612542838e-26,0.0005933319057000035,0.00018137651374119498
2670.0,4.7867370802478226e-29,5.495277598011866e-29,1.0527099124182542e-26,0.0005527646976676672,0.00017144777536092618
2671.0,4.2963248986670015e-29,4.871462932594238e-29,7.195182299859936e-27,0.000566405740338412,0.00017397314648809204
2672.0,4.732239761951153e-29,5.311406235949736e-29,6.0055284114266905e-27,0.000564768867477131,0.0001738518110506774
2673.0,4.402974764446656e-29,5.0299281607272337e-29,4.293217509431058e-27,0.0005443901635167625,0.00016676861090006716
2674.0,4.7709104105215726e-29,5.319646670839421e-29,3.5381473425574406e-27,0.0005807294251902108,0.00017847408562503243
2675.0,4.5021743682000906e-29,5.144900246356387e-29,2.356913660378056e-27,0.0005341929751163958,0.00016254767185830063
2676.0,4.3929382718260944e-29,5.0965492403952e-29,1.8723436050072742e-27,0.0005592953526560692,0.00017188241654015365
2677.0,4.6661886273311873e-29,5.235328129567025e-29,1.4271620996764753e-27,0.0005440023568646382,0.0001658305112919217
2678.0,4.332141803924161e-29,4.873479078186405e-29,1.178165739883779e-27,0.0005167276702655887,0.00015706944513325664
2679.0,4.7425450514887933e-29,5.397386469679168e-29,8.774683836014285e-28,0.0005668885308688646,0.00017203266036415168
2680.0,4.1920257925198965e-29,4.718682650568998e-29,5.945144765009798e-28,0.0005142307627567102,0.0001548569864405643
2681.0,4.715668625799135e-29,5.198630144639927e-29,5.472081002002525e-28,0.0005514471470944871,0.00016679935485199398
2682.0,4.371051532177288e-29,4.9322659327820313e-29,3.8693223249692496e-28,0.0005217505758832509,0.00015667499685458706
2683.0,4.483351657890787e-29,4.9552026497207573e-29,3.3655474822914387e-28,0.0005136778866476109,0.0001538201436682079
2684.0,4.4101536323847287e-29,4.837059948907658e-29,2.361687136871117e-28,0.0005353025729587977,0.0001595137748031455
2685.0,4.432758039263366e-29,4.9671558121443224e-29,2.2652283480310095e-28,0.0005023491888507401,0.00014940006887688808
2686.0,4.576044503914031e-29,5.037117613388176e-29,1.6834137357520272e-28,0.0005303482430695105,0.00015921675060013484
2687.0,4.1889821034584774e-29,4.6866857911604623e-29,1.4277077047626835e-28,0.0005021709828424807,0.00014900998221838662
2688.0,4.430531174476711e-29,4.9058534882821527e-29,1.2421861149292172e-28,0.0005133595890727693,0.00015365309236786904
2689.0,4.207965527190735e-29,4.765119256950248e-29,1.1203254191223924e-28,0.0004971137140071763,0.00014918446575240015
2690.0,4.375934509217826e-29,4.9813797945830225e-29,1.04261768902344e-28,0.0004910416302775128,0.00014391627558418122
2691.0,4.2752356691879127e-29,4.8655555740839463e-29,9.173886930780869e-29,0.0005268573900692894,0.0001560459483553626
2692.0,4.356050761853449e-29,4.866211460250214e-29,8.705705969496046e-29,0.00048302464821891987,0.0001428605004245222
2693.0,4.1224121389356056e-29,4.656181969688099e-29,7.945221511819736e-29,0.0005085920978189267,0.000149637192352789
2694.0,4.584174918193165e-29,5.139895630466579e-29,8.23396124527349e-29,0.0004916550980693828,0.00014459071580748387
2695.0,3.945300911830269e-29,4.4251167794163876e-29,7.20887369371979e-29,0.00047924876916822986,0.00014090309997627815
2696.0,4.487491322632336e-29,5.130801957343976e-29,7.725003232866065e-29,0.0005068792338530421,0.0001497622909197545
2697.0,3.9196912317281696e-29,4.4830962467150305e-29,6.883970388348902e-29,0.00046807681623534645,0.0001366954506604133
2698.0,4.45337337831969e-29,5.074162559383043e-29,7.427760586479122e-29,0.0005017995790586438,0.00014816168372160782
2699.0,4.201319940773165e-29,4.6658187436413866e-29,6.870673222128055e-29,0.0004632824861559422,0.00013693889037916254
2700.0,4.2188298818753645e-29,4.638664755684113e-29,7.016801276362546e-29,0.0004802314127031917,0.0001417129084575607
2701.0,4.237647593180037e-29,4.7390838324690687e-29,6.902612641912993e-29,0.0004755331516239459,0.00014068772075994518
2702.0,3.986693732831734e-29,4.470074237203332e-29,6.522838076267544e-29,0.0004487845321047979,0.00013298171313248986
2703.0,4.349907017395998e-29,4.9310071311360156e-29,7.084449893078816e-29,0.0004907600600612622,0.000145267695957739
2704.0,4.0071134254806924e-29,4.547984137991722e-29,6.575655316307268e-29,0.00045321368119655836,0.00013345580306787255
2705.0,4.563065023377491e-29,5.176704590252299e-29,7.087413360290274e-29,0.00046847009984744164,0.00014044984875775495
2706.0,3.8749946223447536e-29,4.305366382137809e-29,6.348390980231213e-29,0.00045644203192032786,0.00013471037490078047
2707.0,4.2210847581527047e-29,4.79810687559227e-29,6.600266192279367e-29,0.00043737151735270824,0.00012989506850423027
2708.0,4.0562668070694414e-29,4.5900014104406724e-29,6.663430577663776e-29,0.0004815509496452073,0.00014255486702484995
2709.0,4.291285646832042e-29,4.7691672833417716e-29,6.598031758392478e-29,0.00043387813379917054,0.00012888111953452796
2710.0,3.9973676101333994e-29,4.437722943056079e-29,6.375537498600245e-29,0.00046562053769059244,0.00013857194371583805
2711.0,4.325294018496077e-29,4.8148381184330294e-29,6.848552162192091e-29,0.00044875733013385205,0.00013308536878250745
2712.0,4.0402230729028726e-29,4.502929103795403e-29,6.448938882012912e-29,0.00044311046363087174,0.00013277742618986247
2713.0,4.134759096925017e-29,4.689180130134641e-29,6.562649840826446e-29,0.0004571355875975068,0.00013652215036457429
2714.0,3.813081753113739e-29,4.218290652559597e-29,6.056899499356667e-29,0.0004185090454207358,0.0001248883742711129
2715.0,4.3644850617570976e-29,4.902846594173167e-29,6.83872998102127e-29,0.000465917057108539,0.00014200179714078193
2716.0,3.7477319940236394e-29,4.184732735727077e-29,5.996320153545066e-29,0.00042494506074921743,0.000128727131532919
2717.0,4.290802907770113e-29,4.8648942267594745e-29,6.618477875302412e-29,0.00044634279927098356,0.00013621353059573517
2718.0,4.043159217984934e-29,4.508460585608902e-29,6.319653446373318e-29,0.00043235913596641163,0.00013043742572936914
2719.0,3.628873602749962e-29,4.1506643220575356e-29,5.917861888224131e-29,0.0004118107475760622,0.0001246877914960068
2720.0,4.18335040251748e-29,4.6813082845729806e-29,6.569691240252305e-29,0.00045417484102156435,0.00013830578519553812
2721.0,3.4934598783846906e-29,4.004542280831734e-29,5.753534064267061e-29,0.00040836302544657645,0.00012096206705282682
2722.0,3.8356633872832234e-29,4.446688624659791e-29,6.323176573648421e-29,0.000439879221380721,0.00013110325611104517
2723.0,3.4161092388095697e-29,3.8736137855187715e-29,5.851615427364883e-29,0.00040979026199282136,0.00012183130750031443
2724.0,3.588671956880473e-29,3.978153532191042e-29,5.843090081202867e-29,0.000405848172906352,0.00012069878105929847
2725.0,3.44373137038045e-29,3.888211531948983e-29,5.947657581303851e-29,0.0004284926896845953,0.00012691839273600537
2726.0,3.420220608718831e-29,3.843301531526332e-29,5.58903891545539e-29,0.00039156821039999475,0.00011550416538862186
2727.0,3.479220303091006e-29,3.9875650293127704e-29,6.023280128256964e-29,0.00042676780261213847,0.0001264904548377084
2728.0,3.6224596254533137e-29,4.131443358850351e-29,5.898502457852408e-29,0.0003974194660684346,0.000116382224926096
2729.0,3.220988107608688e-29,3.6740596494491114e-29,5.551322259668467e-29,0.00039985745300518766,0.00011875405566178823
2730.0,3.66105822428395e-29,4.026905260495679e-29,5.936385186434924e-29,0.00040576753024438054,0.00011920417405589926
2731.0,2.997141314168321e-29,3.3311393389396394e-29,5.153955081679405e-29,0.0003740067805620028,0.00010988451655431581
2732.0,3.8122114476099845e-29,4.264500985293012e-29,6.204005668822588e-29,0.00041828962467632127,0.00012363473123262885
2733.0,2.9993539305861046e-29,3.352639400190455e-29,5.17153551524299e-29,0.0003751424868593077,0.00011116259367859792
2734.0,3.73400702021064e-29,4.1578252951420346e-29,5.913063509897654e-29,0.00040054299560772077,0.00011829626708739237
2735.0,3.0326234875268576e-29,3.348095904347624e-29,5.220698894075002e-29,0.0003816642827069673,0.00011158927892555589
2736.0,3.319254004212729e-29,3.797354708783567e-29,5.481382655237903e-29,0.00036162010412136783,0.00010542754231609605
2737.0,3.3665674762180013e-29,3.6542851890749646e-29,5.682641127368648e-29,0.0004113827147675729,0.00012038870930542867
2738.0,3.443372583102983e-29,3.789725261855e-29,5.496197063499667e-29,0.0003629206998015247,0.0001055183088816689
2739.0,3.2638027807914074e-29,3.5809811809984257e-29,5.471430660124061e-29,0.00039752665413450594,0.00011674490698068056
2740.0,3.45288172908053e-29,3.920480307682827e-29,5.672129653209183e-29,0.000372802096440431,0.0001089127040804481
2741.0,2.9128809309130876e-29,3.294620718161172e-29,5.121658674365022e-29,0.0003713898391857103,0.00010828519239288114
2742.0,3.712766356675181e-29,4.092549598193772e-29,5.91002574075666e-29,0.00038397917099390345,0.00011124404537686063
2743.0,2.7963871305929155e-29,3.103106701775034e-29,4.772960685662512e-29,0.00034130141038543784,9.95502079071324e-05
2744.0,3.706926215527458e-29,4.160260680317533e-29,5.924426742093814e-29,0.0003880583552051184,0.00011398009997988829
2745.0,2.8369483272274965e-29,3.076645484885995e-29,4.799492210703408e-29,0.0003458591595488446,0.00010072201806866006
2746.0,3.5370060785713775e-29,3.958106368113655e-29,5.689076918126759e-29,0.00036987074383412825,0.00010908940752571476
2747.0,2.914733009829438e-29,3.323500307444851e-29,4.92425157576729e-29,0.000349382492884827,0.00010328017175757596
2748.0,3.413348827109935e-29,3.804170220914759e-29,5.306654208151187e-29,0.0003341115946779463,9.872014281922487e-05
2749.0,3.0712613746291476e-29,3.390299486280054e-29,5.234412309070973e-29,0.00037933598277982064,0.00011160324426592572
2750.0,3.3498884311006594e-29,3.791462761185326e-29,5.278881133118395e-29,0.0003334342239994747,9.8553294143385e-05
2751.0,2.938524140123729e-29,3.223799278698374e-29,4.954226394316074e-29,0.0003578361397642744,0.00010553375459655262
2752.0,3.4894651343063606e-29,3.8990483600779116e-29,5.518075901553955e-29,0.00034047374627359266,0.00010101508508777584
2753.0,2.8633789749124385e-29,3.2301951232912594e-29,4.7471968961362543e-29,0.0003346138979113283,9.837137578819745e-05
2754.0,3.4491662632371586e-29,3.9772720946813276e-29,5.46679947327819e-29,0.00035479982322059905,0.00010594478510037855
2755.0,2.8450463990175145e-29,3.11374244863591e-29,4.596638653010732e-29,0.0003145485826078435,9.418583865531397e-05
2756.0,3.3842435141650784e-29,3.8815591371620834e-29,5.427415501898458e-29,0.00036059612031858623,0.00010571255186990833
2757.0,2.9208481310153164e-29,3.33856959939554e-29,4.704025724939907e-29,0.0003222136679384946,9.475089196505032e-05
2758.0,3.240831320462522e-29,3.7175841701217515e-29,5.218289968661341e-29,0.000342025191252442,0.00010013207865935532
2759.0,2.7689399175452825e-29,3.174382676394281e-29,4.7198207331135036e-29,0.00032900758120511087,9.936845664221451e-05
2760.0,3.334726614157776e-29,3.7607242716687427e-29,5.0276974116605875e-29,0.00031143564651676763,9.321960564034929e-05
2761.0,2.8683122340587696e-29,3.20779514286435e-29,4.7733458350228614e-29,0.00034689790007074394,0.00010426874134921868
2762.0,3.448644025612806e-29,3.982294184966442e-29,5.169699719507771e-29,0.00031143189649993465,9.43758050475967e-05
2763.0,2.754911761155509e-29,3.064703335785144e-29,4.557735223513609e-29,0.0003310972531447204,9.84895507808431e-05
2764.0,3.374046794155961e-29,3.72236205249654e-29,5.018290566252659e-29,0.0003115891975133252,9.32324940336165e-05
2765.0,2.641105598537623e-29,3.0040819217915077e-29,4.401666770106417e-29,0.0003033826289904809,8.831695543588019e-05
2766.0,3.105408526850784e-29,3.392890059124454e-29,4.94553574348119e-29,0.0003322128356174293,9.738287821569531e-05
2767.0,2.769973122387893e-29,3.162595712558555e-29,4.517864446843264e-29,0.00028754542533142535,8.415169303654635e-05
2768.0,3.0656413901332766e-29,3.3847170505636584e-29,4.8583369340178637e-29,0.00032593624719844295,9.611473058135775e-05
2769.0,2.7942800113054524e-29,3.1152769808275086e-29,4.5537360239459326e-29,0.00029565088299115627,8.600191391614168e-05
2770.0,3.0514781183809245e-29,3.382740005432907e-29,4.6736351077991295e-29,0.00030095061826785686,8.798753122141249e-05
2771.0,2.756338391780489e-29,3.0512600060738486e-29,4.569134818856267e-29,0.0003003379375997512,8.775457151180897e-05
2772.0,2.83950836016391e-29,3.0959993275597665e-29,4.3288149158151276e-29,0.00027430363346224516,7.91082902731811e-05
2773.0,3.0507893636780116e-29,3.3677341581110946e-29,4.9238454001072853e-29,0.0003188973364475163,9.239388287193673e-05
2774.0,2.7279640816215884e-29,2.996364177971711e-29,4.3001125393019214e-29,0.00027393292438035476,7.938644391677777e-05
2775.0,3.0281665177373733e-29,3.385973515932049e-29,4.715542163581505e-29,0.00030079916305805,8.626778336049957e-05
2776.0,2.7384106468792507e-29,3.0437423856869486e-29,4.3613460274144655e-29,0.00028081157895729867,8.154220120334477e-05
2777.0,2.853285810509269e-29,3.169398662400129e-29,4.278529016762139e-29,0.00025948564990580745,7.472604270079512e-05
2778.0,2.81517694713552e-29,3.0887095999511623e-29,4.566267892951922e-29,0.0003089916607178962,8.933872456194971e-05
2779.0,2.8848996865607345e-29,3.272942393846492e-29,4.3456115785555074e-29,0.0002583758067601071,7.495525841440948e-05
2780.0,2.8023000350114745e-29,3.1317161286465635e-29,4.4506638437208503e-29,0.0002940005332186671,8.422946239302167e-05
2781.0,2.906395634000947e-29,3.2622102046115365e-29,4.3677125269102965e-29,0.0002634407511026991,7.559126083577185e-05
2782.0,2.4789532151465233e-29,2.781908356926339e-29,4.0157065573179097e-29,0.00026843933935624,7.644736867342876e-05
2783.0,3.1606481047326715e-29,3.620274800179538e-29,4.815194230279891e-29,0.0002828880635804548,8.074995734949588e-05
2784.0,2.3221406828612495e-29,2.584010051887034e-29,3.6998409906152255e-29,0.00024360420623693302,6.943320315651467e-05
2785.0,3.3680770982873775e-29,3.8287522185296275e-29,4.9221427416264836e-29,0.00029109704192495817,8.322894910307097e-05
2786.0,2.386700047912538e-29,2.6168338300794407e-29,3.748799611763906e-29,0.00024972644563171043,7.030864445465286e-05
2787.0,3.113751486976737e-29,3.457638945881835e-29,4.5899357429569554e-29,0.00026690819229947745,7.621625710389964e-05
2788.0,2.4744799961286638e-29,2.805919033826909e-29,3.919729570247786e-29,0.00025238928905522593,7.210193648080564e-05
2789.0,2.882412058601375e-29,3.3719176956265454e-29,4.2943606004096417e-29,0.00023580789084095736,6.738114486134404e-05
2790.0,2.59827805962285e-29,2.831059699067787e-29,4.116838055052492e-29,0.0002737747747142777,7.930997238515392e-05
2791.0,2.7830493814109006e-29,3.103996724611494e-29,3.9959657241598144e-29,0.00023167334240087388,6.76673624135365e-05
2792.0,2.5911643720934227e-29,2.918079364027537e-29,4.063249300670532e-29,0.0002566202611172184,7.41562588009803e-05
2793.0,2.6323007315200084e-29,2.930807282698905e-29,4.015858166572011e-29,0.00023702619303849487,6.834652309272377e-05
2794.0,2.6487566029693784e-29,3.0012044449986474e-29,4.0204884849036284e-29,0.00023131371551806735,6.647637355301737e-05
2795.0,2.588577283616906e-29,2.860073708770059e-29,3.954937470077467e-29,0.00025450530421240855,7.23883910428587e-05
2796.0,2.812339016459349e-29,3.156851736170784e-29,4.071231181293735e-29,0.0002164472130916644,6.196165358478467e-05
2797.0,2.493152386564442e-29,2.769112699423333e-29,3.92044941814895e-29,0.0002561139305597716,7.354171786600638e-05
2798.0,2.844363808785906e-29,3.208863008135379e-29,4.126019659407768e-29,0.0002236265471871853,6.445420431271394e-05
2799.0,2.3976145686632632e-29,2.615927356375135e-29,3.6120655317423484e-29,0.00022819689623082242,6.696057524872497e-05
2800.0,2.948351722177039e-29,3.2955532389994807e-29,4.206250674582643e-29,0.00023339136979711145,6.72300661319515e-05
2801.0,2.147447945039926e-29,2.4232776346958098e-29,3.2722663763819647e-29,0.00020262480420120903,5.755933087955454e-05
2802.0,3.1014140309988457e-29,3.474494913828867e-29,4.5964417272777915e-29,0.0002536441690022597,7.36846638372842e-05
2803.0,2.1534284345092464e-29,2.372723312896288e-29,3.2291596501328116e-29,0.00020492320804774388,5.848702250395327e-05
2804.0,3.1594676650586994e-29,3.4295572219162434e-29,4.4042242132172355e-29,0.00023325796131080476,7.098746611260433e-05
2805.0,2.1670840759902992e-29,2.4294234919934094e-29,3.3447189814365364e-29,0.00020825731200940466,6.261806278804793e-05
2806.0,2.75749531459931e-29,2.9178521677280867e-29,3.672684478959753e-29,0.00018996170913378036,5.7797350021693666e-05
2807.0,2.494069477149325e-29,2.701529558995073e-29,3.858129686336092e-29,0.0002385113506781241,7.054123613502985e-05
2808.0,2.3237013642594912e-29,2.626927107366761e-29,3.4479903332760046e-29,0.00019214464996951158,5.664040265921136e-05
2809.0,2.5099190929052908e-29,2.8671800809523483e-29,3.894790071159483e-29,0.00022462475401814516,6.579547558447735e-05
2810.0,2.0771787136524345e-29,2.2745730235713936e-29,3.180221094349715e-29,0.00019194834013204552,5.5374512314405026e-05
2811.0,2.6611281144176457e-29,3.0747860933099657e-29,3.786133005253405e-29,0.00020185397266457114,5.819410799754299e-05
2812.0,2.0399987175752588e-29,2.2939408373942494e-29,3.277559500059552e-29,0.00020505648626357323,5.798042777566277e-05
2813.0,2.568907437881092e-29,2.840909559209733e-29,3.5196310475150025e-29,0.00017431925529859488,4.9557529183166417e-05
2814.0,2.124989224478835e-29,2.301081680585019e-29,3.3084966060987495e-29,0.00021066516236180718,6.0125382181698125e-05
2815.0,2.66936489095763e-29,2.915395752264823e-29,3.698680975570803e-29,0.00018182894438836166,5.047840308889101e-05
2816.0,1.9738103944766517e-29,2.15109398664938e-29,3.0719443285758683e-29,0.0001934025785254265,5.4133554252905715e-05
2817.0,2.6704298868637187e-29,2.9902260505368306e-29,3.7444786719710094e-29,0.00018804611422032638,5.244609229896054e-05
2818.0,1.8055525718210055e-29,1.9423446867972953e-29,2.728900968430258e-29,0.00015604901777124531,4.395219493302476e-05
2819.0,2.4531244849479773e-29,2.746235352737938e-29,3.6926859469880287e-29,0.00020814914073564585,5.863537314466586e-05
2820.0,2.1603348773526575e-29,2.4300069152978398e-29,3.203988199521057e-29,0.00015847068085056713,4.475115767038074e-05
2821.0,2.174478081341057e-29,2.471144215593858e-29,3.257432657011511e-29,0.00019076975758139776,5.4416792024988924e-05
2822.0,2.4652551795611956e-29,2.830209798616749e-29,3.4571219653689853e-29,0.00016332102688301444,4.585288343746446e-05
2823.0,1.9193712770922995e-29,2.1098629173810357e-29,2.8405850549732774e-29,0.0001593079358554751,4.536826236409027e-05
2824.0,2.7902287510244085e-29,3.036473339622847e-29,3.7859616147530853e-29,0.00018210906993473515,5.065283894444259e-05
2825.0,1.724114738360874e-29,1.964366258758237e-29,2.5819054525011845e-29,0.00014106950719155762,3.9489606175947946e-05
2826.0,2.7373347874493714e-29,3.1757503220352587e-29,3.9404370182664843e-29,0.0001903884998900535,5.175629982381801e-05
2827.0,1.7206107623442876e-29,1.9602618888075445e-29,2.623970121266708e-29,0.00014493492554695675,4.025968350573862e-05
2828.0,2.384578551551923e-29,2.723375016117131e-29,3.400650709582162e-29,0.0001670652927926173,4.613164289332662e-05
2829.0,1.9244139270227255e-29,2.1809541713404954e-29,2.9246002656198896e-29,0.00015400853786981625,4.21810802103074e-05
2830.0,1.8781618651717924e-29,2.139952126448444e-29,2.6626442696371096e-29,0.0001355230187478936,3.6145696464130725e-05
2831.0,2.40984470221913e-29,2.868953700173664e-29,3.4899475856372307e-29,0.00017590366564793763,4.7544107183112155e-05
2832.0,1.8206310374966413e-29,1.945425163620077e-29,2.5177912168388885e-29,0.0001326676123843864,3.654543270997948e-05
2833.0,2.509365968267382e-29,2.9619938228972214e-29,3.460033188785823e-29,0.00016113583558758303,4.38724230643823e-05
2834.0,1.7121756009420217e-29,1.927434557538972e-29,2.4847563538100453e-29,0.00013418128336845919,3.748482931232317e-05
2835.0,2.3986920612831355e-29,2.722046553403402e-29,3.153531658673849e-29,0.00012300527198809733,3.467932143746907e-05
2836.0,1.8294750691629705e-29,2.1110440192871332e-29,2.7475334990843293e-29,0.00015720530473557024,4.339354273454668e-05
2837.0,2.1995730841647254e-29,2.5163753232482127e-29,2.9039006203207354e-29,0.000122255228270808,3.355340467271799e-05
2838.0,1.9512300580851637e-29,2.2409806664991335e-29,2.866575634050937e-29,0.00014761736699900284,4.028638406594328e-05
2839.0,1.7922017526313827e-29,2.0502831757810228e-29,2.5212639871773528e-29,0.00012053306753401054,3.34923258067998e-05
2840.0,2.367609670491782e-29,2.6343482638879333e-29,3.115383658005285e-29,0.00012658261782600778,3.506256372069533e-05
2841.0,1.7939848968106443e-29,1.9865952603117457e-29,2.6357765608462144e-29,0.00013156981165559676,3.683583103653449e-05
2842.0,2.2618871683265046e-29,2.696655542433335e-29,2.8252009755831353e-29,0.00010131791602334525,2.858641024436146e-05
2843.0,1.773596572623223e-29,1.9926251973425242e-29,2.6067484410878827e-29,0.0001413275286084698,3.894220340335357e-05
2844.0,2.4080573315694502e-29,2.768149055481137e-29,3.0743573839907305e-29,0.00010988912425291181,3.066750185953991e-05
2845.0,1.6300227318464163e-29,1.8113899670866958e-29,2.3420542113082152e-29,0.00012202270623970729,3.310649778156093e-05
2846.0,2.248913594037409e-29,2.58697445508269e-29,2.960585025409077e-29,0.00011647655551736422,3.2506851860328245e-05
2847.0,1.6041782021983016e-29,1.827421081821992e-29,2.0988106508771347e-29,8.226925677393075e-05,2.260486948740177e-05
2848.0,1.8260718600088648e-29,2.116469014454907e-29,2.664365888923882e-29,0.00013997606678241593,3.8363180601520845e-05
2849.0,2.2182589287868798e-29,2.5108856055053616e-29,2.7216118284842606e-29,8.950248671824027e-05,2.6045389847219247e-05
2850.0,1.6905281373609548e-29,1.8715574291383872e-29,2.3516184104137609e-29,0.00012062940426890184,3.3048548920057316e-05
2851.0,2.2587576185959134e-29,2.70928544678638e-29,2.912480227929639e-29,9.715861218874502e-05,2.7192132339898395e-05
2852.0,1.4436986580766452e-29,1.664352618410022e-29,2.012557924881168e-29,9.087790707113472e-05,2.543438364372711e-05
2853.0,2.536516133305674e-29,2.7520702016779585e-29,3.0501064790765296e-29,0.00011312678990154385,3.132160376793623e-05
2854.0,1.2731649650450715e-29,1.4361457711051353e-29,1.745125284148416e-29,6.880443719617325e-05,1.8614494410306385e-05
2855.0,1.8306290570183254e-29,2.0226888426480482e-29,2.510635008420818e-29,0.00012056981059878264,3.213072031719102e-05
2856.0,2.034596818853009e-29,2.2782696227867334e-29,2.409070820669765e-29,7.328155062763007e-05,1.9828019855506085e-05
2857.0,1.4579515246040816e-29,1.6981018833304036e-29,2.056876377491595e-29,9.510942068137414e-05,2.54584045968961e-05
2858.0,2.2899265429007854e-29,2.547703745031945e-29,2.7622534797090084e-29,8.725898907395727e-05,2.3153956993741437e-05
2859.0,1.2144408979271622e-29,1.409170549860486e-29,1.5361845442730823e-29,5.824452954135414e-05,1.5378465318175095e-05
2860.0,2.4523494313657308e-29,2.710397357069155e-29,3.2419690687190136e-29,0.00011359933649584565,3.026346998865671e-05
2861.0,1.265584128966517e-29,1.3562768648881673e-29,1.499717211588907e-29,5.5160745253834644e-05,1.4625377052613976e-05
2862.0,1.6894623167958598e-29,1.8852108923913478e-29,2.258730101123348e-29,9.672563790819771e-05,2.549430415662542e-05
2863.0,1.9027033600433042e-29,2.1573954923200552e-29,2.2915908879119757e-29,6.124978627989427e-05,1.63911461503365e-05
2864.0,1.2837595119576179e-29,1.4293180642956816e-29,1.6582555922577307e-29,6.191643913409283e-05,1.6217011859719408e-05
2865.0,2.304332786526463e-29,2.62519226796475e-29,2.8088252205720674e-29,8.65177729354587e-05,2.2826402304746823e-05
2866.0,1.1830670463377647e-29,1.3210169057524705e-29,1.475133131355471e-29,4.652262204771502e-05,1.2275174393535811e-05
2867.0,2.2512335202889066e-29,2.6466757730850627e-29,2.9119014272607953e-29,8.908646048647665e-05,2.3409560807460213e-05
2868.0,1.1113236007916688e-29,1.3238060715605117e-29,1.4533541005841713e-29,4.2539955697495636e-05,1.1480605253752887e-05
2869.0,1.5142803891936091e-29,1.7139472033738587e-29,1.9433342868170767e-29,7.118599602534963e-05,1.8694861102402854e-05
2870.0,1.991667253599788e-29,2.2502545130508398e-29,2.2419079552409678e-29,5.1995023638872157e-05,1.3637002663284092e-05
2871.0,1.1202679778081401e-29,1.3340097123284638e-29,1.3875802429117463e-29,3.973296753295997e-05,1.0040726421566751e-05
2872.0,2.250109257046945e-29,2.5376324940582193e-29,2.709026109448171e-29,7.355756395254807e-05,1.965964026214828e-05
2873.0,1.0868499499703511e-29,1.2901670503645697e-29,1.3807576979680747e-29,3.598072262052475e-05,9.200711257112699e-06
2874.0,2.2095354503743227e-29,2.5543606924687367e-29,2.7001424042787655e-29,6.860306168201021e-05,1.7617438631003058e-05
2875.0,1.0604472492529405e-29,1.2925921083104394e-29,1.3101658194299305e-29,3.289168841716917e-05,8.434769112693303e-06
2876.0,1.074263257533488e-29,1.2412979602659473e-29,1.307546523975665e-29,3.0700255493549976e-05,8.114897083689089e-06
2877.0,2.2059259537121774e-29,2.496982005006611e-29,2.5105577198054653e-29,5.926173711330471e-05,1.5120149937890563e-05
2878.0,1.0825121133494102e-29,1.2273628891072689e-29,1.2739096158697778e-29,2.818065017888004e-05,7.109919626207354e-06
2879.0,2.1884843654556097e-29,2.4786746733877648e-29,2.43062727515082e-29,5.221239085887366e-05,1.3766567653767572e-05
2880.0,1.0669968731979485e-29,1.1938322189321791e-29,1.229605316292909e-29,2.3777563622114305e-05,6.501313413405869e-06
2881.0,2.1991563907574082e-29,2.3893886132054891e-29,2.442936111813564e-29,4.495640304776027e-05,1.221990809986735e-05
2882.0,1.0364890752201741e-29,1.1693523000520151e-29,1.1636626044240753e-29,2.0915903042948107e-05,5.649000419827693e-06
2883.0,1.0926800332249694e-29,1.2038661647986303e-29,1.1688095738927074e-29,2.0208875824383473e-05,5.2803052781563445e-06
2884.0,2.0176340138801456e-29,2.356723637943619e-29,2.3098048822556084e-29,3.711995606154149e-05,9.890215818406983e-06
2885.0,9.550012630598189e-30,1.124862797064257e-29,1.1765062979647636e-29,1.6873333042958367e-05,4.38395341936793e-06
2886.0,1.892946177742164e-29,2.2445217699146708e-29,2.1728778683491904e-29,3.116961259657418e-05,8.226969261635316e-06
2887.0,9.489794783892521e-30,1.1440387102456519e-29,1.1164416349248911e-29,1.3628095865278727e-05,3.704195588983551e-06
2888.0,9.208487834061427e-30,1.1230121257310811e-29,1.0273876681751127e-29,1.308175766328916e-05,3.377453383059595e-06
2889.0,1.7967565750901757e-29,2.2643402682733493e-29,2.0873265229133848e-29,2.2429466959018204e-05,6.00433754329747e-06
2890.0,8.295830649466354e-30,1.0730041315316193e-29,1.0145446820698022e-29,1.000663448589147e-05,2.5153401526678938e-06
2891.0,1.6164447691253703e-29,1.9788366411365264e-29,1.840614620559762e-29,1.5911010150559857e-05,4.4985754022373445e-06
2892.0,7.719492621396403e-30,9.83431315444852e-30,9.135730632314681e-30,6.609014709289598e-06,1.9604375500188007e-06
2893.0,1.3345000553499745e-29,1.712508145361753e-29,1.455551041066647e-29,1.0096153314770026e-05,3.121516189079891e-06
2894.0,5.077960650083946e-30,7.250379938098208e-30,5.951350130800061e-30,3.0956039927141078e-06,1.232175900716034e-06
2895.0,3.163806653291201e-30,4.570343463797263e-30,4.1995674665873055e-30,1.8111798020470376e-06,5.708602422185083e-07
2896.0,1.4055554227052618e-30,1.7165277902895412e-30,1.9838415256575156e-30,1.3232109596021523e-06,3.8283693705169104e-07
