bin_center,original_r2,galerkin_r2,wavelet_db32_r2,standard_p4_r2,hybrid_N12_p4_int64_r2,original_r4,galerkin_r4,wavelet_db32_r4,standard_p4_r4,hybrid_N12_p4_int64_r4,original_r8,galerkin_r8,wavelet_db32_r8,standard_p4_r8,hybrid_N12_p4_int64_r8
-19.95,2.2064422838814004e-07,0.0,1.6936071389898726e-06,4.413036951504761e-06,1.0435930855607194e-06,4.773015168563614e-08,0.0,5.369654171387352e-07,2.82806642271291e-06,1.8495442385421979e-07,0.0,0.0,5.972106177439742e-09,6.33044919040131e-07,5.97210631297126e-09
-19.849998,2.0871751334013247e-07,0.0,1.6637901118949804e-06,4.329547063233049e-06,9.601056387158619e-07,4.1763882724931624e-08,0.0,5.787293940273035e-07,2.9652932744479248e-06,1.3125797821912371e-07,0.0,0.0,1.7916318532319224e-08,6.927661378175017e-07,2.388842525188504e-08
-19.75,2.2661190817478806e-07,0.0,1.8069463065846648e-06,4.1149372650060564e-06,9.54160448752365e-07,4.7731062079923275e-08,0.0,6.503371871292642e-07,3.1085458016206553e-06,1.0739493965829142e-07,5.972219920429128e-09,0.0,1.7916660264190217e-08,7.465294735825265e-07,5.972220223597509e-09
-19.650002,1.967907982921249e-07,0.0,1.8188386527884194e-06,4.6694701797678755e-06,9.660690277762089e-07,7.756149648915874e-08,0.0,6.204933709158718e-07,3.084620971608807e-06,1.9688696732868557e-07,0.0,0.0,0.0,8.122085753722435e-07,1.194421262594252e-08
-19.55,2.385343009601514e-07,0.0,2.069301680385513e-06,4.4845997128805145e-06,1.1211171433452299e-06,7.159522752845421e-08,0.0,8.65110949834629e-07,3.096553741324895e-06,1.670556086425211e-07,0.0,0.0,0.0,7.465152347171355e-07,2.388842525188504e-08
-19.45,2.6238773105616653e-07,0.0,1.7472777877606783e-06,4.3772555708168845e-06,1.115153754284883e-06,6.56289585677497e-08,0.0,7.815829960574924e-07,3.1800831293375125e-06,1.7302188037975397e-07,0.0,0.0,5.972106177439742e-09,8.599855503941401e-07,1.791631893891378e-08
-19.349998,2.0871751334013247e-07,0.0,1.9500335720059447e-06,4.6515794894239375e-06,1.133043921465924e-06,5.369642064634066e-08,0.0,6.801561950423979e-07,3.406805753943189e-06,1.5512306516805528e-07,0.0,0.0,4.180474324207819e-08,9.555395004379335e-07,4.180474419079882e-08
-19.25,2.2661190817478806e-07,0.0,2.1766844947307016e-06,4.7470870477461166e-06,1.1211385272840288e-06,8.949574139985614e-08,0.0,7.935306962219462e-07,3.460569222533551e-06,1.431932528777219e-07,0.0,0.0,4.1805540616443834e-08,9.436132546083135e-07,5.972220223597508e-08
-19.150002,3.100945912481968e-07,0.0,2.3138013025636285e-06,5.009393296302702e-06,1.139007310526271e-06,5.966268960704517e-08,0.0,9.188074915485025e-07,3.555965375394292e-06,1.252917064818908e-07,0.0,0.0,2.3888424709758968e-08,1.1108146692590976e-06,1.194421262594252e-08
-19.05,2.9816787620018925e-07,0.0,2.2422404375358876e-06,4.836449956311299e-06,1.2105679792504345e-06,6.56289585677497e-08,0.0,8.531783850093237e-07,3.5857972996845124e-06,2.2075205427761714e-07,0.0,0.0,2.3888424709758968e-08,1.074981937992675e-06,1.791631893891378e-08
-18.95,3.5184480479769726e-07,0.0,2.2005385713852846e-06,5.3315274129208904e-06,1.3656421422768223e-06,8.949574139985614e-08,0.0,7.457995265243855e-07,3.6932626702556347e-06,2.4462180699944156e-07,0.0,0.0,5.972220088063405e-08,9.973633767062553e-07,5.972220223597508e-08
-18.850002,3.935815965842498e-07,0.0,2.4688498434570675e-06,5.343352849389549e-06,1.2165313683107815e-06,1.0142657233197681e-07,0.0,1.067964551864818e-06,3.997477854889556e-06,3.042798585988777e-07,0.0,0.0,2.3888424709758968e-08,1.1645637661587313e-06,4.180474419079882e-08
-18.75,3.935815965842498e-07,0.0,2.5881179518366363e-06,5.790620107988004e-06,1.1568974777073118e-06,1.1932537921409035e-07,0.0,9.72504033262376e-07,4.289830712933718e-06,2.923473151244119e-07,0.0,0.0,7.16652741292769e-08,1.1526195224032572e-06,2.98605315648563e-08
-18.650002,3.6972816648823464e-07,0.0,2.6238983843505065e-06,5.719057346612252e-06,1.300018815155639e-06,1.1932537921409035e-07,0.0,1.067964551864818e-06,4.349494561514159e-06,3.341112172850422e-07,0.0,0.0,7.16652741292769e-08,1.3198389349798956e-06,2.98605315648563e-08
-18.55,4.1743502668026494e-07,0.0,2.796837141500881e-06,5.993381265219304e-06,1.5385543775695176e-06,1.372241860962039e-07,0.0,1.1932564825305228e-06,4.391259255520468e-06,3.221786738105764e-07,0.0,0.0,2.3888424709758968e-08,1.5348353225784307e-06,1.791631893891378e-08
-18.45,4.1743502668026494e-07,0.0,2.8862882227855575e-06,6.017235519011222e-06,1.5743347119315996e-06,1.372241860962039e-07,0.0,1.079897116690123e-06,4.07504085804413e-06,3.042798585988777e-07,0.0,0.0,1.1944212354879483e-07,1.5945565413558014e-06,5.374895681674134e-08
-18.349998,5.068853895403217e-07,0.0,2.9459222769753414e-06,5.9874177017713245e-06,1.5683713228712526e-06,1.312579171354994e-07,0.0,1.157458788054607e-06,4.6537801892744084e-06,3.6394257597120664e-07,5.972106009808662e-09,0.0,1.0749791119391535e-07,1.6542777601331724e-06,8.360948838159763e-08
-18.25,5.247754621123331e-07,5.9633535339760156e-09,3.166568277477543e-06,6.249814493482419e-06,1.6280052134747222e-06,1.670555308997265e-07,5.966268174021948e-09,1.2946832835456172e-06,4.934200277602482e-06,3.878076629201382e-07,0.0,0.0,8.958159266159613e-08,1.6005286632335385e-06,4.180474419079882e-08
-18.15,6.082740693112732e-07,5.963467277653707e-09,3.3395707316416245e-06,6.5958269784010115e-06,1.7353793161683638e-06,1.909242483196931e-07,5.966381973292833e-09,1.4319350909268203e-06,4.958160386078243e-06,3.5798313219430476e-07,0.0,5.972219920429128e-09,1.2541662184933152e-07,1.6722260208248593e-06,8.958330335396263e-08
-18.05,5.367021771603406e-07,5.9633535339760156e-09,3.2440925479242626e-06,6.786535203800565e-06,1.7830533290437435e-06,1.6108926193902198e-07,5.966268174021948e-09,1.5393008624643744e-06,5.059494359621409e-06,4.474703802924672e-07,0.0,5.972106009808662e-09,1.1347001737135509e-07,1.779692319565651e-06,7.166527575565512e-08
-17.95,7.156029028804541e-07,1.1926707067952031e-08,3.512445791778292e-06,7.066822685855597e-06,1.7055292712592327e-06,1.73021799860431e-07,5.966268174021948e-09,1.6705590755427317e-06,5.2444522902207765e-06,3.520100324967409e-07,5.972106009808662e-09,1.1944212019617323e-08,1.6124686679087303e-07,1.6542777601331724e-06,8.360948838159763e-08
-17.849998,6.142258249723899e-07,1.7890060601928048e-08,3.3991410888177016e-06,6.8640615286242974e-06,1.8963577211903357e-06,1.8495433778184006e-07,5.966268174021948e-09,1.4736717559251956e-06,5.143023747634027e-06,3.6990884770843957e-07,0.0,0.0,1.313863359036743e-07,1.7319153445437543e-06,5.97210631297126e-08
-17.75,6.38079255068405e-07,1.7890060601928048e-08,3.625750494738882e-06,6.947551416896009e-06,1.8903943321299888e-06,2.386507584281807e-07,1.7898804522065843e-08,1.634761381066816e-06,5.489074069400585e-06,5.19065641139262e-07,0.0,5.972106009808662e-09,1.3735844208111407e-07,1.9409396102645523e-06,1.194421262594252e-07
-17.65,6.082740693112732e-07,2.981733638826853e-08,3.995557839642658e-06,7.609652101663373e-06,1.926211405918837e-06,2.4462169315960677e-07,3.5798291839757005e-08,1.6944565242634038e-06,5.51901126007506e-06,3.221848189748743e-07,1.1944439840858256e-08,1.7916659761287383e-08,1.4930550220158513e-07,2.287366307056861e-06,9.555552357756014e-08
-17.55,6.559693276404164e-07,1.1926707067952031e-08,4.078969306581242e-06,7.901721568572714e-06,1.9798451680351934e-06,3.0427971699593043e-07,1.7898804522065843e-08,1.7063567700186474e-06,5.9305865488958495e-06,3.99740206394604e-07,0.0,5.972106009808662e-09,1.731910791457525e-07,2.4246814823612564e-06,1.37358445198339e-07
-17.45,6.738594002124276e-07,1.7890060601928048e-08,4.156493577027962e-06,7.842085934092921e-06,2.212417341388725e-06,2.8638091011381684e-07,5.966268174021948e-09,1.885345242398226e-06,6.181174712933702e-06,5.966271737232896e-07,5.972106009808662e-09,5.972106009808662e-09,1.6721897296831275e-07,2.4246814823612564e-06,1.3138633888536772e-07
-17.35,9.899362304477583e-07,1.7890401832961118e-08,4.430894738588798e-06,7.95554537901171e-06,2.2124595405445462e-06,3.162182862794917e-07,2.3865527893171333e-08,1.9629443538121828e-06,6.157426616645905e-06,6.145377102668898e-07,5.972219920429128e-09,1.1944439840858256e-08,2.0902770308221918e-07,2.4963945596599685e-06,1.9708326737871778e-07
-17.25,8.348700533605299e-07,2.981676766988008e-08,4.597785578032365e-06,8.307243883035314e-06,2.200490563268031e-06,3.0427971699593043e-07,4.176387721815363e-08,2.1120639740790253e-06,5.8291580063091e-06,5.488969998254264e-07,0.0,2.3888424039234647e-08,2.3291214092014994e-07,2.609817260571106e-06,2.0305161464102285e-07
-17.150002,8.050532657405109e-07,2.981676766988008e-08,4.562005145518494e-06,8.814146776113564e-06,2.200490563268031e-06,3.7587494452438463e-07,1.7898804522065843e-08,2.052401149952499e-06,6.342267104100893e-06,4.474703802924672e-07,0.0,2.3888424039234647e-08,2.2096792856527043e-07,2.9442560857243823e-06,1.1347001994645394e-07
-17.05,9.064303436485753e-07,1.7890060601928048e-08,5.009260551941876e-06,9.482065882287258e-06,2.3555386788370524e-06,4.355376341314298e-07,2.983134087010974e-08,2.1657605157928988e-06,6.93293920504726e-06,6.145259889349883e-07,0.0,3.583263605885197e-08,3.0457741504942685e-07,2.7352318200035845e-06,1.7916318938913781e-07
-16.95,1.0912944268926926e-06,2.981676766988008e-08,5.212016336187143e-06,9.112324948512534e-06,2.606001019371625e-06,4.1763882724931627e-07,1.1932536348043895e-08,2.458108354012877e-06,7.016468593059878e-06,5.667958150371251e-07,1.1944212019617323e-08,2.986053004904331e-08,2.3888424709758966e-07,2.9502282076021194e-06,1.9110740201508033e-07
-16.849998,1.1330379295607191e-06,2.981676766988008e-08,5.229906552444078e-06,9.488029445735236e-06,2.421135958500869e-06,3.639424066029756e-07,2.386507269608779e-08,2.637096826392455e-06,7.833863318611921e-06,7.45783967154112e-07,2.986053004904331e-08,3.583263605885197e-08,2.627726718073486e-07,3.0636985232791243e-06,2.3291214620587915e-07
-16.75,1.0316608516526547e-06,4.7706828271808124e-08,5.516150012555042e-06,9.839879689166021e-06,2.6179277974923187e-06,4.83267785817066e-07,5.966268174021948e-08,2.6609619560430658e-06,7.505712151419495e-06,7.099863367307146e-07,1.1944212019617323e-08,2.3888424039234647e-08,3.0457741504942685e-07,3.242862179611237e-06,2.0305161464102285e-07
-16.649998,1.0972577844166964e-06,2.3853414135904062e-08,5.18219930909225e-06,9.786207618134206e-06,2.8922436942682794e-06,4.95200323738475e-07,2.386507269608779e-08,2.744489909820202e-06,7.851762473186055e-06,8.710756736360028e-07,1.1944212019617323e-08,5.972106009808662e-09,3.4041005211406526e-07,3.332444007777293e-06,2.1499582726696537e-07
-16.55,1.2702193800323646e-06,2.981733638826853e-08,6.01719083611857e-06,9.935486207971144e-06,2.6776127593113242e-06,6.085710415190217e-07,4.1764673813049835e-08,2.971265313673152e-06,7.929476718529464e-06,7.696637342177552e-07,5.972219920429128e-09,7.166663904514953e-08,3.284721048434873e-07,3.834175376319856e-06,2.1499992804951033e-07
-16.45,1.520656168620965e-06,4.174347473783211e-08,6.01707606774923e-06,1.0281183384316498e-05,2.814719636483769e-06,5.250316685419976e-07,4.176387721815363e-08,3.090534289754054e-06,8.48419926813873e-06,7.636827823658107e-07,4.7776848078469294e-08,3.583263605885197e-08,3.70270583001264e-07,3.672854954808307e-06,2.5082846514479294e-07
-16.349998,1.4729493084289348e-06,2.981676766988008e-08,6.422587636239763e-06,1.1086264449793718e-05,2.9160972505096672e-06,5.667955512669292e-07,2.983134087010974e-08,2.8280178635973386e-06,8.4126026498422e-06,8.770419453732357e-07,4.7776848078469294e-08,1.7916318029425986e-08,3.284658397591858e-07,4.114791973760851e-06,2.806889967096492e-07
-16.25,1.5564363137649878e-06,3.5780121203856097e-08,6.7147945017697055e-06,1.0883503292562419e-05,3.1009623113804235e-06,6.68222123598906e-07,2.983134087010974e-08,3.0786017249287487e-06,8.693022738170274e-06,1.0739289127019212e-06,6.569316610789528e-08,4.7776848078469294e-08,4.001311138884627e-07,4.0849313643721654e-06,2.806889967096492e-07
-16.149998,1.5087294535729575e-06,2.3853414135904062e-08,7.036818394394541e-06,1.1384442622192689e-05,3.4289487096995064e-06,6.68222123598906e-07,1.7898804522065843e-08,3.585735730004221e-06,9.015207520504655e-06,9.72502293168962e-07,6.569316610789528e-08,4.7776848078469294e-08,4.956848127274985e-07,4.520896261446973e-06,3.5235427246530435e-07
-16.05,1.6876623687753954e-06,3.5780803665922237e-08,7.048879651429286e-06,1.1342914026147129e-05,3.2560725313674455e-06,6.443693380789642e-07,1.7899145919878502e-08,3.7289976326219277e-06,9.391268890116912e-06,1.0679830110463425e-06,4.7777759363433024e-08,2.3888879681716512e-08,5.613886882779601e-07,4.550843670959082e-06,3.6430543363944806e-07
-15.95,1.8188240448211544e-06,8.945030300964024e-08,7.00103796188067e-06,1.16706936676957e-05,3.721154773656508e-06,6.204919719132699e-07,1.0739282713239506e-07,3.94967895717603e-06,9.68940900946364e-06,1.2111531626582779e-06,2.3888424039234647e-08,6.569316610789528e-08,6.390153609860524e-07,4.8672793303557235e-06,4.479079734728445e-07
-15.85,1.806914561787507e-06,1.311950289159947e-07,7.931404846723717e-06,1.2332766824402458e-05,3.7271537074889036e-06,8.412519462324801e-07,1.2529282653540975e-07,3.824423498915854e-06,9.952024852760514e-06,1.193265727271936e-06,9.555460743321157e-08,1.254154222560902e-07,5.19578192502131e-07,5.106212901920431e-06,4.658287348838146e-07
-15.75,2.2362590715014193e-06,8.348694947566421e-08,8.640974452099737e-06,1.2338612773869392e-05,3.7867520533203245e-06,8.949403441056777e-07,1.13359095306417e-07,4.039173193365819e-06,1.0148820643533038e-05,1.2708158800306069e-06,8.360948413732126e-08,1.0152580216674725e-07,6.330432548086126e-07,5.183801789875789e-06,4.7179639872472953e-07
-15.65,2.039487723205701e-06,1.1926820810544972e-07,8.694728019942239e-06,1.3286946075806905e-05,3.912020531380353e-06,9.426794858491621e-07,1.2529282653540975e-07,4.2361009114356574e-06,1.002958859561776e-05,1.437885201362683e-06,1.1944325929151447e-07,1.254154222560902e-07,7.644368809226755e-07,5.458571453047105e-06,5.912441635063801e-07
-15.55,1.997724770541268e-06,8.945030300964024e-08,9.058412831428226e-06,1.3555179717257193e-05,3.935836779828999e-06,1.0202319922804725e-06,6.562894991424142e-08,4.72529567082087e-06,1.0948316214510948e-05,1.437871488673128e-06,1.6721896827464252e-07,5.972106009808662e-08,7.763738030671664e-07,5.733237002627601e-06,5.673500997322697e-07
-15.45,2.1766254962613814e-06,9.541365654361625e-08,9.19557115606473e-06,1.3793722255176368e-05,4.311530290630858e-06,9.725018405948364e-07,1.0739282713239506e-07,5.035542356278806e-06,1.124066907255511e-05,1.372242499563566e-06,1.7916318029425985e-07,9.555369615693859e-08,7.584574845348472e-07,6.097536437169563e-06,6.629038007398099e-07
-15.35,2.5761950187861486e-06,1.311950289159947e-07,9.654845448756162e-06,1.3978726033075127e-05,4.573963029830382e-06,1.3424233184560853e-06,1.0142752624295076e-07,5.0296240399158575e-06,1.167632652089468e-05,1.5154474736353589e-06,1.493040741143931e-07,1.1347109632693874e-07,9.615182642855528e-07,6.509674927594468e-06,6.091606533096037e-07
-15.25,2.7491078185657446e-06,1.6697389895132843e-07,9.88136277924725e-06,1.4801564477884888e-05,4.746857692036187e-06,1.312579171354994e-06,1.6108924069859258e-07,5.292092500022868e-06,1.1759744555204949e-05,1.7302188037975398e-06,1.731910742844512e-07,1.0152580216674725e-07,9.73453306922678e-07,6.2348952403575156e-06,7.34569076495465e-07
-15.15,2.9220451867618544e-06,1.2523042421349634e-07,1.0543300780753854e-05,1.4765783097197012e-05,4.7587844701568805e-06,1.187287523180199e-06,1.491567043505487e-07,5.733597398559162e-06,1.2177391495268037e-05,1.6407247277390464e-06,2.0902371034330315e-07,1.6124686226483387e-07,1.134700173713551e-06,7.303905056472454e-06,6.629038007398099e-07
-15.049999,2.8564754953670493e-06,1.5504867053708463e-07,1.0907172529817802e-05,1.5296686124077517e-05,4.526255462374525e-06,1.3961202511943286e-06,1.19326501462295e-07,6.300454313346555e-06,1.207011167693916e-05,1.903258834998738e-06,1.552762370789688e-07,1.3138758522066591e-07,1.128738831987388e-06,6.7067568290720985e-06,8.181863676805462e-07
-14.95,3.023422264669919e-06,2.0871737368916054e-07,1.131854348522105e-05,1.577958888335351e-05,4.8482353060620845e-06,1.4438370884904934e-06,2.446169951348998e-07,6.246697686047287e-06,1.3030584529968345e-05,1.8793755972283623e-06,2.2096792236292048e-07,1.4930265024521654e-07,1.3258075713916226e-06,7.489040834682304e-06,9.495649037624304e-07
-14.85,3.399146205342835e-06,1.669754913476296e-07,1.1682422627617865e-05,1.703806325789063e-05,5.212051744552483e-06,1.6705712407453505e-06,1.312591516085245e-07,6.4078484209604165e-06,1.3364829538479347e-05,1.8972925063623784e-06,2.6277517044133183e-07,2.0902570376015033e-07,1.2899872365570148e-06,8.068413602917546e-06,9.077688166966644e-07
-14.75,3.488564151542214e-06,2.9220432316482477e-07,1.264241948823426e-05,1.732415181638018e-05,5.551915215183027e-06,1.79584695717206e-06,2.744483360050096e-07,6.920887598677032e-06,1.3925542258674962e-05,2.177689184090007e-06,2.448563464021551e-07,1.731910742844512e-07,1.4213612702306585e-06,8.390831238220604e-06,1.0749791363348268e-06
-14.65,3.8046221003144145e-06,2.3853414135904064e-07,1.252911478527367e-05,1.7759491948082674e-05,5.5101714917605985e-06,1.992733832875309e-06,2.3268445878685596e-07,7.2967633906741465e-06,1.4641508441640255e-05,2.058363749345349e-06,2.866610884708158e-07,2.329121343825378e-07,1.5826081370215314e-06,8.779019160273513e-06,1.1108117742126544e-06
-14.549999,3.852365699388547e-06,2.981705202636243e-07,1.3906794062074966e-05,1.8773476771382466e-05,6.040970729098015e-06,2.112079354370907e-06,3.10248903801967e-07,7.648846997831708e-06,1.4516352797821542e-05,2.4163630977256706e-06,3.404132889808162e-07,2.747194963704833e-07,1.648317024489519e-06,8.910490818321969e-06,1.1287388576030893e-06
-14.45,4.287654059758721e-06,3.2202109083470486e-07,1.3841063977448922e-05,1.8898532566646742e-05,6.303302236786745e-06,2.0762615983251723e-06,3.5797609044131686e-07,8.084312669144291e-06,1.580495348895886e-05,2.559530575272912e-06,3.284658305394764e-07,3.105495125100504e-07,1.8752413397160789e-06,9.220956179226058e-06,1.2541423257239647e-06
-14.349999,4.454628070430827e-06,3.3394779790265686e-07,1.4753465006552621e-05,1.940543545972499e-05,6.3629361273902145e-06,2.2850810119498303e-06,2.923471405270754e-07,8.734637452123426e-06,1.5989911419558225e-05,2.589361933959077e-06,4.598521627552669e-07,2.986053004904331e-07,2.0185718879746328e-06,9.656921076300865e-06,1.2302539004720796e-06
-14.25,4.907890047363426e-06,2.683534682372619e-07,1.506370574648429e-05,2.0222636509452967e-05,6.911633835167423e-06,2.5058568611180257e-06,2.744509533632785e-07,8.54379789461389e-06,1.621678869892271e-05,2.666948900452777e-06,5.434668297763908e-07,3.583297778745434e-07,2.1499787275950247e-06,1.050506256664098e-05,1.3258202454385493e-06
-14.15,4.961513459971149e-06,3.6376456557253695e-07,1.5856695009063632e-05,2.09082534486158e-05,6.798263528795543e-06,2.4819678876530795e-06,3.9973996765947046e-07,8.692873475234858e-06,1.7755961337539283e-05,2.744484999127132e-06,4.5388005674545827e-07,4.359637387160323e-07,2.07829294974903e-06,1.0642321186127485e-05,1.3915007709223037e-06
-14.049999,5.313402226246432e-06,4.2340213877434653e-07,1.6447228997942865e-05,2.091441646672119e-05,7.042829645671033e-06,2.6729139851925607e-06,4.832723309222948e-07,9.510344863138645e-06,1.7529405885737642e-05,3.060726590452516e-06,6.330492742450267e-07,4.120792445557249e-07,2.4246982316766115e-06,1.1048530840412629e-05,1.654289225164316e-06
-13.95,5.307388196363369e-06,5.784452927956735e-07,1.681083987610018e-05,2.2053257630627847e-05,7.203773984899137e-06,3.0487634389200087e-06,5.190653311399095e-07,1.0083017277382917e-05,1.774999495268124e-05,3.1382589337845034e-06,5.792942829514402e-07,5.255453288631622e-07,2.657587248960685e-06,1.1997992852373802e-05,1.7677434686394929e-06
-13.849999,5.981247596575796e-06,5.486285251257935e-07,1.797370393280097e-05,2.254226983336216e-05,7.996904729925285e-06,3.2516165835839623e-06,5.250315993139314e-07,1.0894431685503673e-05,1.9062599621450943e-05,3.1680902924706676e-06,5.912384949710575e-07,5.434616468925882e-07,2.5739777624765287e-06,1.251756745573693e-05,1.743855043387608e-06
-13.75,6.195987556756501e-06,6.023044509325211e-07,1.8677563894690735e-05,2.3168664948164194e-05,7.88367552208053e-06,3.2337486160142143e-06,5.548682317996718e-07,1.0912434601430728e-05,1.9134378718706816e-05,3.1800531631797098e-06,6.151327853512995e-07,6.03188459422148e-07,2.938304261046534e-06,1.2338521468266212e-05,1.7199830211094695e-06
-13.65,6.875816797825068e-06,7.096458382274258e-07,1.8701417743853814e-05,2.459993382527086e-05,8.384604980367038e-06,3.764751617536843e-06,8.054538848704913e-07,1.1783520140965384e-05,2.026203621101601e-05,3.603662496361247e-06,8.00269837253147e-07,7.226317187136626e-07,3.266773233317996e-06,1.3108932537678768e-05,1.905120082409447e-06
-13.55,6.971164945560425e-06,7.39455838213026e-07,2.0376956316649276e-05,2.424188541603629e-05,9.076278149848085e-06,3.991433934711322e-06,7.278847172306776e-07,1.2529193066570489e-05,2.1222430940062912e-05,3.925806803099245e-06,7.644295692555087e-07,7.106806151672307e-07,3.577291600286405e-06,1.3956848828271565e-05,2.1021814221658835e-06
-13.450001,7.507938723730929e-06,8.289140463328755e-07,2.1540025794260198e-05,2.6257820274586085e-05,9.171779843388695e-06,3.907943438172159e-06,7.696559344318027e-07,1.3119980146826775e-05,2.1920707019809428e-05,3.806517669997476e-06,8.42074978005177e-07,7.34576044642814e-07,3.869961709671045e-06,1.4058508972070988e-05,2.239561225402955e-06
-13.35,7.806034998920955e-06,8.646862624265223e-07,2.1486149724579262e-05,2.7181922195890137e-05,9.845555338632844e-06,4.307646189628662e-06,9.00906494277314e-07,1.353749479430878e-05,2.258276668769697e-05,4.32554700949385e-06,9.077601134909165e-07,7.823458872849347e-07,4.084920625368783e-06,1.5784318122859113e-05,2.5202288640738716e-06
-13.25,8.623097215659192e-06,9.004749711961454e-07,2.270290094096029e-05,2.6693164558039365e-05,9.935100922682421e-06,4.89835353089976e-06,9.367130364790158e-07,1.4444507474064403e-05,2.2797773958272138e-05,4.3792852190880055e-06,1.122766637340236e-06,8.719357928280556e-07,4.437317207230843e-06,1.5868079158365597e-05,2.4844199193803447e-06
-13.150001,8.85558592314562e-06,1.0078067472419466e-06,2.478987632669331e-05,2.8589323169613276e-05,1.0382260354064071e-05,5.083261154520249e-06,1.038130662279819e-06,1.5017132832646628e-05,2.4056463747633866e-05,4.665624498516125e-06,1.2421980500402015e-06,1.0212301276772812e-06,4.658242818402999e-06,1.7474428614258708e-05,2.7710573292186647e-06
-13.05,9.034486648865733e-06,1.0793669896496588e-06,2.517749767892691e-05,2.9388440671642518e-05,1.0543271858693438e-05,5.304013106066316e-06,1.0918270758460164e-06,1.550040170807149e-05,2.5488396113564456e-05,4.904275368005441e-06,1.3377517461971401e-06,1.0690069757557504e-06,5.183788162017696e-06,1.759387105181345e-05,3.0218857943634578e-06
-12.950001,9.941011797028957e-06,1.1270845665964998e-06,2.5583253227402062e-05,2.9418539044863313e-05,1.1539267878385646e-05,5.799268735730288e-06,1.1276354388186879e-06,1.6866841234688172e-05,2.5518471400034003e-05,5.262301857269238e-06,1.5229015559668094e-06,1.2481820595963262e-06,5.08231082550935e-06,1.817334018777061e-05,3.2667733074544434e-06
-12.85,1.0292755086430533e-05,1.3596446057465316e-06,2.7085787413000002e-05,3.155321420325904e-05,1.1873107619150812e-05,5.900640002136769e-06,1.3304778028068943e-06,1.728432014945462e-05,2.732604264984204e-05,5.512835085203196e-06,1.6005244106287212e-06,1.4691380784129308e-06,5.745166142697032e-06,1.8489689333474012e-05,3.5354869372789858e-06
-12.75,1.1115698424743054e-05,1.5802886865036443e-06,2.857663876774461e-05,3.208993491357719e-05,1.2558897361090714e-05,6.467435553403697e-06,1.5213983843755967e-06,1.8704295363665945e-05,2.7314109880125953e-05,5.7693847699042105e-06,1.9528786652074324e-06,1.5169149264914e-06,6.318488335731246e-06,1.9994664046663758e-05,3.762426977171894e-06
-12.65,1.1634621485305036e-05,1.5206696533444839e-06,2.935216139516852e-05,3.377198187939609e-05,1.2869116321217686e-05,7.064129818008911e-06,1.622840419887212e-06,1.8907329279351544e-05,2.8537490929708355e-05,6.479432899086613e-06,1.85734268198305e-06,1.5826231856125666e-06,6.6291010767513266e-06,2.0848876304800263e-05,3.9714885730479064e-06
-12.55,1.2833145391656145e-05,1.7114824642511164e-06,3.0222538663382653e-05,3.4862991916887616e-05,1.3411661996720331e-05,7.5055663525662836e-06,1.6407237478560355e-06,2.0440483545747853e-05,2.8954865716088085e-05,6.539033824007254e-06,2.09620920944284e-06,1.6841338947660426e-06,6.999308439959377e-06,2.191171516941736e-05,4.067004399133428e-06
-12.450001,1.3113548255348938e-05,2.0096693065768276e-06,3.192837710478103e-05,3.5835394510558205e-05,1.37039987516952e-05,8.084371540035536e-06,1.9629209490547526e-06,2.2164950543638683e-05,3.076894014729375e-05,7.183459678177055e-06,2.2933105783970778e-06,1.749843748620687e-06,7.9608934552338e-06,2.3130248618874657e-05,4.377595675254309e-06
-12.35,1.3996000108836882e-05,2.1229538580954614e-06,3.344277758963101e-05,3.7779174442949545e-05,1.4485072027582786e-05,8.460169386279007e-06,2.165755347169967e-06,2.204541351475141e-05,3.1377217968454e-05,7.326581693321996e-06,2.4485634640215512e-06,2.0006555132859016e-06,8.438586028722354e-06,2.3745156585882648e-05,4.825461900880778e-06
-12.25,1.4997844172869519e-05,2.4569016559981185e-06,3.58758470005742e-05,3.9365482320112066e-05,1.547499461160038e-05,9.432671226873842e-06,2.416338610478889e-06,2.362647835410435e-05,3.3435620744479216e-05,7.839681062724025e-06,2.699391916433515e-06,2.3231492378155695e-06,9.071629283530968e-06,2.5626374977369828e-05,5.171844067033111e-06
-12.15,1.6071401795436738e-05,2.540412832646079e-06,3.671703732426911e-05,4.0063601318344157e-05,1.611323090821603e-05,1.042913760293883e-05,2.535688156073769e-06,2.5279379664440674e-05,3.443830182861732e-05,8.299163133176316e-06,2.908443363748377e-06,2.526224934015531e-06,9.728653742367487e-06,2.6343280830843303e-05,5.566056165534811e-06
-12.05,1.690611858055073e-05,2.8206662215706555e-06,3.801670954598745e-05,4.149447447104072e-05,1.7061256101652676e-05,1.0870542046403631e-05,2.851876187182491e-06,2.6102485555355185e-05,3.570881337539402e-05,9.378979170930112e-06,3.242853563326103e-06,2.693419810423706e-06,1.0534795297003705e-05,2.7824115828377075e-05,6.288627947558737e-06
-11.95,1.7424930685139057e-05,2.999566827589936e-06,3.924517106229701e-05,4.282434911994012e-05,1.7377315721851064e-05,1.1616325666491696e-05,3.1322907913615224e-06,2.8089257598768503e-05,3.6609737488958684e-05,1.0011403975076799e-05,3.7564546801696483e-06,2.9561924748552875e-06,1.1042424322086083e-05,2.8266052847329618e-05,6.425986392757076e-06
-11.85,1.8820535831687698e-05,3.5899730639740364e-06,4.111807249485716e-05,4.446475311544716e-05,1.8617878199648573e-05,1.2153405776422424e-05,3.412737941821637e-06,2.9467749861381282e-05,3.866850903521636e-05,9.89217287908435e-06,4.413428430821459e-06,3.3563555860915564e-06,1.2099602505854223e-05,2.9986309918763142e-05,6.718683676208865e-06
-11.75,1.947632567339636e-05,3.78672949407477e-06,4.250119042105923e-05,4.582998509772174e-05,1.957184289605875e-05,1.3084027830825008e-05,3.740850145111761e-06,3.0684590448272394e-05,3.8715871343848255e-05,1.0763154213968144e-05,4.455191083317261e-06,3.869924694356013e-06,1.314460569654487e-05,3.110281073925474e-05,7.118750725061742e-06
-11.65,2.1128377202683623e-05,4.096862948422198e-06,4.461266139724821e-05,4.800117996596489e-05,1.9190369009118866e-05,1.4354980018690405e-05,4.152562250887866e-06,3.197957871168327e-05,4.2266273415440934e-05,1.1019808991356329e-05,4.771758208696003e-06,4.1446810974155525e-06,1.3676253572757241e-05,3.219004390801301e-05,7.77575657459906e-06
-11.55,2.244011436282624e-05,4.335358019200563e-06,4.707512237741568e-05,4.970033777546038e-05,2.112232405174896e-05,1.4885841056957773e-05,4.576127689474833e-06,3.4711831076812905e-05,4.3453180921135284e-05,1.1813218039721134e-05,5.655584391288802e-06,4.401442129228983e-06,1.480485121387312e-05,3.488316388786231e-05,8.050399309885258e-06
-11.45,2.3740126303059065e-05,4.770682827180812e-06,4.990773995143043e-05,5.076185206920071e-05,2.183196734993025e-05,1.6079094849098674e-05,4.683520516607229e-06,3.6060210902072394e-05,4.453906296529931e-05,1.2517238104714616e-05,5.990022327838088e-06,4.903099034052911e-06,1.5808165051682996e-05,3.53489893943258e-05,8.99996421364769e-06
-11.35,2.49389990013048e-05,5.462483931229597e-06,5.17211084478457e-05,5.156146129776773e-05,2.3484050080146086e-05,1.7153186846938868e-05,5.3637262407301605e-06,3.781465855870309e-05,4.628765516050124e-05,1.3400374117263843e-05,6.533546283245842e-06,5.321197201436969e-06,1.6841500032827695e-05,3.8096528773509275e-05,9.322546860944034e-06
-11.25,2.6930522578401092e-05,5.683075917879143e-06,5.3426149148627706e-05,5.4864783721410545e-05,2.417557925064661e-05,1.8376108398969917e-05,5.799212665149333e-06,3.9341666229031336e-05,4.771317970977878e-05,1.4074435028132401e-05,6.658898200936658e-06,5.631695967249568e-06,1.84239475574016e-05,3.951753046498628e-05,9.943557011097148e-06
-11.15,2.839154517178202e-05,6.1482174935292724e-06,5.562068234281176e-05,5.630200251237358e-05,2.4944856439431367e-05,1.9223318591389956e-05,5.978200710369992e-06,4.128070801314343e-05,5.0887296454258246e-05,1.5100633766936459e-05,7.745821494721835e-06,5.715305451386889e-06,1.939142875814684e-05,4.1040421543809245e-05,1.1024508253744946e-05
-11.049999,3.0103315867667776e-05,6.7744342203895445e-06,5.9217180547343236e-05,5.856871517526912e-05,2.727083824695481e-05,2.1156591498867903e-05,7.034297261202291e-06,4.448502590938628e-05,5.301183502204866e-05,1.5643713684535083e-05,7.954921068814864e-06,6.724655498112264e-06,2.0532296848532486e-05,4.3125103350605185e-05,1.1120168004534138e-05
-10.95,3.274479616430478e-05,7.287218018518691e-06,6.0850588895255844e-05,5.945672757635469e-05,2.8075635696113525e-05,2.283291131261619e-05,7.183386881522424e-06,4.643557601767529e-05,5.319628739432132e-05,1.7063537168486083e-05,9.047740604860123e-06,7.220276165858672e-06,2.2275956041850236e-05,4.545979173333469e-05,1.2356287961537538e-05
-10.85,3.321621818203437e-05,7.6510555499646e-06,6.348701954753435e-05,6.451444463558307e-05,2.9805302768047263e-05,2.4103956473611484e-05,7.869582771438356e-06,4.7724748155737773e-05,5.5070257428644814e-05,1.7469410247261145e-05,9.728653469293853e-06,7.8474221354525e-06,2.3793097918718273e-05,4.800437345688471e-05,1.324028596458227e-05
-10.75,3.585170543431075e-05,9.183564442323064e-06,6.6056641826024e-05,6.581388621190074e-05,3.099173294662319e-05,2.5702686682715063e-05,9.092592697209448e-06,5.1148939123670857e-05,5.829158006309099e-05,1.8519307472370908e-05,1.0051054414507977e-05,9.256764315203425e-06,2.5512837590022577e-05,5.0410680769978726e-05,1.4058338260734345e-05
-10.65,3.8093927863336175e-05,9.553292361429577e-06,6.974798978037164e-05,7.004801625996612e-05,3.21486304243305e-05,2.7182321384969783e-05,9.659388173741533e-06,5.393519301037963e-05,6.168645304731809e-05,1.984381979803661e-05,1.1478387750852247e-05,9.412039071458451e-06,2.6928226754075796e-05,5.18559342643911e-05,1.539011796852694e-05
-10.549999,4.124297395815973e-05,1.0310736590716128e-05,7.318360923232589e-05,7.195704279653775e-05,3.446871748685738e-05,2.913356917342695e-05,1.016065159951442e-05,5.4961917741049684e-05,6.372159797810689e-05,2.2111213926348975e-05,1.2601263855254777e-05,1.002726161752264e-05,2.9592068320092633e-05,5.4078079329695326e-05,1.662650253739154e-05
-10.45,4.22205712699468e-05,1.0990460563117796e-05,7.739903893292097e-05,7.42523284907916e-05,3.5255556124771275e-05,3.205079685690467e-05,1.1198685362639195e-05,5.923325179281515e-05,6.632233408201838e-05,2.3435515383850816e-05,1.4165835455266145e-05,1.133505720661684e-05,3.0804123663234185e-05,5.68486281541793e-05,1.734896883918151e-05
-10.349999,4.5428857617860835e-05,1.2403775350670113e-05,7.963531596503787e-05,7.765155965613986e-05,3.683585422576322e-05,3.438360802054014e-05,1.2630589724404463e-05,6.23357186473945e-05,6.88819131861193e-05,2.3996344927150707e-05,1.4565966557923326e-05,1.2410036288382399e-05,3.331240825775888e-05,5.913595083335261e-05,1.8549362208088733e-05
-10.25,4.8816510240239384e-05,1.365024641766872e-05,8.418023369650525e-05,8.049098347628626e-05,3.85596413961972e-05,3.5988877586342695e-05,1.3090117210413762e-05,6.629796243362397e-05,7.17882272352605e-05,2.6305542957709832e-05,1.6160672982141908e-05,1.3556809929586892e-05,3.558214794169766e-05,6.383661954225438e-05,2.0167995355162077e-05
-10.15,5.133258156662458e-05,1.3817090138222429e-05,8.718498722546457e-05,8.32274914800006e-05,4.105793368048887e-05,3.8816545858343595e-05,1.4319043617652673e-05,6.896425840785157e-05,7.599384393690788e-05,2.8488947545287078e-05,1.731313532243531e-05,1.432111021152117e-05,3.989964137147492e-05,6.626666435537069e-05,2.184596489284887e-05
-10.049999,5.499460755380987e-05,1.5820927805187904e-05,9.254100782816438e-05,8.57926419419022e-05,4.347948429008255e-05,4.055908319495319e-05,1.5297657487466218e-05,7.281917130151014e-05,7.725348788581722e-05,2.9235010318162432e-05,1.8973561738457073e-05,1.5664983456082122e-05,4.200222330882169e-05,6.851880774705626e-05,2.2831580172574657e-05
-9.95,5.813080914398889e-05,1.7037301046569478e-05,9.477640232382409e-05,9.020486071413651e-05,4.675893362218058e-05,4.41145926954492e-05,1.7469233213536263e-05,7.627892064576366e-05,8.137552307886367e-05,3.151981358780139e-05,2.069931942999682e-05,1.686522737169966e-05,4.49162105605243e-05,7.41438931121059e-05,2.564422450789859e-05
-9.849999,6.179231066372721e-05,1.9124474783461083e-05,0.00010085311244576311,9.493993009183216e-05,4.962136037114712e-05,4.777788183732178e-05,1.924121486122078e-05,8.127866530756656e-05,8.495535399369014e-05,3.482512813022841e-05,2.2819417063478896e-05,1.9033101853260203e-05,4.870252587702109e-05,7.629982910996899e-05,2.6677398900042618e-05
-9.75,6.577646078058153e-05,1.9917790753610103e-05,0.00010529685366812079,9.853093494815155e-05,5.054020427354953e-05,5.017083415509876e-05,2.0870205105755397e-05,8.568259885792601e-05,8.778425758912796e-05,3.619174950815782e-05,2.480239279188298e-05,2.0902570376015032e-05,5.106199478038184e-05,7.938817322248923e-05,2.8588745562677186e-05
-9.65,6.99747045148997e-05,2.2649032719224902e-05,0.00011093232553289816,0.00010244903349923107,5.3003107443458204e-05,5.432936327938272e-05,2.205750379530523e-05,8.947719066028247e-05,9.32972497737507e-05,3.965222011724644e-05,2.7686947503773055e-05,2.231797299861948e-05,5.493792865318509e-05,8.438091472658921e-05,3.064316972678017e-05
-9.55,7.54662894662679e-05,2.4223142055010575e-05,0.00011634603972426905,0.00010660466019607988,5.7135230587184296e-05,5.905413017305332e-05,2.4640687558710644e-05,9.578269785272505e-05,9.692988840378468e-05,4.095845547610383e-05,3.024274483367106e-05,2.4378136732038956e-05,5.8867050591023535e-05,8.787380130902345e-05,3.3873787007172985e-05
-9.450001,8.082215530002007e-05,2.651332266184147e-05,0.00012272209048174988,0.00011298078698660763,5.961656898202651e-05,6.162617980592402e-05,2.5893850817318014e-05,9.919039106002506e-05,0.00010057034227705709,4.3924111420879964e-05,3.248259436432736e-05,2.7304729074040206e-05,6.27674345195103e-05,9.177447212141669e-05,3.600020017794403e-05
-9.35,8.340351833071693e-05,2.8415379589395715e-05,0.0001268953039104419,0.00011842444294997507,6.323577759591924e-05,6.784841062113177e-05,2.9461432243320375e-05,0.0001054719404908729,0.00010595106230914737,4.7909162049980156e-05,3.431572113236057e-05,3.0218856409631828e-05,6.886435633205766e-05,9.720225568204878e-05,3.926062690147306e-05
-9.25,8.908744765195897e-05,3.157625809591781e-05,0.00013300906293332764,0.00012150280042571359,6.900899632489855e-05,7.197178884682558e-05,3.186614221550588e-05,0.00011202398691988155,0.00011172162192322579,4.985464208542149e-05,3.805462241027651e-05,3.2094403771629936e-05,7.255580989319988e-05,0.00010211231368074331,4.136917495564338e-05
-9.150001,9.505591893262032e-05,3.401496855779919e-05,0.0001423166703239201,0.00012846708379637238,7.163222939288778e-05,7.642193911766417e-05,3.421654797801587e-05,0.00011748206698754261,0.00011521685799368988,5.415584855886299e-05,4.082531668305201e-05,3.459043800881177e-05,7.760751977582944e-05,0.00010711597799909235,4.5370091659642666e-05
-9.05,0.00010122799396996425,3.7455823546903354e-05,0.00014838145363502115,0.0001331544446664842,7.452447308715606e-05,8.260299376095405e-05,3.74323665238137e-05,0.00012347221452984583,0.00012065820098422611,5.8397867764035585e-05,4.494009772381018e-05,3.7803431042088826e-05,8.381851020036678e-05,0.00011276560529543162,5.05359636203628e-05
-8.950001,0.00010760384934948441,4.078376376165853e-05,0.00015456697911446013,0.00013954275189757888,7.924823299011206e-05,8.867750125427908e-05,4.0893192051128496e-05,0.00013072846066262912,0.0001273358000045653,6.165007379950457e-05,4.8912014679875176e-05,4.161403153716364e-05,9.080076826209654e-05,0.0001183984453573948,5.1898098796671145e-05
-8.85,0.00011493178956012494,4.378890499998588e-05,0.00016433356313078843,0.00014521873352174654,8.423287047740092e-05,9.502476573714085e-05,4.4221979705850675e-05,0.0001371350012548203,0.0001328296260946361,6.54559672291821e-05,5.362353986207197e-05,4.452802240913338e-05,9.625243526179632e-05,0.00012634023832352803,5.641848833863949e-05
-8.75,0.0001225887406209458,4.7736645039478006e-05,0.00017080385801038003,0.00015007903773184975,8.954625013017008e-05,0.00010192773892467598,4.8273075796011574e-05,0.00014463461824752467,0.0001386707168706613,7.011562545596099e-05,5.800706567327153e-05,4.891752032634275e-05,0.00010346076741796609,0.00013118960128825053,6.13395039405278e-05
-8.65,0.00013003821430474712,5.217387763572898e-05,0.00018059749201366994,0.00015919288085618918,9.472933862953798e-05,0.00010765638381431823,5.283777484750423e-05,0.00015523818255583713,0.00014494276963316016,7.599312784131325e-05,6.285104303919491e-05,5.343891420702357e-05,0.00011227069472238575,0.00013733025225691267,6.533546614908888e-05
-8.55,0.00013753291457609929,5.7301864107975534e-05,0.00018947528037720147,0.00016583477236141136,9.995832742953587e-05,0.00011708206208486546,5.684660316208112e-05,0.0001628974087126543,0.00015241130119873688,7.976308685506658e-05,6.994530558687904e-05,5.7541241404506455e-05,0.00012005725048507113,0.0001467410066578779,7.103223248648016e-05
-8.450001,0.00014766606725736715,6.115477370606934e-05,0.0001980883269124975,0.0001745969121460497,0.00010696632968196554,0.00012523317979730322,6.15665084294711e-05,0.00017285081620451045,0.0001592681962947177,8.6654957114488e-05,7.575091504267848e-05,6.175216505371298e-05,0.0001263052780830755,0.00015364027264889475,7.567328076554892e-05
-8.35,0.00015863723685354868,6.621111428773571e-05,0.00020980452945049892,0.00018343921165984655,0.00011232043295163514,0.00013428281549857657,6.695346144887429e-05,0.00018145851329841658,0.00016822222107255378,9.145101318830582e-05,8.23971466173301e-05,6.70906389141905e-05,0.00013837967223745626,0.00016272240480270234,8.197313125184351e-05
-8.25,0.0001673139220509742,7.327768822549729e-05,0.0002214749138554397,0.00019197903451735306,0.00012025770379095695,0.00014295777056744094,7.376097343543333e-05,0.00019153556429338684,0.00017659902541324773,9.936228951187665e-05,8.999963756781652e-05,7.443035720024535e-05,0.00014685409090324324,0.00017138795364729886,8.96831205018894e-05
-8.15,0.00017855059041082426,7.979639463295113e-05,0.00023288512937913875,0.0002013079675650529,0.00012629982139345197,0.0001537462510813105,7.962657442578946e-05,0.00020304049312262935,0.0001826208493365071,0.0001077996258017467,9.737611713740717e-05,8.00986496808896e-05,0.00015626762051736506,0.00018053299393234237,9.76986188969785e-05
-8.05,0.00019325452728039064,8.554430644488594e-05,0.0002452092674229738,0.00021129501652535838,0.000136895559269325,0.00016558186246643249,8.631400167357552e-05,0.0002152396043188557,0.00019515448232176492,0.00011583516577837667,0.00010703208390779083,8.857230423147225e-05,0.00016926740538717458,0.00018971042356819622,0.00010302480600506721
-7.95,0.0002037092643777311,9.427510555564622e-05,0.0002569464744991167,0.0002201161764566366,0.00014494086224098519,0.000177366089408018,9.513259966063426e-05,0.00022941061895980877,0.00020611571413855665,0.00012267906443811586,0.00011582357624197186,9.455083319907695e-05,0.00018162455911838,0.00020268881090039793,0.00011159531069005924
-7.8500004,0.0002164232032434607,0.00010320228836397073,0.0002744014453919362,0.00023189427042851027,0.0001549295865468338,0.0001897580891288352,0.00010304390898330599,0.0002429720435494331,0.00021348423457395055,0.00013386587728810454,0.00012658536258764748,0.00010430930095092711,0.0001943750666061395,0.00021202925405571253,0.00011959797130895464
-7.75,0.0002319090107509832,0.0001111151663985751,0.000284126451187227,0.0002425619796831144,0.00016302116674270505,0.00020265625778825036,0.00011127686771368335,0.00025591175152590856,0.0002240437178044145,0.00014180634665055146,0.0001379138440845114,0.00011254433775484423,0.00020671251111972178,0.0002255909318096406,0.00013077718404144465
-7.6499996,0.0002472181283385018,0.00012121766529379597,0.00030121304400284037,0.0002570188830378793,0.00017525291337330067,0.00021848581115855824,0.00012194513668634077,0.00027373434235458184,0.0002360909745980052,0.00015303559978784516,0.00014999612977690857,0.0001231573573920771,0.0002246955942479919,0.00023747658671862526,0.00014063780217490128
-7.55,0.0002646252519543858,0.00013148660904525544,0.00032354610378883595,0.0002709080885368635,0.0001869769921704937,0.00023458884786846946,0.0001327202683882602,0.00028857852377956437,0.00024778514468170725,0.00016483694155705988,0.00016305121576561387,0.00013356081566852937,0.00023893316326476874,0.00025014351762170855,0.00015277318006862923
-7.45,0.00028425671853317646,0.00014350878709574457,0.00033451882208155475,0.0002825490198953938,0.00019931530296977775,0.00025100213204370687,0.00014467672682161932,0.0003077124827144193,0.0002634589124418528,0.00017828498217779294,0.00017779044367966908,0.00014501536961470356,0.00025658082116937264,0.00026514555931362053,0.00016300941909906707
-7.3500004,0.0003013179657634074,0.00015646721611544344,0.0003547527531506824,0.00029843602867568315,0.00021403898076747337,0.000270911666501274,0.00015683603934017515,0.0003273535780725554,0.00027597644756206037,0.00018941213202591502,0.00019335382615293806,0.00015839295086570988,0.00027526165836923755,0.0002803566262679596,0.0001776769821438485
-7.25,0.00032491353469534624,0.00017136889050586875,0.0003760940895587123,0.00031314671665339867,0.00023034186584496198,0.0002937134546665227,0.00017125576166712598,0.00034600858223937566,0.0002928540343722373,0.00020587217256495832,0.00021046895999767684,0.00017518575769172727,0.00029553564629678305,0.00029828957142733414,0.0001931498623741165
-7.1499996,0.000346830527406582,0.00018664789226302553,0.00039560823848949566,0.00033030546370641374,0.00024480425162948705,0.0003150026043620535,0.00018877362516541034,0.00036556779914450607,0.0003088692841291264,0.00022154662483126917,0.00023195173134278358,0.00019112621998926602,0.00031694118612430705,0.0003147741287641732,0.0002077108480038671
-7.05,0.00036944368696514043,0.0002039118830646952,0.0004171064175358279,0.0003496811737391315,0.0002607862105188448,0.00033524028517717717,0.00020485279456556143,0.0003865572807574838,0.00032165530784819454,0.00023797781554533255,0.0002496232772899835,0.000206689602462535,0.0003384348987465302,0.00033272044058112996,0.00022569891799201108
-6.95,0.0003943926132075143,0.0002218844582921796,0.0004456333601494197,0.0003700271848202262,0.00027956367914906585,0.0003615260676738903,0.0002245703340701861,0.00041349916889130205,0.00034401578452996555,0.0002573610976572782,0.00027026765747389096,0.00022844499908720092,0.00036391028992229066,0.0003505277214919004,0.0002455132905262485
-6.8499994,0.0004219930440405669,0.0002445523311867604,0.0004755599961799744,0.00039036479757514274,0.00029995393663276337,0.0003883403321272364,0.0002452326901129539,0.00043792125096957175,0.0003631636452320288,0.00027713464367038626,0.00029613426067517874,0.0002485423209478263,0.00039114495920880896,0.0003729010681699769,0.0002675814992758271
-6.75,0.0004533544908017638,0.00026503058486998445,0.0005012027617553498,0.0004105157745528446,0.0003250301072035654,0.0004192815504961136,0.0002658999416165247,0.0004680749860667831,0.0003857107211230033,0.0002993591118656971,0.00032414357141947325,0.0002702390855393022,0.00042132215561894884,0.0003969628619505156,0.00028805397733670275
-6.6499996,0.0004854613608079027,0.0002866359177454419,0.0005293561329835702,0.00043543166144625634,0.00034588417818717885,0.0004546736267329396,0.00028859573397206265,0.0004962121080925941,0.0004092422552097997,0.00032467412355769815,0.00035167511140480327,0.0002932795803903658,0.0004555902642675502,0.0004214188176544883,0.0003129279187379709
-6.55,0.0005211164454599652,0.0003169656784422612,0.0005574916139102263,0.00046294767440130705,0.0003703878606783621,0.00048598475554124417,0.00031824822819052315,0.0005301902484524315,0.00042900301608593295,0.0003517790253056974,0.00038436657558695,0.00032013029704417134,0.00048737396489980126,0.00044724239578976987,0.0003414329180916931
-6.45,0.0005629138176503492,0.0003443554918281226,0.0005923896288281559,0.0004855616148273045,0.0003989228133968609,0.000525935082999401,0.00034719669940741856,0.0005667697003481583,0.0004569914609138137,0.00037906291605929645,0.00041997841353326736,0.0003519438574567208,0.0005245982802024733,0.0004758012187876691,0.0003716041430518868
-6.3500004,0.0005988551448284693,0.0003749774582414469,0.0006331795163945671,0.0005179319915763324,0.00043226428061715914,0.0005663448153581371,0.00037746968847471605,0.0006028121842662932,0.00048304678782989886,0.00041116161106353067,0.00045725050486698635,0.00038388283269349846,0.0005635127096124222,0.0005072027853545772,0.00040044358195386135
-6.25,0.0006425906174557024,0.000411187113560182,0.0006736354516651129,0.0005473444267506519,0.00046332772235397425,0.0006129654633208071,0.000411113635134253,0.0006425239493646388,0.0005178130781756804,0.0004466730297745347,0.0004992764152524022,0.0004190049556118771,0.0006045412746901307,0.0005365260435979242,0.0004394595385383715
-6.15,0.0006920416773031152,0.0004459574673313284,0.0007139090797330021,0.00058089282477733,0.00050255268628262,0.0006569578078010959,0.0004501430011936079,0.0006881808448874157,0.0005521352211482603,0.00048327994325933905,0.0005398604669686736,0.000461440742953876,0.0006524227393544046,0.0005751929744104918,0.00047758934184831165
-6.05,0.0007431034878036724,0.0004892358567768496,0.0007572368308746915,0.0006157706800333246,0.0005394149661858084,0.0007089273908651612,0.0004926550110867076,0.0007297931783450326,0.0005863194357782655,0.00052055969128614,0.0005946036259347965,0.0004985358705760073,0.0007003641752246041,0.0006102761283325661,0.0005193487856271505
-5.95,0.000797525348070393,0.0005337047961233265,0.0008081108850894655,0.0006544624641799152,0.0005807235591808014,0.0007702489956463645,0.0005361552797681553,0.0007859242309359634,0.0006175536094457045,0.0005715715578820884,0.0006450860787538843,0.0005425743902835611,0.0007512587067518576,0.0006537892158195368,0.0005680993219197199
-5.8500004,0.000857654168700389,0.0005823063591746591,0.0008568023225134051,0.0006963686243522475,0.0006312993029646235,0.0008260995057024886,0.0005867494751348645,0.0008389766671220345,0.0006623017092557889,0.0006182399579421478,0.0007036786902063946,0.0005961862415738664,0.0008162116432562474,0.000700897537820254,0.0006166408334946317
-5.75,0.0009226014051856896,0.0006385589412928457,0.0009195913175699465,0.0007403024057653074,0.0006792213259627127,0.0008930055648595632,0.0006414484825784955,0.0008973331536645402,0.0007079149389955349,0.000670379455273375,0.0007683210738942931,0.0006546295496642004,0.0008798089051940229,0.0007491166797870124,0.0006733283369234042
-5.65,0.0009923325087818498,0.0006986128298588242,0.0009789049263361463,0.0007896294725835053,0.0007382437121147132,0.0009660523038483148,0.0007011200382020151,0.0009606549963908479,0.0007560960875204984,0.0007332070663320251,0.0008362799766595167,0.000711451016842496,0.0009466922991415704,0.0008000732237166817,0.0007369937516585313
-5.55,0.0010696107958601576,0.0007618339733661152,0.0010443284635095111,0.0008463410330634774,0.0007993484080027211,0.0010442571705034903,0.000769705961092428,0.001028144519316768,0.0008050660468898821,0.0007962206588104211,0.0009159820990867626,0.0007897311760303904,0.001021026001238782,0.0008538144476615778,0.0008037179557982871
-5.45,0.0011497050326826784,0.000841337781783338,0.001119604889057875,0.0009000252872076835,0.0008670928307576107,0.0011336084405174326,0.0008479241098256306,0.001105736392078785,0.0008645034562642901,0.0008690691840895473,0.0010002250281611802,0.0008600590317499665,0.0011045104715766694,0.0009190960231927441,0.0008765302231606548
-5.35,0.0012369553977740091,0.0009234074046755841,0.001193474216716409,0.0009657394647657852,0.000934999770771801,0.0012237473927990644,0.000927820330010327,0.001183358420007932,0.000926179820668762,0.0009441207385149452,0.001092931232431044,0.0009482748806614585,0.0011905274222602576,0.0009825215470815496,0.0009606371888666791
-5.25,0.0013331686017277865,0.001012236382264944,0.0012755844649624145,0.0010303297698838554,0.0010196251234710408,0.0013229011584482784,0.0010183036425009979,0.0012641240465357832,0.0009934913455701853,0.001032820259012635,0.0011934773280278383,0.001039145428613327,0.001282712997537913,0.0010555238259037458,0.0010496026893812432
-5.1499996,0.0014454531959598796,0.0011129817572574853,0.0013725677897420262,0.0011024474865430293,0.001113978315093212,0.001437871709541272,0.0011178930657393363,0.001359614851884194,0.0010668603300187996,0.0011227145039250507,0.0013029465531755823,0.0011411793463246855,0.0013948756584876137,0.0011338903828628495,0.0011426664658172486
-5.05,0.0015550184861944246,0.0012202689622705558,0.0014699029571190677,0.0011827353240839585,0.0012028451626190362,0.001558402849820496,0.0012279294743653055,0.001462480017458199,0.0011441552144240855,0.001231444358526754,0.0014305412064915422,0.0012489226246056699,0.0015060409729499814,0.0012226783421915338,0.0012545245504380774
-4.95,0.0016812335500279924,0.001344283453708042,0.001575264906464587,0.001272278656229621,0.0013142000575223861,0.0016850136471606317,0.0013497493188225542,0.001567272301440672,0.0012408051436005596,0.0013416240240738159,0.0015597602803879816,0.0013811337378801245,0.0016260092138933595,0.0013084205048391373,0.0013692552318930024
-4.8500004,0.0018193396054648739,0.001481244447401288,0.0016954221352037126,0.0013658533764892005,0.0014282146366289647,0.001823091668123016,0.0014888535245978873,0.001692588694788877,0.0013340184187116194,0.001471033075122485,0.001712085542614842,0.0015087940846754422,0.001756434662617097,0.0014124016146710955,0.001504971995000762
-4.75,0.001966462300472573,0.0016244848823084056,0.0018196464258317697,0.0014630718513902055,0.0015662558248270445,0.001986013351501136,0.001636787849375901,0.0018285907508911589,0.0014421536935060155,0.001613681346285354,0.00187872003907269,0.0016644159651391579,0.001906657737721126,0.001527956751891161,0.001651289297361163
-4.6500006,0.0021294595289045558,0.0017941490627223274,0.0019501203951395928,0.0015838166962755353,0.0017136178345714174,0.0021605514159367574,0.0018012547820974464,0.001973321519784739,0.001552765029823236,0.0017602435103706723,0.0020641607870302784,0.0018243676431059896,0.002069792567948591,0.0016519445654125716,0.001814107608146943
-4.55,0.002314641442796925,0.001971460824918335,0.0021109262502099825,0.001700182121201689,0.0018697252256468261,0.0023443439615365084,0.001980586248121022,0.0021240919994229327,0.0016916371660315316,0.0019322128997332968,0.0022559869336292613,0.0020185479428912884,0.0022438695935185467,0.0017936252799064117,0.0019953703007583924
-4.45,0.0025031730002167234,0.0021691086308178657,0.002266838367164753,0.0018346930796723866,0.0020474380191641294,0.002550663738394799,0.002182167023723883,0.0023009734134004007,0.0018299108943936665,0.002115196607375673,0.002484676692667381,0.0022204873793634666,0.002439360204650011,0.0019325281333940235,0.0021915763875628262
-4.3500004,0.0027146943002014463,0.002394435018534995,0.0024564338197084535,0.001989495997810056,0.002240551367938037,0.0027765000279626243,0.0024081047105566555,0.002485123598160082,0.001988736816652926,0.002328873682260737,0.002724774415450509,0.002436535316567219,0.002644729971155432,0.002101987899718865,0.0024093562548230052
-4.25,0.0029559609693523316,0.0026437640186793157,0.002653394113062756,0.002150787303918054,0.002455926154224621,0.003021983334901971,0.0026501275330862027,0.002690096207828601,0.0021655097101426833,0.002567471993025482,0.0029848429559583543,0.0026931519633415454,0.0028745436848024914,0.00228614512806751,0.0026490896895720343
-4.1500006,0.0032018373358499376,0.0029105955449040856,0.002863539558669885,0.002337513329413414,0.0027035391754947377,0.0032882174242337115,0.0029264505949038646,0.0029150320936418114,0.0023495616278682145,0.0028248044863763417,0.003287528648165834,0.002976953766300953,0.003125241953336996,0.0024866839648400862,0.002917071321878806
-4.05,0.003480191597578513,0.0032169072104892256,0.0031099218894026673,0.0025361246275222024,0.0029665355951820817,0.0035891284186910168,0.0032334429019838904,0.0031572671585395735,0.0025685943116214296,0.003112961941618636,0.0036141155055318683,0.0032908155466908765,0.0034138051936789923,0.0027196505540245685,0.0032110343455078834
-3.95,0.003796947474295819,0.0035647785469569916,0.0033673065969827723,0.0027686213867434127,0.003278478219704391,0.003914213281098218,0.0035818303800980752,0.0034397094708576337,0.002799011542360702,0.0034371915038353754,0.003975494652536783,0.003633996058297924,0.0037188064445318096,0.0029580239873125253,0.003550625241099342
-3.85,0.0041397130293955205,0.003945805393737314,0.0036562381769531375,0.0030100681183942834,0.00362070415394437,0.004277848909048661,0.00396065690754863,0.00375285428156793,0.0030721764510215697,0.0038017532126466387,0.004369698859709021,0.004016238922807551,0.004063173929888966,0.0032414485427904125,0.003929147692680851
-3.75,0.004513579491825114,0.004371057606141706,0.003984760538302394,0.0032858794924367977,0.003998399870077502,0.004683388343210762,0.004389989122928527,0.004086803614342665,0.0033700748593103826,0.004200329028110764,0.004811372511748659,0.004462229585366367,0.004436424116773808,0.0035443935977737843,0.004343730713375408
-3.65,0.004942734704765911,0.004848772575331739,0.004330480291351432,0.0036017027315028817,0.004420575435643179,0.005130860348628503,0.00486414298374757,0.0044678314054023656,0.003696118601524726,0.004653219781129107,0.005295078892198382,0.004932081479260219,0.004847552225330355,0.003898747815893643,0.00480769440278002
-3.55,0.005400585446218336,0.005390909227181687,0.004737596354992288,0.003935553192333465,0.004897396984438867,0.005622215072180039,0.005406467078662754,0.004883037630448391,0.004081569646290724,0.005147962453058258,0.005835724963237547,0.0054813504470445935,0.00531558205929047,0.004300670885836514,0.00532883434702227
-3.45,0.005911122844986085,0.005993878704880624,0.005179689560379471,0.004329287419323346,0.005423585090618484,0.006171376950997033,0.0060181616399801905,0.005343075995783883,0.004491462240551097,0.005715435162712111,0.006453554220192505,0.006078892363147022,0.005826969977636773,0.004734959687506157,0.0059080358675170095
-3.35,0.006482095632690603,0.006663824927812938,0.005677861287515208,0.004758934977629439,0.00603548889698042,0.006771427134961407,0.006678978696346927,0.005851803404887118,0.004974222713886402,0.006350616204721388,0.007116659177643428,0.006769458022762279,0.006402435580486694,0.005229919039823017,0.006568287485621572
-3.25,0.007123640221980551,0.0074127103965892435,0.006213778807960396,0.005257836566514559,0.00669878439771684,0.007438439531984008,0.007445460882314123,0.006436915564003579,0.005513496907386809,0.007060251157385789,0.007876039017261008,0.007526048047781555,0.007032517023301459,0.005779972528784997,0.007323001819094359
-3.15,0.007837541008740378,0.008279744391279108,0.006831793312062363,0.00581319606075797,0.007464815192169247,0.00820055646426038,0.008297925343870185,0.007088687295204521,0.0061211701363944465,0.007873756187836967,0.008695577116516298,0.008379818421916652,0.007739444574511565,0.006430990666839786,0.008146768231383416
-3.0500002,0.008619767610835383,0.009237095636451587,0.0075116664966154885,0.006460170742044636,0.008340362154196812,0.009055535124518722,0.009250929679058079,0.007813366615537862,0.006815871118834088,0.008798726525757316,0.009640710107306357,0.00935988309686591,0.008549735364551968,0.0071407039902539465,0.009106946350282264
-2.95,0.009527230640058991,0.010314360868539096,0.008278796683179235,0.007184070781613914,0.009324339962616007,0.009982498579145805,0.010341930836685238,0.00862059130585448,0.007618877104211354,0.009834294361774023,0.010705630365093845,0.010447902901304925,0.009444500962694379,0.00797557985746979,0.010152551505622484
-2.85,0.010518678111184546,0.011544412070099989,0.009158053353369647,0.00800127251896697,0.010432431365432274,0.01105563610188568,0.011579748687740074,0.009574826203268258,0.00852810832767164,0.011028858589174758,0.011881156990613335,0.011664715408570872,0.010451186839570947,0.008911436376620004,0.011364330281205495
-2.75,0.011655765844139819,0.012945524261116883,0.010150002958119074,0.008947153049937309,0.011714358426674515,0.012239280406010373,0.012970036768934351,0.010630247658789596,0.009579333121784307,0.012372656776188788,0.01320204230202829,0.01307564804774423,0.011600996981559735,0.010003112958712116,0.012734556205095972
-2.65,0.012920945882542943,0.014540305537835266,0.011265087564315057,0.010066596773351142,0.013202314579778699,0.013569782627359143,0.014549190192927892,0.011831850733801106,0.010793384868111744,0.013890203127566478,0.014717083239377194,0.014631072558494608,0.012888798237823441,0.011267124553511023,0.014303848091787408
-2.5500002,0.014370545149978226,0.01633859597703268,0.01255561031331661,0.011351938448611066,0.014865017095277655,0.015096408782280166,0.016355942702648504,0.013190503392550052,0.012194454597772226,0.015634145228885857,0.016396330727453095,0.01643968832045647,0.014358046489690742,0.0127280195438247,0.016032474143057168
-2.45,0.016004887077972863,0.018391511284168768,0.01400334134113074,0.012831544587493708,0.01676849191316151,0.01682627128196584,0.018408137152294547,0.014779256030180843,0.013826255946493254,0.0176386744110405,0.018319922672056146,0.018481439049258586,0.016053533917631892,0.01443761376185518,0.018070795999258118
-2.3500001,0.017867258476521746,0.020798624452770895,0.015665970553567245,0.014562334005762574,0.01897767570507044,0.018780030829667872,0.020796797702155433,0.01657746035985117,0.01573914771717474,0.019930658459247113,0.02051561972116384,0.020853105041027397,0.01796067539826005,0.01644374267622497,0.020382155494308395
-2.25,0.020017076987703785,0.02352778167703475,0.017606239123430612,0.016599612470296447,0.021535298344411022,0.021015695555006795,0.02352356589373082,0.01869428674828344,0.017988902059194112,0.022568502852120798,0.02299403654399168,0.02353265012495425,0.02018619699885157,0.018757900244298673,0.023062555850328265
-2.15,0.02243873051924203,0.02667796448016355,0.01983859118516161,0.019037848698093687,0.02451036151877877,0.023587876136853717,0.026655521997467634,0.021140536671385185,0.020626123495913907,0.025647453938401784,0.025830144563447,0.02665716574721457,0.02274240236863328,0.02150918324792911,0.026136349169629324
-2.0500002,0.025273783214672083,0.030341525670125387,0.022411210825025264,0.021893384947341575,0.027973406413716016,0.02651165663688131,0.03031001523492541,0.02396371993839804,0.023738929679443112,0.02923162714924122,0.029065998698702994,0.030238881310646736,0.025716511890744562,0.024761927567524898,0.029694225451363562
-1.95,0.02857405282276281,0.034560863691519096,0.025447647983082255,0.025301778997073525,0.03201504812032647,0.02988860838199954,0.03452212585954,0.02727552110789975,0.02744793551348142,0.03338588250540491,0.03284920617035336,0.03440894853433788,0.02918811535716903,0.02865046564509766,0.03382334663205283
-1.8500001,0.03238055082102016,0.03953601246758123,0.02899524829133601,0.02941266847328771,0.036733379521892026,0.03384059571491089,0.03945300223414353,0.031209872139856078,0.03188283394701633,0.03822304464777753,0.03717617036917296,0.039254291529318135,0.033270680694545925,0.03329841918428663,0.038613024369071186
-1.75,0.03684895233744701,0.04532036681485154,0.033189940554593,0.03438388888767135,0.04233107780357685,0.038425182674048736,0.04520649209720731,0.03586224664630659,0.03723832191293515,0.04397108475510562,0.04217841828024703,0.04490307000496673,0.038096715150970066,0.03887560667138398,0.0442550904599672
-1.6500001,0.04209309999165769,0.052089966103088275,0.038190768845343594,0.040432150603235566,0.04893017581110221,0.043752441516868655,0.051960134936167225,0.04141541965919602,0.04370833455617224,0.050732750325408985,0.04804735923130658,0.051543753142992414,0.043849904490874794,0.045607191529513244,0.050910017459589584
-1.55,0.04830719717930172,0.060198026988658754,0.044196959324310565,0.047819320591050284,0.05678430931505153,0.050127959666130595,0.059991739089526486,0.048061160113648374,0.05164795060864005,0.05868805038703169,0.054888401270391865,0.05936443309484148,0.05068265143683472,0.05381182940530189,0.058778928711510636
-1.45,0.055698960312504146,0.06978004927514518,0.0514536863552929,0.05695897345528527,0.06620449402075274,0.05757672394560148,0.0695132450595863,0.05608978835012583,0.061292592526000396,0.06816943872265865,0.06301755354503837,0.06873909642053525,0.05895787620704558,0.06386119663302395,0.06809491038659725
-1.35,0.06459391183058412,0.08122351658282,0.060265806558263,0.06824608124465838,0.07746398821205493,0.06653209760170575,0.08090379959638469,0.06583035290065863,0.07322351135933841,0.07955916914447433,0.07262586737671613,0.0798178581098297,0.06901594095760986,0.07617263377681907,0.07922726580795691
-1.25,0.07532157172469083,0.0950418056541875,0.07108714182809568,0.08239277394797534,0.09102087450538612,0.07729568925592079,0.09459076506502988,0.07776292965468365,0.08799053595944568,0.09327280178776974,0.08411180017459655,0.0931251139617791,0.08137248916123392,0.09144528403294852,0.0926073949413095
-1.1500001,0.08852328193407258,0.11157361060032324,0.08446699617310284,0.1000783571033821,0.10762638431330451,0.09038787803366942,0.11105854746349302,0.09244841953580298,0.1063464053769123,0.10984229545296613,0.09795092731402864,0.1092227384242436,0.09662155239042737,0.11021617813350942,0.10870377801838374
-1.05,0.10471628260871739,0.13176740478084706,0.10122271658175841,0.12244359504992139,0.1277648569709464,0.10648669527889995,0.13104271770882345,0.11064661848000945,0.12922197068121433,0.12995650105833195,0.11477777838872848,0.12866002428775553,0.11564384760134813,0.13361093246859546,0.12834703757983357
-0.95000005,0.1250169152614081,0.1565198987526548,0.12230911461452978,0.15052034923384228,0.15253290547991147,0.12631373766502563,0.1556607472142438,0.13352675102562056,0.157797821157782,0.15457079778451516,0.13551026653572507,0.15262378395239687,0.13963208591786716,0.16255185034080746,0.1523570165979842
-0.85,0.15066230974900757,0.18693558746309616,0.14921870673159743,0.18595961345587894,0.18302808516197502,0.15129901246942032,0.1858979886639404,0.16226834337912163,0.193432034407906,0.18483219159788208,0.16112325451192883,0.1821201494932658,0.17003719090035996,0.1983464150384671,0.18187508053501866
-0.75,0.18368566510309453,0.22451682950487706,0.18392540909841731,0.23044196844079476,0.22088628315107867,0.18306473527264738,0.2233110329862012,0.19906158399514454,0.23753305992064705,0.22223658924035175,0.19339975422969563,0.21880038246156863,0.2087463537022078,0.24220604995863504,0.21841758615697784
-0.65,0.22674620800259435,0.27121634070673795,0.22938906542891413,0.28560525610154647,0.2677977059954672,0.22429973286447674,0.2698011540970077,0.24629063926676037,0.29141935025201754,0.26837973766374495,0.23450804136989808,0.2645778937810814,0.2585929598913037,0.2953580977506352,0.2640623928440537
-0.55,0.28386290997289937,0.32897633068789267,0.2898489458982,0.35277889881342445,0.3261354910720114,0.2786933430409486,0.3276039215036591,0.3076541592180173,0.35585589211783647,0.325570756747206,0.28793345415242494,0.32193266178642926,0.32219429181370024,0.3580527527904799,0.32077613977249586
-0.45,0.36124829413313037,0.39931338276565204,0.3714036463309413,0.43197446726758776,0.3981839000623244,0.352156660843503,0.3981464224304383,0.3876934149241804,0.43054031905591805,0.39610714198153013,0.35854119274883933,0.39315097113879766,0.40271688808178435,0.42980714867916736,0.3916208240327552
-0.35000002,0.46711622023630084,0.4826705049998632,0.482692153534843,0.5201565605425637,0.48491121053327146,0.45325463882131267,0.4822315015006756,0.4913684025723474,0.5119246416402835,0.4806195355428325,0.453025083427072,0.479765452932722,0.5007040444126312,0.5066191638634447,0.47778357237971736
-0.25,0.6112577732175178,0.5743956937574439,0.6310237135488574,0.6093705689802598,0.5841788850299682,0.5945746194463265,0.5755681146977689,0.6194633474872145,0.5928822646255995,0.5772585486837735,0.5811353458770523,0.5789436819782254,0.6115920033819994,0.581837536038905,0.5781364526572172
-0.15,0.7928326065318064,0.6604891023920118,0.808586740679012,0.6858696554526301,0.6839818825665893,0.785931310519827,0.6638935051155124,0.7585264147018955,0.6604512114680585,0.6742219562022388,0.7482481285629685,0.6766968960061965,0.7185492147605859,0.6436331595808793,0.6813665496233728
-0.050000004,0.9542578611662961,0.7153313292131331,0.9549738433754335,0.7309754145297316,0.7535863896109524,0.9806780234846416,0.7207320328703081,0.8615254523161496,0.6995876558813743,0.7416308457936656,0.9113505644165831,0.7418714543092892,0.7889979765020402,0.678803546331049,0.7551581342878337
0.05,0.9540736995966556,0.7148950899804005,0.9535885147689964,0.7305269834619541,0.7528171239017497,0.9801501811684337,0.7202676346919376,0.860611914106305,0.6989819088162496,0.7410233532899173,0.9108388149155494,0.741442806296232,0.7883927182210702,0.6778364737862379,0.7547775867699613
0.15,0.7925015608445068,0.6596347369514074,0.8067479719119219,0.6844645186863733,0.6824978729231568,0.7853450794965379,0.6630411923704967,0.7567034965298369,0.6587509717570903,0.6726375793938566,0.7471726278209753,0.6756695730675937,0.7170925884275503,0.6415542801216879,0.6800374194690986
0.25,0.6107910059247662,0.5734226535954631,0.6300191934391167,0.60769126961647,0.5828572762247871,0.5941561088805914,0.5745799098142506,0.6182297515274453,0.5908461935593238,0.5759657218873449,0.5804454545788754,0.5778196949199692,0.6100802172400515,0.5793702132686098,0.5766401930283575
0.35000002,0.46681842093450715,0.48176856217352443,0.48226846386514,0.5183299139814943,0.48397680944465665,0.453000540408095,0.48128943603870183,0.4907194176885573,0.5101242541686113,0.4796351088247808,0.4525903243693885,0.47870176895450983,0.4997090339195578,0.5045457605290941,0.47677481402206756
0.45,0.3611618072238846,0.39851730180138767,0.37121356204677025,0.4303871394348753,0.39753474090435326,0.3519471783624284,0.3973461697461162,0.3874026350916704,0.428936667920768,0.39549627691677514,0.35816116825479316,0.3922408962943897,0.40213109386151663,0.42800240228834074,0.39079653878170856
0.55,0.283781641045923,0.32835381398619623,0.28981804342080336,0.35164972385413784,0.32569368585007397,0.2786076671122731,0.32691153957219066,0.3075110574225799,0.35470659522521086,0.32518131889936863,0.2877632783830818,0.3213104855572603,0.3218669176985949,0.3568196604880311,0.32036321492107567
0.65,0.22657271531828335,0.2708369863522439,0.2293248392845804,0.28474372034987716,0.2675950751531472,0.22418524565171372,0.2694337676688062,0.24621866770172893,0.290492134378137,0.26811942814175765,0.23435010239539245,0.2641009594052204,0.2583433188394009,0.29442988280711,0.2636870682847386
0.75,0.18363712916262925,0.22428690562375234,0.18385985314820102,0.2298241768395783,0.22062475182514274,0.18303341821487454,0.22304962597756386,0.19894129734524613,0.2368275323880299,0.22196372679289272,0.19324776358818718,0.21847767258712658,0.208603888599852,0.24157583954368736,0.21820380190274324
0.85,0.15069068350557885,0.18671817474242897,0.14917816735657966,0.18554246070084396,0.1828693689945228,0.15128002773369292,0.1856984580438222,0.1622563212770659,0.1929156300188736,0.18457349909647447,0.1610682512188721,0.18196363197921264,0.16986184326379455,0.19793648712676837,0.1817173924759967
0.95000005,0.12502906267136724,0.15645374699589681,0.12232001576511864,0.15020735626393508,0.15233054895463272,0.12632618335400492,0.15557992780835497,0.13344213685540782,0.15747449544692488,0.15442632987790503,0.1354086089230791,0.15257168905431728,0.13947678064874122,0.16216209609664736,0.15213831118019028
1.05,0.10475135323973793,0.13174767793680825,0.1011892736845681,0.12218201433092069,0.12760284303755012,0.10640329250682784,0.1310594173531649,0.11066958278314219,0.12899077840754514,0.12977525104102847,0.11483689647754153,0.1286842412642316,0.115556654539332,0.13330115142681626,0.12825228380220732
1.1500001,0.08853574539587039,0.11161856848339718,0.08446969760541868,0.09995594259869871,0.10752222142407333,0.09039346844767841,0.11108635037261454,0.09238015905460224,0.10611280864154632,0.10971559525324076,0.097964478071026,0.10918218767941679,0.09655765062579912,0.11001400316855113,0.10869581120007078
1.25,0.07534088747142052,0.09507184916706171,0.07111482534253295,0.08228587936590978,0.09103449015145595,0.07735518185666582,0.0946206854440471,0.07778257395610323,0.08781030004379056,0.0932522218486728,0.08413906171141872,0.09317482355258672,0.08131078651548593,0.09120767757159308,0.09256938520166638
1.3499999,0.06456654044365977,0.0812957435671752,0.06030122306840439,0.06816233675819594,0.07747392036066762,0.06661165633217803,0.08096444594507501,0.06581624167836196,0.07309558188458071,0.07952232790353216,0.07266365005959495,0.07985925730050171,0.06899782285905982,0.0760436043995263,0.07924524302005083
1.45,0.05572739966624279,0.06982748792216113,0.05145492078462927,0.056891590910908715,0.0661551110193373,0.057638069342442845,0.06954999143668487,0.056119667599304514,0.061172978014593135,0.06820322584033829,0.06301314611504098,0.0686987547001663,0.05892992665018014,0.063761646977428,0.0680497969341714
1.55,0.048322415722128524,0.06021888091054622,0.04422433741650041,0.04780918249693221,0.056808544614864634,0.05014850160362571,0.060037846574867916,0.04808666009587475,0.05154560884316875,0.05871004214330348,0.0549131676825858,0.05944082854812934,0.05065538867463585,0.053749169678472875,0.0587599851225386
1.6500001,0.04210660108137551,0.05217988783261104,0.03824879895100671,0.04041121245708935,0.04894626509232656,0.04375699976265613,0.0520126919804701,0.041425610106000564,0.04365928473083908,0.05071307349085002,0.04807704667645152,0.05160098403955726,0.043834639732894434,0.0455414979539205,0.05092684691536613
1.75,0.036840889849240964,0.045363827890835484,0.03321353187079928,0.03433720594604999,0.042389459591266394,0.03841124541991322,0.04526620272263395,0.035889279968596643,0.037204898105427986,0.043968572945721346,0.04219994779940765,0.04496221795441662,0.038122980567870536,0.038799617120852885,0.04427672747851881
1.85,0.03240008969376924,0.039539834419012446,0.02898093483454396,0.029412852625751388,0.036770265304825016,0.03381737942877845,0.03948287478265259,0.0312377660503737,0.031895449153605704,0.03830157092589628,0.03715794592726789,0.03931081679996891,0.033296866361844056,0.03327369834376134,0.03865265968095148
1.95,0.028592570831449865,0.03462544162175815,0.02544575109455769,0.025325937134858506,0.03203208319936238,0.029890935402968232,0.034577243052498534,0.027297921895051574,0.027446655814105443,0.033433650612745246,0.032812038295212294,0.03448429965157466,0.029231569594944797,0.02860697817690627,0.03387085041987912
2.05,0.025295269917876985,0.03038631741141795,0.022411574356127076,0.02188576200253332,0.027992764763177372,0.02650405911978205,0.03035939894129465,0.02394844961980829,0.02374798959519771,0.029262441187799644,0.02908558493301388,0.030285135921815056,0.025752824061099237,0.024751917559118434,0.02969378264438952
2.15,0.022471517309397827,0.02670044836849986,0.019845550904415324,0.019031434207442757,0.024509259486033025,0.023567570333923867,0.02668786729183145,0.021113667765105214,0.020635489297226653,0.02568376923570378,0.02580374592937601,0.026670933622164977,0.022759476187951436,0.021489543359651714,0.026128720179067318
2.25,0.019995883131391966,0.02354758849277396,0.01759933966300888,0.016618801140435485,0.021550276122604867,0.021003484919199514,0.023535250290454935,0.01868813232199303,0.018015119603301946,0.022593143782745167,0.02295985909121936,0.023552814408035732,0.020211644615227918,0.0187480252249208,0.02305540246910687
2.35,0.01787082371762265,0.020818200308327775,0.01567369161198379,0.01461870280406936,0.01899265227168807,0.018758417940934125,0.020809766546990734,0.016588894024595905,0.015764962599402684,0.01995673134086364,0.020516251629893095,0.020846886123205188,0.01796746468249016,0.01643534845291662,0.020397317890577218
2.45,0.01598143308099401,0.01842144149827363,0.014015488855892844,0.012860986840627451,0.016778158612922575,0.01683014937528242,0.018429150449002275,0.014773057033195088,0.013872770104642511,0.017646520095785958,0.018310791278425435,0.018525035631014097,0.016044975848671723,0.014468161310921315,0.018081605563228416
2.5500002,0.014366627214743905,0.016356378739668245,0.012551310687758459,0.011378196081075353,0.014877784741696183,0.01508454184502445,0.016390272691570586,0.013211582318569838,0.012245234620367586,0.01564270088295524,0.01640933800535411,0.016463284167557893,0.014358816893224411,0.012774632066212929,0.016058118428705574
2.65,0.012911809975252934,0.01455366351344692,0.011281987935859385,0.010110417246518398,0.013196249784185236,0.013576524543432576,0.014563557035197117,0.011846122149383326,0.01083435026188455,0.0139032096619734,0.014704464119206045,0.01465332473159338,0.012903029834705563,0.011314782313344407,0.014285919743147168
2.75,0.011648915957395718,0.012961200907284007,0.010146961268324626,0.009001215404147441,0.011737307490338283,0.012231554720024542,0.012984599372748417,0.0106315110344141,0.009626659626029701,0.012375968397657174,0.01320562395870193,0.013067112573780822,0.01161015444386699,0.01005342824479129,0.01274402151526843
2.8500001,0.010513198984450705,0.011560564578994958,0.00917103969309135,0.00805612085929144,0.010458248018980947,0.011036743331513835,0.01158226424173066,0.00956954498109818,0.008588884647001208,0.011028926648149081,0.01187245405690595,0.011674197108339139,0.010451611890187737,0.008977402107380832,0.0113798789542259
2.95,0.009526795312883946,0.010336932269293612,0.00829678836311898,0.007221659301261873,0.009345957351039111,0.009983369658567682,0.010351184562748183,0.00863327568274737,0.007674340882322627,0.00984098258428327,0.01069652883213557,0.010442157707928378,0.009456098848193784,0.008020006683961085,0.01017679240073599
3.0500002,0.00862370939955667,0.009249123749206762,0.007514606462496443,0.0065003533283595075,0.008352390338608849,0.009061095700447493,0.009270791433163329,0.0078196968562701,0.006875934858402586,0.008817460663677723,0.009639527627497174,0.009360635584017209,0.008538483889688166,0.007202987397811516,0.009111491134022005
3.15,0.007834040501182131,0.008271878690461353,0.006828930863812088,0.005871842023350074,0.007481757261275465,0.008199190182153463,0.008297066197156411,0.007086259006683634,0.006185625299360892,0.007900288324767047,0.008706350847130947,0.008384375160530274,0.0077503019153137885,0.00647044866423567,0.008169444427181883
3.25,0.007120849357351488,0.0074063832483196165,0.006216492170364302,0.005292616234384923,0.006721159140161941,0.007454954243215218,0.00743087328706983,0.00644397370975348,0.0055623677987927285,0.007097200454441779,0.007879072861580433,0.007516833044268027,0.007031985503317192,0.005849255445054054,0.007330257962864477
3.35,0.0064904682066160005,0.006648528889529832,0.005668719365211956,0.00481747345600088,0.006033884741498597,0.006767197040182973,0.006668489971890024,0.005868085428410468,0.00502468055093128,0.006377828434993673,0.007120385780678428,0.006758296130018022,0.0063986850888654275,0.005280765806717747,0.006590306694095181
3.45,0.005914575645456656,0.0059899428727807616,0.005190143459926827,0.00437293494832595,0.005451893433472133,0.00615314394611171,0.006006771979726058,0.005346763175896681,0.004547176608021306,0.005732630039850067,0.006445444061559082,0.00607982998826149,0.005830612979776133,0.004797995734503821,0.005934677560816183
3.5500002,0.0054007455080181815,0.005387205049632591,0.004737924974617833,0.003977092054857318,0.004906879046170089,0.00561778065195356,0.005412032662701983,0.00487893907519952,0.004116254525751898,0.005164452926347533,0.005842160939673183,0.005483212624263434,0.005322305937802665,0.0043437734828768015,0.005340825604417951
3.65,0.004933986275200444,0.004854109435816195,0.004351219512109928,0.0036376598505192706,0.004438416593439499,0.0051378770147239875,0.004867203358353791,0.004464262271035398,0.0037369138151401465,0.004666684882201092,0.005302634322519431,0.004932803922273976,0.004858265848107715,0.0039565555823779285,0.00484064816073049
3.75,0.004525446629884589,0.004378863673139766,0.003986150018390549,0.003317611764854185,0.0040139345726546575,0.004681592487690316,0.004395412486559227,0.004096988106984323,0.0034134685832995487,0.004207930094548569,0.004803596792646511,0.004456412726375974,0.004436436061043118,0.0035952046529946387,0.004364083748740479
3.85,0.0041423249862184005,0.003951744908018005,0.0036653979895153,0.0030452711173578756,0.003632774082179354,0.004284543078782655,0.003969904645266605,0.003753009405280501,0.0031161428458641506,0.0038078746220435613,0.004365034633795022,0.004040139348041642,0.00407058533132526,0.0032911247710063355,0.003941575675548651
3.95,0.003796625451454004,0.003579269565142849,0.003382477572709227,0.002797580588934511,0.003297149679884458,0.003921110320904316,0.0035929873547838943,0.0034445123511016493,0.002842005516658231,0.0034568683618509824,0.003970137647901894,0.003637161289576064,0.003729090460407183,0.0030027195605697977,0.0035703631465810208
4.05,0.0034813412357733646,0.003220387274837052,0.003109990389584662,0.002568387825629676,0.002992985570499498,0.0035931548848648943,0.003239931752092265,0.0031737313326238225,0.002599214259915329,0.003131460383370325,0.003602218330692297,0.0033038982687948553,0.0034297252665716235,0.0027641918753886817,0.00323794217988777
4.1499996,0.003212887490032957,0.002923339292172883,0.002865525382143513,0.002361415405686462,0.002729056638960246,0.003295609666724849,0.0029342425782940677,0.002926743961864175,0.0023828959790200732,0.0028445052095926954,0.0032781882298280776,0.0029955509930936464,0.003150498110791673,0.002527258754352367,0.0029427694178811247
4.25,0.0029439187821599004,0.0026562863814066067,0.002654222300906012,0.0021810063513219248,0.0024800244254717953,0.0030175061558348776,0.0026720349656129475,0.0027000709372580036,0.002196417190561496,0.002583157011352355,0.00299107554605858,0.0027052087476870687,0.002893419749801603,0.00232641618898497,0.0026598985144153306
4.3500004,0.0027153860529727522,0.002398645166205454,0.0024572567735804073,0.0020152348603835277,0.0022543507160238483,0.0027787731872758793,0.0024129135456351426,0.002488315574471322,0.002015341053593348,0.00234896818128941,0.0027270378544211036,0.0024573541773890975,0.0026599111374476492,0.002143213653619847,0.002423677434049954
4.45,0.002501729860814516,0.0021816615498636395,0.002273237131690888,0.0018607181946563142,0.002066049845169236,0.0025499656815978155,0.0021893743100449897,0.0022971311092051883,0.001863066253146285,0.0021350882521979997,0.0024875373450866808,0.002232706366523984,0.002454003878823307,0.0019716815511218,0.002200098623908471
4.55,0.0023019683579419974,0.0019762170776327858,0.0021104055702872537,0.001728392054331299,0.001880873805082543,0.0023471533337356396,0.0019896763957620743,0.002136022816995058,0.0017138343234863076,0.001947549538430696,0.0022702651203130816,0.002019519081739532,0.002258715075615,0.0018237095817744662,0.0020050785623338223
4.6499996,0.0021308907415348442,0.0017940297950829376,0.0019568471485277377,0.0016009858773109906,0.0017218175336284572,0.0021613986301689944,0.0018037248288995476,0.001980880835647059,0.0015811890228226014,0.001784210138220488,0.002064692306999626,0.0018363656612904859,0.0020811814287350814,0.0016908232642240154,0.0018280107379385763
4.75,0.00196892175370033,0.0016359267749756403,0.0018235557064748313,0.0014916363074258493,0.0015819976668741454,0.0019821258066631763,0.0016416246543503128,0.0018289638735986588,0.0014621461388517228,0.001624627726591992,0.0018896639230936076,0.0016738917329592207,0.0019224687553672723,0.001560401976337023,0.001666098219192722
4.8500004,0.0018203891613937523,0.0014831706197774327,0.001693382640825392,0.001385491484564836,0.001446546182011758,0.0018310626414629351,0.0014914846614088211,0.0016942890933845844,0.001359715760829224,0.001484642205848258,0.0017222978925877086,0.001521365427770696,0.0017738135744622399,0.001445338023879254,0.0015159368344756067
4.95,0.0016885088808986256,0.0013541111071937594,0.0015725396171929716,0.0012848200899627097,0.0013245942942179646,0.0016894167746492996,0.0013620637550533193,0.0015743185145688492,0.0012652555053367898,0.0013523514318094316,0.0015808837200687001,0.0013861383865802779,0.00163941068405848,0.001340293871284095,0.0013786255113788584
5.05,0.0015531803205568817,0.0012335137151494049,0.0014758712803321322,0.001198932686272124,0.001216006590073471,0.0015606447022031664,0.0012405064787426433,0.001469662414143893,0.0011702168941324822,0.0012387889333451405,0.0014448614674830585,0.0012594753527265781,0.0015099216327359125,0.001244279648982766,0.0012604130373525845
5.1500006,0.0014463417404678503,0.0011199768043076955,0.001370933808865828,0.0011248646284368385,0.001118707305167563,0.0014372034842313386,0.0011280715677789124,0.0013690058251811885,0.0010909825390230893,0.001135243734317038,0.0013180082763519384,0.0011538880485131415,0.0014012777868374394,0.0011543151370771564,0.0011569518122354558
5.25,0.0013338961348148498,0.0010236264418266672,0.0012802717239722389,0.001050379365799521,0.0010251651383248518,0.001325938003830029,0.0010264774688751007,0.0012668983810866744,0.0010131089125269264,0.0010357437461040986,0.0012035702353109636,0.001045625194531783,0.0013000381601711638,0.0010727833404298706,0.0010511853051006518
5.3500004,0.0012371282708494682,0.0009315160439259454,0.0011958652811922706,0.0009772657292956368,0.0009467104177470941,0.0012281682881704087,0.0009381106495854391,0.001185601429279274,0.0009455034833338509,0.000949876753817679,0.0011062124989029702,0.0009566941398850261,0.0012044959499654605,0.0010052204034630714,0.0009609105156116795
5.45,0.0011534500390652665,0.0008482075978121889,0.00111835256794838,0.0009118272355470951,0.0008747975661624803,0.0011299093361231587,0.0008544154405519253,0.0011051874914794688,0.0008804158805567562,0.0008722313231884775,0.0010091533692193296,0.0008691904253806757,0.0011142032461212285,0.0009341159813357211,0.0008732634654304043
5.55,0.0010643570528298069,0.0007735162386443435,0.0010518900976373197,0.0008601586754598477,0.0008034214221525089,0.0010476161959453872,0.0007780826415517275,0.0010315751480624935,0.000828925733708619,0.0007994185957104712,0.0009274724858398592,0.0007946044377718283,0.00103025892141493,0.000868547742587512,0.0008083164995867568
5.6499996,0.000991567963807717,0.0007068575549893992,0.0009828394970333029,0.0008061702781295326,0.0007398871721498158,0.0009701080262905312,0.0007124593449905914,0.0009603612616120948,0.0007709202635281337,0.0007382401535964531,0.000841575275512527,0.0007208724653946301,0.0009606536920145381,0.0008146013084302506,0.0007376661450184491
5.75,0.0009218679087126668,0.0006462874843253029,0.0009234615861416718,0.00075426913795879,0.0006841769259019127,0.0008990315252437834,0.0006486438363063553,0.000905411538571866,0.0007229503005317232,0.0006774316220940079,0.0007723821253454915,0.0006633130332083804,0.0008888865498691491,0.00076221360551566,0.0006747497050034766
5.85,0.000857089523494968,0.0005903183296818198,0.0008623919112601459,0.0007124907793838917,0.000632435300016977,0.0008287326574487396,0.0005938107388240564,0.0008450344095160529,0.0006780736727318555,0.0006240242935406631,0.0007093667518450729,0.0006040844949981559,0.0008215408420871431,0.0007115126283917185,0.0006185668834723112
5.95,0.0008000597871031955,0.0005388452313810257,0.000810311392181864,0.0006652923470421545,0.0005838364631137286,0.0007693421184400265,0.0005418769582300273,0.0007906853470039442,0.0006340746078955876,0.0005744413482718721,0.0006446142801294068,0.0005508577408171084,0.0007591001195534633,0.0006652617166516081,0.0005697954082001425
6.05,0.000744534700433961,0.0004946327174592368,0.0007622997862173645,0.0006286639656875985,0.0005428379678285291,0.0007128054841817386,0.0004982633299127343,0.0007345900922781861,0.0005977272180231831,0.0005256131475442416,0.0005929015676059855,0.0005030746927861701,0.0007081219781410442,0.0006237672159846478,0.0005208597357290762
6.1499996,0.000687178854275149,0.0004498894625421634,0.0007131074203496268,0.0005909800285694872,0.0005040459370168603,0.0006570981652634574,0.00045180974440268734,0.0006917102161120488,0.0005556043400686237,0.00048440391215497655,0.0005455067083167058,0.0004600872687483381,0.0006587503409507361,0.0005859097548839194,0.00047973561556361816
6.25,0.0006450534958569905,0.0004107219697665619,0.0006752396153720375,0.0005629213287529477,0.00046939251794743576,0.0006126432832606607,0.000413458389707262,0.0006466168386160608,0.0005262913514863643,0.00044780662681000025,0.0004966247875401492,0.00041935133941212643,0.0006136666964424943,0.0005498499110400641,0.00043874288236354507
6.35,0.000603521598216803,0.000375691272640489,0.0006343930318763437,0.0005230820407126178,0.0004340512361464144,0.0005682393883554197,0.00037767074168376327,0.000611490250755179,0.0004957290187003112,0.00041466781828116073,0.0004547161515868315,0.00038391086273454,0.0005680966001289555,0.0005183980953532121,0.0004025677423447667
6.45,0.0005640110806669037,0.0003428050125160556,0.0005983530626828944,0.0004938390803629807,0.0004041467671233823,0.0005296699851781355,0.0003454485744967528,0.0005689295048802498,0.0004713406849195808,0.00038026810869700193,0.0004177627516385694,0.0003493997281652348,0.0005271185210267517,0.0004880023219630577,0.0003712876199080051
6.55,0.0005234123490543863,0.0003133339788228426,0.0005623756662372571,0.0004679272736248587,0.0003729819472891347,0.0004920345811151048,0.0003153008776585474,0.0005341996093517837,0.0004416458458856088,0.0003524412846264167,0.00038433074278002764,0.0003230088658669325,0.0004913275180412048,0.0004580878208345597,0.00034401288032106836
6.65,0.0004879457660440857,0.00028743960369117795,0.000532323384725109,0.00044302716498694216,0.0003477729232213145,0.000456532934604149,0.00028920291719936584,0.000499252546008358,0.00041577946160252017,0.0003259672563637193,0.0003508074791221706,0.0002940664999229785,0.0004574155563424647,0.0004311274783538401,0.00031702926362407936
6.75,0.00045273429866197215,0.0002664319796328143,0.0005008688094594845,0.00041755281297654634,0.0003261452662753228,0.00042186495727469515,0.00026459332265599294,0.00046966799106697214,0.00039374747984889446,0.0002991025609576707,0.00032366580066050876,0.0002680831449894748,0.00042437391642749457,0.00040660191262358324,0.0002908489364185259
6.8500004,0.0004260541098790105,0.00024230413618426318,0.00047294801215159895,0.0003950581443882387,0.0003033471211880039,0.000393334123059506,0.0002448747123155479,0.0004428553900525543,0.0003729127645773192,0.00027859042091593145,0.00029612828854069166,0.0002467208199292741,0.0003951701779660689,0.00038116055211102553,0.00026722914332320407
6.95,0.00039837207225484694,0.00022101486255318869,0.00044735295404706144,0.0003729988180074991,0.0002844013438031197,0.00036224971355278596,0.00022489358492367185,0.0004142170979143243,0.00035130838198901046,0.00026119268957162906,0.00027217405711310843,0.00022798623404337814,0.0003683194605585904,0.00036016844361298794,0.00024727624098907754
7.05,0.00037191849213834765,0.00020399537041226805,0.00041939637613604743,0.00035483968071921794,0.0002656106152731323,0.0003402519750016772,0.00020499001938790038,0.0003923982990915103,0.000334632256793119,0.00024119365134594263,0.00024967105436587994,0.00021087606873796154,0.0003406863935113477,0.00033817898600565523,0.00023095439660740508
7.1499996,0.00034814247231767983,0.0001882043349570621,0.0003969559745406666,0.0003364062182042501,0.000249306631838989,0.0003162972909000493,0.00018961487298931433,0.00036814524543694676,0.00031463283938466526,0.00022450590972385284,0.00022992717775167145,0.00019079178045799087,0.0003184103312493604,0.0003200714261291118,0.00021164051269583216
7.25,0.00032483159660185573,0.0001716261330818836,0.0003749687939182458,0.00031693509070138045,0.00023181592832313588,0.00029321965251770897,0.00017154892681356016,0.00034682165041568966,0.00029701402088610807,0.0002074363248898168,0.00021130009028654255,0.00017564047526432878,0.00029590135573584025,0.0003045318909052444,0.00019528880764020857
7.3499994,0.0003050629721459957,0.00015856036318673394,0.0003541504463313538,0.00030029070575176046,0.00021576240842382575,0.00027159779070343767,0.0001590555016840921,0.00032590973084391966,0.00028178176771075536,0.00019412550917337693,0.00019623239497569924,0.00015823170323455937,0.0002752855469078563,0.0002870812675677577,0.00018071679875207068
7.45,0.00028511408658014496,0.00014362736986581233,0.0003358530297914459,0.0002888988676739144,0.0002030355073376332,0.0002534113078369637,0.00014537409032821876,0.0003093935070729266,0.00026817706659936684,0.00017852874919321995,0.00017928262241445603,0.00014823364326946079,0.0002533725766840585,0.00026826174262607207,0.00016774452211873675
7.55,0.00026736244610981255,0.00013279855307854295,0.0003200455681161045,0.00027550601787980757,0.00018837839528206053,0.00023669495085424145,0.00013333479694047377,0.0002920688156339112,0.0002566273692041799,0.00016566029098281904,0.00016581034189863393,0.00013468357695209596,0.0002378880397001983,0.0002526040435679935,0.00015568160971146658
7.6499996,0.0002500149563535239,0.0001222016233187616,0.0003041351265916622,0.0002564761961763904,0.00017683321900974834,0.00022001914959295882,0.00012345460973206922,0.0002718967186090454,0.00024095956785734237,0.0001553624568606428,0.00015074264658779062,0.0001227333358434961,0.00022047329504712728,0.00024098223897704577,0.0001439165041747323
7.75,0.00023277480754450692,0.00011076385670128235,0.000288588454532359,0.0002457357671924185,0.00016704725089876474,0.00020471559673600355,0.00010975002638804435,0.00025887822830787503,0.00023084053088695528,0.00014347758688881482,0.00014032724404236427,0.00011373930130598917,0.00020779445317522404,0.0002284944725846143,0.00013257542020810368
7.8499994,0.00021794386666314222,0.00010149079773872749,0.00027266012270635255,0.00023656972646595277,0.0001547268303519688,0.0001907723596885554,0.00010220862745602542,0.0002445173180627251,0.00021560231129829456,0.00013238026854162606,0.000127911176443774,0.00010275654598429245,0.00019387937942980037,0.00021621573145460992,0.00012183154972049709
7.95,0.00020544363005945438,9.130490595870678e-05,0.0002562415674480839,0.000224724961410208,0.00014613881231286278,0.00017654786481620738,9.361671391857838e-05,0.00022957061467404727,0.0002053629668138784,0.00012535136919926315,0.00011827755952426055,9.52252303263991e-05,0.000179485679056774,0.00020491544586891483,0.00011257420399950825
8.05,0.00019057101639458895,8.538925925300258e-05,0.00024467852434068477,0.00021428276181279605,0.0001374024473394545,0.00016509262841165473,8.41900102036237e-05,0.0002170115901954135,0.00019609120474447785,0.00011481493331130984,0.00010672153439528078,8.595054969316626e-05,0.00016732647087950667,0.00019352063732619248,0.00010508518268304229
8.15,0.00017958226110121778,7.925372428607134e-05,0.0002335470736934142,0.00020188643873621684,0.00012771315807933177,0.00015272004303342406,8.024707223339339e-05,0.00020510484652454025,0.00018565776819145618,0.00010876617104083697,9.92155433304965e-05,8.101836277743426e-05,0.00015754566342765766,0.0001828083940675841,9.686848820276247e-05
8.25,0.0001698781657862958,7.12859281451493e-05,0.00022083682947560902,0.00019466860163239177,0.00012098523725631928,0.00014203299887853175,7.181597001070218e-05,0.0001945485369117764,0.00017732095798107106,9.936825578361388e-05,9.139711037411175e-05,7.363009499493099e-05,0.00014607771710017608,0.00017221210646642656,8.92292404221036e-05
8.35,0.00015807818879162784,6.683790382229402e-05,0.00021093958814910623,0.00018669709777792233,0.00011457568669117489,0.00013289990852715242,6.653049089030258e-05,0.0001837572844666293,0.0001690591272200055,9.247809386357504e-05,8.418958131162398e-05,6.706739009218537e-05,0.00013550838146980865,0.00016584143400400988,8.145433480872241e-05
8.45,0.00014946559298163086,5.9556011743818466e-05,0.00020103236007918166,0.00017642606104502278,0.00010613043510699499,0.00012475468396833147,6.11124849065068e-05,0.00017380973924539594,0.00016162936580441505,8.609330116827069e-05,7.754779653736547e-05,6.251003360466726e-05,0.00012745071793274153,0.00015682792050937584,7.73208604340389e-05
8.55,0.00013875540286852007,5.5220653724617905e-05,0.00019048309589300884,0.0001692101492729677,0.00010126430963375186,0.0001143674097077449,5.470471288760723e-05,0.0001607853447385753,0.0001537656705615129,8.115919444157909e-05,7.16413836936647e-05,5.6340848096534914e-05,0.00011830742337508128,0.00014783390496150378,7.093667878547263e-05
8.65,0.00012978178748574757,5.024769607482597e-05,0.0001818855998684762,0.00015943738928936158,9.598166227525425e-05,0.00010759075422986038,5.1328294604006196e-05,0.00015506515871579256,0.00014528882325513866,7.432255582313254e-05,6.454713732113442e-05,5.198767860663167e-05,0.00011091501369137444,0.00014052536793238333,6.605212574121782e-05
8.75,0.00012319103973087018,4.699718920126498e-05,0.00017359473174646193,0.00015453978319093835,9.011277209090303e-05,0.00010017962211918956,4.7575022419651006e-05,0.0001461261888506878,0.00014036517017034582,7.014545681464716e-05,5.939259426754714e-05,4.7950039152753746e-05,0.00010332340897588496,0.00013290360026716106,6.151866712991695e-05
8.85,0.0001154923451673813,4.391413542419938e-05,0.00016538908588994763,0.00014842116709331147,8.506178155678915e-05,9.41477241999173e-05,4.3953497638019684e-05,0.0001401360413083846,0.00013189290367192317,6.471614953376522e-05,5.394603358660164e-05,4.418164026056448e-05,9.633007264210303e-05,0.00012622079588597328,5.66872331227232e-05
8.950001,0.00010658410548788157,4.02709104668051e-05,0.00015701199865367574,0.0001405565673521961,7.966567420535083e-05,8.854027575950357e-05,4.072016862400817e-05,0.00013211265138298557,0.00012727016914522454,6.122049813768669e-05,4.9843672102348985e-05,4.0473348410929675e-05,8.961230779878708e-05,0.0001209724544342693,5.163532361289053e-05
9.05,0.00010073899865299593,3.7056278860126965e-05,0.000146771334171897,0.0001342815581581523,7.518044588379422e-05,8.204216447864782e-05,3.7050525360676294e-05,0.0001255186493973857,0.00012124887308517248,5.687050219930396e-05,4.602702101759536e-05,3.8591749035383574e-05,8.498904301114496e-05,0.00011513653768089325,4.867266645071577e-05
9.15,9.523572789355277e-05,3.38542808707319e-05,0.00014153681400912833,0.00012901099841020232,7.066683429398961e-05,7.595729452117521e-05,3.389469274036489e-05,0.0001179425955172677,0.00011593989624630833,5.193689077951102e-05,4.150653260380128e-05,3.426229892777093e-05,7.914907799115795e-05,0.00010981642437486888,4.523913675313969e-05
9.25,8.99632116071211e-05,3.1450726538189506e-05,0.0001336935860880773,0.00012290904266285557,6.585370539341156e-05,7.101053317030517e-05,3.2062725167193945e-05,0.00011226156987647158,0.00011036618710410002,4.975274001678512e-05,3.837078111302065e-05,3.195076715247634e-05,7.342107334544418e-05,0.0001019560646967275,4.190626999811933e-05
9.35,8.420260823893344e-05,2.791445789254173e-05,0.00012844578931937628,0.00011739871003692261,6.287797425229843e-05,6.622558546382015e-05,2.846506545825871e-05,0.00010568076037531575,0.0001057243396845417,4.6280369865715574e-05,3.480543382516488e-05,2.8684025165111e-05,6.854186259847592e-05,9.896403163598123e-05,3.8938133160572615e-05
9.450001,7.835330174035002e-05,2.6829383413320915e-05,0.00012168444804315596,0.00011367256694387586,5.989685094082968e-05,6.182903488515738e-05,2.6556112900433754e-05,0.00010002567856368844,0.00010278389216936773,4.3172354012698644e-05,3.1646491549286756e-05,2.6486542747893334e-05,6.420672583437253e-05,9.384084599751549e-05,3.567770336148601e-05
9.55,7.38979264374549e-05,2.459286997411709e-05,0.00011737770886175232,0.00010904972120975143,5.715312075436534e-05,5.7741551001698324e-05,2.461085621784053e-05,9.320526385045913e-05,9.806350152681305e-05,4.088686021525704e-05,2.8761662543238515e-05,2.453341148829398e-05,5.9828559685591333e-05,8.908016992832634e-05,3.359309801046334e-05
9.650001,6.986669675122834e-05,2.2624963307905004e-05,0.00011082988971171402,0.00010368847767001795,5.2656725402863725e-05,5.4597327259407046e-05,2.3089457833464935e-05,8.908256270331618e-05,9.449560338170267e-05,3.851825033557558e-05,2.5990605354687296e-05,2.3267325014214546e-05,5.5522671131657275e-05,8.479815854198886e-05,3.104300861482461e-05
9.75,6.559159493432604e-05,1.995953462644701e-05,0.00010526107289437617,9.931216921023895e-05,5.1548026636054536e-05,5.074360143764002e-05,1.984399719317966e-05,8.465638849628245e-05,8.889401575616241e-05,3.6149985207703304e-05,2.41335105398505e-05,2.068160034632573e-05,5.214892847044377e-05,8.024816697439162e-05,2.9496514379373853e-05
9.85,6.120193826885084e-05,1.9046951187519395e-05,0.0001007159541211266,9.57688654111013e-05,4.832134155599148e-05,4.68769752242554e-05,1.893096891617164e-05,8.147555262718409e-05,8.647081574763335e-05,3.293978626126282e-05,2.28910823355966e-05,1.841797493424991e-05,4.7776849419517936e-05,7.732106195106202e-05,2.701780895988198e-05
9.950001,5.797631475147902e-05,1.6709475955573506e-05,9.681084682835549e-05,9.343203957345905e-05,4.458868523343125e-05,4.4687780689938125e-05,1.6747474480233103e-05,7.743115158959431e-05,8.18953795737355e-05,3.086381803588863e-05,2.0144105679513916e-05,1.6931082004572177e-05,4.5251080052743064e-05,7.300988622921319e-05,2.486808784687441e-05
10.05,5.434407711624649e-05,1.559416949134728e-05,9.211672350695972e-05,8.909563791281234e-05,4.3222643909394826e-05,4.201446602128122e-05,1.577481305211403e-05,7.32898131570247e-05,7.832670041640312e-05,2.897221555600294e-05,1.9158516079466185e-05,1.5503587201463286e-05,4.194807379033675e-05,6.897800768786333e-05,2.2580533969344334e-05
10.150001,5.1147717483380464e-05,1.4300121774474485e-05,8.738774300970982e-05,8.47899451033712e-05,4.027076632452308e-05,3.906712915469318e-05,1.3949134990863312e-05,6.962054947324334e-05,7.544493652996783e-05,2.7826691382454225e-05,1.7725210637112106e-05,1.3568624854285279e-05,3.841258693329242e-05,6.709678929637614e-05,2.128458689942957e-05
10.25,4.878669316826269e-05,1.288096647538857e-05,8.388802404425753e-05,8.172545288279077e-05,3.889955781432019e-05,3.6388621418949614e-05,1.3191544736656712e-05,6.628006341568833e-05,7.259369687262421e-05,2.558361719271031e-05,1.5957619441346334e-05,1.2445987618175807e-05,3.610172613419979e-05,6.323940165898883e-05,1.9528973885513768e-05
10.35,4.601966888882572e-05,1.2075906070676784e-05,8.052463131226342e-05,7.947120440134776e-05,3.643069119847954e-05,3.341739114076681e-05,1.1956515446521959e-05,6.0707502498391286e-05,6.950308004185086e-05,2.31135571372574e-05,1.4506383840954433e-05,1.2183212447734475e-05,3.402341336419127e-05,5.8837905859321744e-05,1.89974513546848e-05
10.45,4.2524702503670986e-05,1.0692292886418996e-05,7.744078277085382e-05,7.657811823550357e-05,3.533308018255579e-05,3.160929295381254e-05,1.0864574344893966e-05,5.7747647472064646e-05,6.673998102208145e-05,2.270166396017117e-05,1.3664178550442218e-05,1.1370889842675691e-05,3.1520776404526956e-05,5.718306697933258e-05,1.743855043387608e-05
10.549999,3.9936986205580645e-05,1.0579090058953391e-05,7.344003811082899e-05,7.331078460946781e-05,3.34549316784204e-05,2.958700993877212e-05,1.0542496404193763e-05,5.4932086044490274e-05,6.362016846821665e-05,2.0965678828167916e-05,1.2338488684813445e-05,1.0188510017566184e-05,2.8935130375549708e-05,5.4113912402691264e-05,1.5760538863569063e-05
10.65,3.787924699247204e-05,9.195491149391017e-06,7.018928178137605e-05,6.945165991516817e-05,3.072338043890758e-05,2.7092827350559215e-05,9.289479546952172e-06,5.31953739912107e-05,6.18356126687692e-05,1.9629034015496228e-05,1.1388806160705118e-05,9.483704343576155e-06,2.7358218398851458e-05,5.2465090695920284e-05,1.536622954327505e-05
10.75,3.635893756837766e-05,8.223542948870758e-06,6.576506214260838e-05,6.70847649940538e-05,3.014521918617025e-05,2.5315120623151865e-05,8.370754077579994e-06,4.880465557118827e-05,5.92944981934856e-05,1.8931160763169265e-05,1.0475173839865819e-05,8.552137365272435e-06,2.5333916006828043e-05,4.926450319057502e-05,1.436902482218536e-05
10.849999,3.369893336814539e-05,7.913370139586174e-06,6.336714598206474e-05,6.482989824298413e-05,2.8934363720803487e-05,2.449750035265275e-05,7.929170403275168e-06,4.784361866706131e-05,5.561267326182918e-05,1.7516973820515783e-05,9.919668082292187e-06,7.954845205065137e-06,2.3380795684676587e-05,4.653477367132736e-05,1.3114745463284887e-05
10.95,3.18264391056082e-05,7.36474161446038e-06,6.051663819179305e-05,6.20031691686419e-05,2.702607922149246e-05,2.321475252610128e-05,7.374307463091127e-06,4.499173567381336e-05,5.352443856151375e-05,1.63595171034926e-05,8.892465848605097e-06,7.023196667534986e-06,2.1577219619089787e-05,4.498202198311572e-05,1.2445869556232105e-05
11.049999,3.0490937803364764e-05,6.714800116336819e-06,5.807219578751545e-05,5.917700444803946e-05,2.5803830547687178e-05,2.085827520587766e-05,6.658418781596061e-06,4.285024893793083e-05,5.1860311762706466e-05,1.5601949384080566e-05,8.09825297996468e-06,6.879931735191233e-06,2.070548957936653e-05,4.267121775932337e-05,1.1341138045440564e-05
11.15,2.7705759056521583e-05,6.398678341956265e-06,5.513168309845553e-05,5.8699355018461306e-05,2.411594536004314e-05,2.0422538652491563e-05,6.61659140499034e-06,4.102415786939937e-05,4.9771582485804e-05,1.4509972864950403e-05,7.429299876201975e-06,6.24682288625986e-06,1.964225721759931e-05,4.090306274062129e-05,1.0504935004516446e-05
11.25,2.644152726143278e-05,6.052803836985656e-06,5.385551433879415e-05,5.5484994320000406e-05,2.344208239622393e-05,1.8614759157398096e-05,5.94240310132586e-06,3.940729533557051e-05,4.7552087318611585e-05,1.4056536212920703e-05,7.041112985564412e-06,5.613779649220142e-06,1.7474382675188682e-05,3.8561990964548354e-05,9.979389648974975e-06
11.35,2.5266986793048406e-05,5.283581619071423e-06,4.993803322290556e-05,5.3535419624110675e-05,2.208860373206224e-05,1.761259393814384e-05,5.268265039560324e-06,3.785642293388626e-05,4.615639344181974e-05,1.2821640239536954e-05,6.35438139430857e-06,5.231614756968334e-06,1.6530947549952858e-05,3.7027508762463944e-05,8.898523268934408e-06
11.45,2.399655067659123e-05,4.687195877705148e-06,5.0211873627798336e-05,5.000447951130733e-05,2.102690982678341e-05,1.5864309166513312e-05,4.623857834867009e-06,3.554711061458427e-05,4.413931517981036e-05,1.2087666539633847e-05,5.84669178360268e-06,5.016569048239276e-06,1.5366229194552455e-05,3.541468273498091e-05,8.755107854815867e-06
11.549999,2.248207227042542e-05,4.025302023558928e-06,4.658060395320221e-05,4.891361387512039e-05,2.052021745195091e-05,1.5070939121866984e-05,4.313653027861964e-06,3.359645666520308e-05,4.166962923961596e-05,1.137182238090155e-05,5.273419897720364e-06,4.3537068011757025e-06,1.4601938858249543e-05,3.375475476216875e-05,7.895199839953884e-06
11.65,2.120569935535746e-05,4.245907716190923e-06,4.542922248177764e-05,4.805439426381806e-05,1.954798933981736e-05,1.4659122836451e-05,4.1047925037270995e-06,3.2408846065528996e-05,4.15618369211353e-05,1.0894412192187268e-05,4.801573231886164e-06,4.174502100856255e-06,1.3550708916610774e-05,3.2315151480435364e-05,7.805542951053436e-06
11.75,1.9989174420460688e-05,3.6853524839971776e-06,4.2375958907260683e-05,4.578227659013791e-05,1.9166332439955154e-05,1.374628368546321e-05,3.842276704070134e-06,3.0708455577923e-05,3.934830813880093e-05,1.0297785018463979e-05,4.347693175140706e-06,3.7683988921892653e-06,1.2290594513170988e-05,3.068476220781314e-05,6.640982220024041e-06
11.85,1.898154802036183e-05,3.923924046669296e-06,4.142817253397719e-05,4.296192079448516e-05,1.76339096208715e-05,1.1956517023048866e-05,3.5917276940150795e-06,2.8554899946663457e-05,3.7582616635214915e-05,9.062853198630355e-06,4.305929497459096e-06,3.3145504453395265e-06,1.1305304809270505e-05,2.9848949805612066e-05,6.593268247586299e-06
11.95,1.8390994604027673e-05,2.9757134134540317e-06,3.970435327955835e-05,4.274682279511639e-05,1.7234194384402737e-05,1.1789347466352127e-05,3.269514959364027e-06,2.668718123179514e-05,3.610856116088298e-05,8.937475062374878e-06,3.7982594222383086e-06,3.2727140933751465e-06,1.1215615401231836e-05,2.7447872150079637e-05,6.360293223314392e-06
12.05,1.660795070435054e-05,3.118833898269456e-06,3.727724727403413e-05,4.216835714066239e-05,1.5224532271065809e-05,1.0888440853285745e-05,3.0427967687511933e-06,2.5959294777451523e-05,3.516587235331201e-05,8.1618597365346e-06,3.4638214856890237e-06,3.1472998671691647e-06,1.0039110484276206e-05,2.732245759064716e-05,5.900441037215605e-06
12.15,1.613103593939012e-05,2.8684004049360656e-06,3.6830343107793734e-05,3.918098551079504e-05,1.560633800399754e-05,9.731077477341666e-06,2.8638360350950803e-06,2.4670813054628794e-05,3.4265275017628074e-05,7.893452785903857e-06,2.8666382229963472e-06,3.003997971181589e-06,9.310602323112899e-06,2.5769951662908376e-05,5.548139675731587e-06
12.25,1.4991880815345516e-05,2.4867184236679984e-06,3.420609348326024e-05,3.830396802637173e-05,1.4866728927444991e-05,9.581827950891456e-06,2.493900096741174e-06,2.3357995645534982e-05,3.1245957501577025e-05,7.266918975949667e-06,2.6217545383060026e-06,2.436619252001934e-06,8.820800824078499e-06,2.4258759067368037e-05,5.124067216529341e-06
12.35,1.416310918892848e-05,2.480778728593354e-06,3.282289644839649e-05,3.661066515232432e-05,1.4306306790825408e-05,8.961421441426844e-06,2.4461932799770477e-06,2.164587902350502e-05,3.2296349237405675e-05,6.8791769177227115e-06,2.376920859901138e-06,2.4485868154760468e-06,8.193807817389928e-06,2.280775096191126e-05,4.747869797854264e-06
12.45,1.3035899547472274e-05,2.26011098937691e-06,3.2345510992538975e-05,3.600799609889966e-05,1.3483222665444494e-05,8.657056261982256e-06,2.350709660564647e-06,2.0625438300540085e-05,2.9390411810725306e-05,6.646426715277446e-06,2.2514839656978655e-06,1.958850771217241e-06,7.62040748241311e-06,2.242531765090275e-05,4.700047668308381e-06
12.55,1.2719841598700074e-05,2.0156134944838932e-06,3.0109233960422063e-05,3.485106478999165e-05,1.3077712209340901e-05,7.72631830411235e-06,2.02256491099344e-06,2.0691067407079263e-05,2.907419341324897e-05,6.4555060196859935e-06,2.1619023755507356e-06,2.0364881493447534e-06,7.375551129138081e-06,2.1469778150464817e-05,4.210334950644739e-06
12.65,1.1670401971677066e-05,1.9798522545504652e-06,2.9191147913317735e-05,3.20246411252617e-05,1.2403967538523072e-05,6.980601255971643e-06,1.939055648762294e-06,1.868657472481194e-05,2.8125806448389126e-05,6.091621537723234e-06,1.8752591708767771e-06,1.7737324004789898e-06,6.814238133849787e-06,1.954694131928137e-05,3.98940506285113e-06
12.75,1.1145515212363074e-05,1.7711159995908766e-06,2.8218834442605904e-05,3.2441785157007976e-05,1.1968521844116365e-05,6.461469284442993e-06,1.80777925672865e-06,1.8364217266144744e-05,2.7009824252365704e-05,5.471071183042565e-06,2.012599725305519e-06,1.869269181070111e-06,6.515567839586758e-06,1.9570643393344424e-05,3.368267960515791e-06
12.85,1.0924870983974933e-05,1.3656079592805075e-06,2.6912848655849627e-05,3.146376075153935e-05,1.1521267664590342e-05,6.300380022503971e-06,1.4319043617652674e-06,1.675332101472854e-05,2.588814389905341e-05,5.447206096093634e-06,1.6483012587071906e-06,1.6124686226483386e-06,6.079604088633657e-06,1.917051122753604e-05,3.171188452187739e-06
12.950001,9.702475221215426e-06,1.532596474155029e-06,2.5589216689692833e-05,3.055162690590609e-05,1.0877325379935617e-05,6.037921770122481e-06,1.4199853674013106e-06,1.714725918234659e-05,2.581679348794649e-05,5.053480354996649e-06,1.3915139707461435e-06,1.4392912744627494e-06,5.601889018011481e-06,1.7671677165827553e-05,3.4996876748963507e-06
13.05,9.07623015153376e-06,1.3238644845426754e-06,2.4533449893677238e-05,2.895310053994002e-05,1.0221248849434703e-05,5.411405947358998e-06,1.3006464619367845e-06,1.5607794791499238e-05,2.4474110687696957e-05,4.611928052881028e-06,1.5288591385110174e-06,1.0869232937851765e-06,5.297258179389051e-06,1.730123707980433e-05,2.800917860783521e-06
13.15,9.05246305212355e-06,1.0078163584910502e-06,2.3591456822284978e-05,2.8195996879001365e-05,1.009015051691396e-05,5.0713769808341e-06,1.0799048382337699e-06,1.4999377030069356e-05,2.2821639725305136e-05,4.814827209542262e-06,1.1526274521631147e-06,1.015267703977873e-06,4.628426427461512e-06,1.6626545870112844e-05,2.884554858319006e-06
13.25,8.408334108845336e-06,1.0197334543098986e-06,2.229717286156033e-05,2.7885622682751706e-05,9.607019776218965e-06,4.916205623620523e-06,1.0858608076719945e-06,1.445033600344463e-05,2.2272514675078678e-05,4.379243455128946e-06,9.495648555595771e-07,1.0331743396968984e-06,4.40144225277309e-06,1.5378213835172992e-05,2.6695315218981534e-06
13.35,7.883558646733003e-06,9.899166866400185e-07,2.1867807671393883e-05,2.6078662958013946e-05,9.416191326287862e-06,4.468735451567684e-06,7.994799353189409e-07,1.3328674909865938e-05,2.1836968580441457e-05,4.0809298682673e-06,1.039146445706707e-06,1.0809511877753678e-06,4.0013111388846265e-06,1.4960165303731396e-05,2.4903683325090154e-06
13.450001,7.782255785916491e-06,8.34877456738148e-07,2.0931752640601688e-05,2.6180293210409474e-05,8.754338628149938e-06,4.283821967339863e-06,9.247803863327862e-07,1.3412330773108954e-05,2.110927094068747e-05,4.301722946815329e-06,9.316574224738129e-07,8.599914668989042e-07,3.6609360000437506e-06,1.4243646515883309e-05,2.21567257233199e-06
13.55,7.012908448228451e-06,9.660632725041145e-07,1.9673274477209823e-05,2.401527000501307e-05,8.706548028106573e-06,4.021265279514845e-06,1.0321643941057968e-06,1.22129800986999e-05,2.011268335646671e-05,3.866144085726917e-06,9.435927495497685e-07,8.778995834418732e-07,3.7325663608998387e-06,1.3843378512594562e-05,2.317177249432849e-06
13.650001,7.0009817331804435e-06,7.990893735527861e-07,1.888610496190467e-05,2.41226141470767e-05,8.527646356296165e-06,3.6453903349904603e-06,8.412438125370946e-07,1.1180813241310998e-05,1.940268355835946e-05,3.6334594879748334e-06,7.584574632457e-07,8.360948413732126e-07,3.051746256671708e-06,1.3013253571589106e-05,2.2634282926161076e-06
13.75,6.237731457523869e-06,7.871701734959681e-07,1.8128925363939924e-05,2.3520518547119582e-05,8.050652008176032e-06,3.1979506608553854e-06,7.935212347242617e-07,1.1163020852529738e-05,1.8651096936288587e-05,3.4127399799977373e-06,7.76381185394844e-07,6.808265779616324e-07,3.0398310342940765e-06,1.1986162917139538e-05,2.0006746946933063e-06
13.85,6.529876488784144e-06,6.559688887373617e-07,1.747874128302576e-05,2.2578051214050036e-05,8.151952845494305e-06,3.15615628021269e-06,5.72761744706107e-07,1.059015128245839e-05,1.8430162826498268e-05,3.54396541191634e-06,7.94290099304552e-07,6.629037670887615e-07,2.723280416912522e-06,1.2087574680539858e-05,1.9827392959064583e-06
13.950001,5.194133938339665e-06,5.605605780956137e-07,1.712706369909061e-05,2.1302051787604248e-05,7.388709509726003e-06,2.9652639523229973e-06,5.25036606434098e-07,1.0351598706113894e-05,1.8155882270353863e-05,2.98316431817984e-06,7.10687392784511e-07,5.195781779180879e-07,2.777055856476907e-06,1.2093662136127338e-05,1.7617881639836578e-06
14.05,5.015183677687183e-06,5.665185857277214e-07,1.6250279766716208e-05,2.1277994382390526e-05,7.299188209864689e-06,2.8996067149023956e-06,5.846942810541508e-07,9.993523041193128e-06,1.7409911015772723e-05,3.1203601185728045e-06,7.40541145216274e-07,6.031827069906749e-07,2.3948145771533364e-06,1.073190301429354e-05,1.540803428746585e-06
14.150001,4.848209667015077e-06,5.665185857277214e-07,1.5451183440573097e-05,1.9948119733491116e-05,7.006982145907687e-06,2.5774281910243517e-06,5.309978674879533e-07,9.056816702406667e-06,1.6186802119873683e-05,2.6012944774335425e-06,4.717963747748843e-07,5.494337529023968e-07,2.2037071794752647e-06,1.0254133264074574e-05,1.815520319143263e-06
14.25,4.657426642759218e-06,4.5918260120598144e-07,1.444350566824424e-05,1.9584529135076244e-05,6.911633835167423e-06,2.3507323887631004e-06,6.025988323845898e-07,8.442370126311908e-06,1.593636593628497e-05,2.7683764872708917e-06,6.091606223867238e-07,4.53884385307755e-07,2.275394153371401e-06,9.537569595750795e-06,1.5467902863449742e-06
14.35,4.424853481341024e-06,5.009264740428888e-07,1.3817342127713421e-05,1.892853089973569e-05,6.32125268790118e-06,2.2373721974268087e-06,4.1167643004491774e-07,8.412538429752501e-06,1.5614178081339487e-05,2.5118243559074253e-06,5.61383318670118e-07,4.299957334494521e-07,1.8513705709846046e-06,9.818262000885602e-06,1.4990129802030444e-06
14.45,4.341324277474755e-06,3.8761797970844105e-07,1.4252538951358435e-05,1.7825091146010447e-05,6.553764577321317e-06,2.1597893637750357e-06,3.639423586153388e-07,7.96498702089124e-06,1.4689239520504609e-05,2.4879353144261176e-06,4.598521627552669e-07,3.404100425590937e-07,1.8095481717642418e-06,9.095541619793579e-06,1.0630349237088844e-06
14.549999,3.882182771365238e-06,2.9220710985835184e-07,1.3197142049473371e-05,1.741377133813113e-05,6.070787958757926e-06,2.0404834440532494e-06,3.5797950438688503e-07,8.084389767599036e-06,1.5166694949470759e-05,2.523757013180145e-06,4.299957334494521e-07,3.88190592697422e-07,1.8095654290591458e-06,9.029934394975078e-06,1.1645718372095365e-06
14.65,3.864255675554452e-06,4.114713938443451e-07,1.3226833219294145e-05,1.7043864334325144e-05,6.07669345249356e-06,1.956936219111082e-06,3.162122132231632e-07,7.320628520324757e-06,1.380621456151408e-05,2.243318173199569e-06,4.598521627552669e-07,2.5082845241196376e-07,1.5169149690696943e-06,8.366942750709656e-06,1.0092859668921429e-06
14.75,3.3872193765521583e-06,2.504632370214444e-07,1.2034266902773278e-05,1.639399226319263e-05,5.212051744552483e-06,1.8376283648198855e-06,3.34114204094426e-07,6.431713778207941e-06,1.3185836285731855e-05,2.225440581362161e-06,3.344411260162405e-07,2.6874733340590754e-07,1.4452634779944333e-06,7.781749018950085e-06,1.0033234289805237e-06
14.849999,3.470674078970203e-06,2.564242019609687e-07,1.1443774999019597e-05,1.5863078771625223e-05,5.4565009902174755e-06,1.682487846918674e-06,2.3268445878685596e-07,6.276529098110549e-06,1.2803861905362668e-05,2.004667303710253e-06,3.2249372452966773e-07,2.8068898246100707e-07,1.409417057875779e-06,7.3636262752498246e-06,1.0152580732051142e-06
14.95,3.0592024098139415e-06,2.802776160968727e-07,1.093688553840643e-05,1.5547009908882314e-05,5.325306430889842e-06,1.4498033574511978e-06,2.565495314829437e-07,6.258630250872591e-06,1.255924012618286e-05,1.7779489776954029e-06,3.404100425590937e-07,3.105495125100504e-07,1.3735844208111407e-06,6.903772890664069e-06,9.973417542662005e-07
15.049999,3.1129023143665963e-06,3.399143931005317e-07,1.0245228215542365e-05,1.5034286829941296e-05,4.824427758973637e-06,1.5751100269884734e-06,3.1621522887508176e-07,5.835079847019821e-06,1.2607091435181634e-05,1.736201633180667e-06,2.6874733340590754e-07,1.9708137783099889e-07,1.1705439739128468e-06,6.891894372884419e-06,8.599915105547347e-07
15.15,2.7312177459937332e-06,1.7890060601928048e-07,9.88136277924725e-06,1.4932762873740435e-05,4.949612920087983e-06,1.36030932304063e-06,2.565495314829437e-07,5.52477751411632e-06,1.1801509249211257e-05,1.9330720428634584e-06,1.9110739231387718e-07,1.7916318029425985e-07,9.49564882212919e-07,7.268072325206032e-06,8.062343522511201e-07
15.25,2.5940605229416465e-06,2.1468072722313657e-07,9.833655535895422e-06,1.4539167686173794e-05,4.4725417952602255e-06,1.372241860962039e-06,1.6108924069859258e-07,5.38755301862531e-06,1.1837307558359521e-05,1.6168596407901147e-06,2.8068898246100707e-07,1.851352863040685e-07,9.316485636805997e-07,6.330449190401309e-06,6.151269502360398e-07
15.35,2.450963316484044e-06,1.5504867053708463e-07,9.237403088402283e-06,1.3984689653396404e-05,3.923947423244318e-06,1.0978039582040874e-06,1.6109077697409824e-07,5.226513237207938e-06,1.1545064802213187e-05,1.49158215908992e-06,1.9708137783099889e-07,1.6124840004354455e-07,9.316574486245107e-07,6.21703816479435e-06,7.106874288612044e-07
15.45,2.4270865122695405e-06,1.133037171455443e-07,9.434107372823867e-06,1.3531325463465275e-05,4.1743723422428774e-06,1.0619958750054042e-06,1.0142655895837311e-07,4.808823624598007e-06,1.0990080908517258e-05,1.598960825578416e-06,1.6124686226483387e-07,2.149958163531118e-07,9.615090945677984e-07,6.007954609003507e-06,7.106806512435799e-07
15.549999,2.1050852815544223e-06,1.5504867053708463e-07,8.724545331396088e-06,1.3471818305766515e-05,3.959728098836211e-06,9.307468341295524e-07,1.312591516085245e-07,4.588114930836648e-06,1.0369675775837993e-05,1.3901545722718055e-06,1.791648889372717e-07,1.3735974818524165e-07,7.584647177904671e-07,5.810930004173778e-06,6.987431023257219e-07
15.65,2.1408453511173587e-06,8.945030300964024e-08,8.235462883609204e-06,1.2493665423516858e-05,4.0193242266738564e-06,8.710752682628596e-07,1.3125789982848285e-07,4.140599994380914e-06,1.0280081110410007e-05,1.3066135104540042e-06,1.3138633221579056e-07,9.555369615693859e-08,8.122064401318049e-07,5.655599418217019e-06,5.673500997322697e-07
15.75,2.0036881280652716e-06,1.0137701007759227e-07,8.086377748134744e-06,1.2917078428323396e-05,3.7807886642599775e-06,7.696486959308828e-07,1.0142655895837311e-07,4.283790772284576e-06,9.737140088327994e-06,1.3603099560891003e-06,8.958159014712992e-08,1.074979081765559e-07,7.285969536476484e-07,5.255467252408634e-06,5.673500997322697e-07
15.85,1.7592072466248006e-06,1.252316185107222e-07,7.603414420731382e-06,1.165887772809807e-05,3.6317385725771878e-06,7.935213393540415e-07,1.19326501462295e-07,3.824423498915854e-06,9.796897367046021e-06,1.270827999544612e-06,1.015267703977873e-07,1.015267703977873e-07,6.39021455146299e-07,4.688160383634548e-06,4.47912245080591e-07
15.95,1.8247874023451582e-06,1.4312048481542439e-07,7.823987909699693e-06,1.1438114693224503e-05,3.6376673268116505e-06,7.577161580094738e-07,1.3125789982848285e-07,3.937746392350725e-06,8.752686586750715e-06,1.1813218039721135e-06,1.0152580216674725e-07,8.958159014712992e-08,6.748479980506908e-07,5.0524151085655735e-06,4.5985218609878704e-07
16.05,1.7114836093890863e-06,1.133037171455443e-07,7.311135043667548e-06,1.1306916297368955e-05,3.4349120987598533e-06,7.696486959308828e-07,1.0142655895837311e-07,3.5439717531156524e-06,8.913778977917905e-06,1.2290519778699765e-06,7.166527211770394e-08,8.958159014712992e-08,6.210990424537331e-07,4.676171430268137e-06,4.2999165453393073e-07
16.150002,1.5862531013850067e-06,4.7706828271808124e-08,6.941403907690886e-06,1.1396369749088647e-05,3.2560104269494445e-06,5.667955512669292e-07,6.562894991424142e-08,3.460443799338516e-06,8.734787432176583e-06,1.205186890921045e-06,8.958159014712992e-08,8.958159014712992e-08,5.55405874501896e-07,4.610478089613029e-06,3.284658472134193e-07
16.25,1.5564660008847284e-06,5.963467277653706e-08,6.2795856793189835e-06,1.0961238685624827e-05,3.118911966859293e-06,6.26470189798993e-07,7.756296565280683e-08,3.0309292757951027e-06,8.156203667592007e-06,9.904199990709099e-07,5.374997928386215e-08,7.763885896557866e-08,4.658331668689456e-07,4.24028740994875e-06,3.2847211229786296e-07
16.349998,1.520656168620965e-06,8.945030300964024e-08,6.6551604475799216e-06,1.0519725922235673e-05,3.178486369164934e-06,6.085594339918609e-07,7.756148626228532e-08,3.0487703128654854e-06,8.066552328075642e-06,1.0082999235923593e-06,8.360948413732126e-08,8.360948413732126e-08,4.4193585713054086e-07,4.067014998738955e-06,3.284658472134193e-07
16.45,1.222488292420776e-06,5.963353533976016e-08,6.20790504115654e-06,9.774280491238248e-06,2.6954518552768297e-06,5.488967443848156e-07,7.159521808826337e-08,3.0010400535642646e-06,7.786132239747569e-06,8.889744888477014e-07,4.7776848078469294e-08,8.958159014712992e-08,5.255453436146972e-07,3.7206319298302033e-06,2.3291214620587915e-07
16.55,1.2403783649927873e-06,8.348694947566421e-08,5.64138152635359e-06,9.66097278572664e-06,2.7371955786992584e-06,5.667955512669292e-07,8.949402261032921e-08,2.7862538867087706e-06,7.809997779179745e-06,9.128395757966331e-07,1.1944212019617323e-08,9.555369615693859e-08,5.255453436146972e-07,3.863962854895893e-06,3.105495282745055e-07
16.650002,1.1509280021327305e-06,8.945030300964024e-08,5.778539850990093e-06,9.04076218713678e-06,2.6775616880957888e-06,3.997400203672027e-07,8.352775443630727e-08,2.666928238455718e-06,7.2968886813879516e-06,7.398176954168791e-07,2.3888424039234647e-08,4.180474206866063e-08,3.881869015335832e-07,3.750492539218889e-06,3.3443795352639054e-07
16.75,1.2463654949613343e-06,6.559814005419077e-08,5.295605017317433e-06,9.380864228774675e-06,2.6477952452878128e-06,4.713442380392423e-07,4.7731055786342666e-08,2.4044576735146188e-06,7.559553801637947e-06,7.636973486811835e-07,4.1805539443003895e-08,5.972219920429128e-08,3.583332052838043e-07,3.266812976397136e-06,2.687499100618879e-07
16.849998,1.1032211419407002e-06,5.963353533976016e-08,5.164309092835315e-06,9.130215638856473e-06,2.4569162928629508e-06,4.892340547777705e-07,4.176387721815363e-08,2.5834002846785817e-06,6.849409817034643e-06,7.756153258402764e-07,2.986053004904331e-08,2.986053004904331e-08,3.583263706463845e-07,3.272722788999922e-06,1.9110740201508033e-07
16.95,9.839539914606244e-07,2.3853414135904062e-08,4.9854069302659625e-06,8.999017243000925e-06,2.194527174207684e-06,5.190653995812931e-07,7.159521808826337e-08,2.440209506774919e-06,6.59882165299679e-06,7.99480412789208e-07,6.569316610789528e-08,3.583263605885197e-08,4.2401953859822165e-07,3.3682767390437154e-06,1.493026578242815e-07
17.05,1.0436074718575765e-06,5.963467277653706e-08,5.003392578298791e-06,8.551913098577804e-06,2.564306206021981e-06,3.5201658283943415e-07,3.5798291839757005e-08,2.2135329947243763e-06,6.467684546942016e-06,6.205040958034616e-07,4.1805539443003895e-08,2.3888879681716512e-08,3.1652766466736046e-07,3.045840252216708e-06,2.1499992804951033e-07
17.149998,1.0376242091766585e-06,5.367018180578414e-08,4.7110902809929555e-06,7.794377426509085e-06,2.230307508569766e-06,4.415039030921343e-07,5.369641356619753e-08,2.0464348675398462e-06,6.175208328075658e-06,6.025934454605225e-07,1.7916318029425986e-08,2.3888424039234647e-08,2.8068899033966783e-07,3.0935591326678096e-06,1.3138633888536772e-07
17.25,7.275296179284617e-07,2.981676766988008e-08,4.436773631719948e-06,8.259535375451479e-06,2.170673617966296e-06,3.0427971699593043e-07,2.386507269608779e-08,1.897277807223531e-06,6.085712555204996e-06,6.920875215190159e-07,2.3888424039234647e-08,4.7776848078469294e-08,2.8068899033966783e-07,2.5799566511824202e-06,2.209679335799366e-07
17.349998,8.229433383125223e-07,3.5780121203856097e-08,4.406956604625055e-06,7.3471101679106295e-06,2.224344119509419e-06,3.579761376422711e-07,4.773014539217558e-08,2.064333714777804e-06,6.103611709779128e-06,6.204922606722211e-07,1.1944212019617323e-08,1.7916318029425986e-08,2.866610965171076e-07,2.496346944894101e-06,1.7916318938913781e-07
17.45,6.798227577364314e-07,2.3853414135904062e-08,4.198237414960811e-06,7.74070535547727e-06,2.212417341388725e-06,3.46043599720862e-07,5.966268174021948e-09,1.9867720434133204e-06,5.823191621451055e-06,6.085597171977554e-07,1.7916318029425986e-08,1.7916318029425986e-08,2.687447779847884e-07,2.484402701138627e-06,1.6721897676319527e-07
17.55,6.977128303084428e-07,1.1926707067952031e-08,3.894103738592911e-06,7.162239701023268e-06,1.9798451680351934e-06,2.0881941362465813e-07,5.966268174021948e-09,1.789884723795784e-06,5.763527772870614e-06,6.204922606722211e-07,5.972106009808662e-09,1.7916318029425986e-08,2.0902371621039095e-07,2.3769045073393595e-06,1.5527476413725275e-07
17.650002,6.082624674483861e-07,2.3853414135904062e-08,3.739055197699472e-06,7.257656716190938e-06,2.075259393000745e-06,1.7898806882113555e-07,2.386507269608779e-08,1.6944242051933423e-06,5.632267305993644e-06,5.966271737232896e-07,0.0,4.180474206866063e-08,1.7916318532319226e-07,2.132047510352139e-06,1.9707950832805158e-07
17.75,5.486288922083482e-07,5.9633535339760156e-09,3.7330917922804934e-06,7.120494756887412e-06,1.8188336634058252e-06,2.744483721924078e-07,1.7898804522065843e-08,1.6168625338288582e-06,5.638233690851688e-06,5.846946302488238e-07,0.0,1.7916318029425986e-08,1.9707950385551147e-07,2.114131144718928e-06,1.0749791363348268e-07
17.85,6.202010118467883e-07,1.7890401832961118e-08,3.6794913239694327e-06,6.9834659961189734e-06,1.7353793161683638e-06,2.62520841439578e-07,5.966381973292833e-09,1.4438678833512105e-06,4.814964418249268e-06,5.369746982914572e-07,1.1944439840858256e-08,1.7916659761287383e-08,1.4930550220158513e-07,2.096254761819734e-06,1.254166246955477e-07
17.95,4.889953169683103e-07,2.3853414135904062e-08,3.5303360080352273e-06,6.816353021040462e-06,1.8307604415265191e-06,1.9688687570324908e-07,2.386507269608779e-08,1.57509855694029e-06,5.178822056782291e-06,5.667958150371251e-07,0.0,2.3888424039234647e-08,1.313863359036743e-07,2.0364935603083457e-06,1.2541423257239647e-07
18.05,5.247754621123331e-07,5.9633535339760156e-09,3.2023487099914137e-06,6.5718469196733065e-06,1.6220418244143753e-06,2.2075195154606716e-07,1.1932536348043895e-08,1.3841775197354064e-06,4.5881499558359235e-06,4.236052933435356e-07,0.0,2.3888424039234647e-08,1.0152580501647561e-07,1.7916365633211253e-06,1.0749791363348268e-07
18.150002,5.665189647803596e-07,5.9633535339760156e-09,2.9459222769753414e-06,6.23192380313848e-06,1.5027740432074358e-06,1.73021799860431e-07,2.386507269608779e-08,1.3185484131962276e-06,4.5821835709778795e-06,4.295715650807685e-07,0.0,0.0,1.1347001737135509e-07,1.7259432226660173e-06,1.2541423257239647e-07
18.25,5.54592249732352e-07,2.981676766988008e-08,3.1009708178687805e-06,5.844292179019819e-06,1.5385543775695176e-06,1.0739284129268132e-07,2.386507269608779e-08,1.3662786724974486e-06,4.5762171861198355e-06,3.520100324967409e-07,1.7916318029425986e-08,0.0,1.2541422972623459e-07,1.7139989789105432e-06,7.166527575565512e-08
18.35,4.949681152238792e-07,5.963467277653707e-09,2.707437700295174e-06,5.874222037726037e-06,1.5445472264178907e-06,1.909242483196931e-07,5.966381973292833e-09,1.3364727515316989e-06,4.307812032188317e-06,4.5941168631602443e-07,5.972219920429128e-09,0.0,1.373610620254583e-07,1.4572255324330916e-06,1.313888449191452e-07
18.45,4.71105244396299e-07,1.1926707067952031e-08,2.922068655299428e-06,5.617676767996602e-06,1.4968106541470889e-06,2.2075195154606716e-07,0.0,1.0083017277382917e-06,3.943780391167159e-06,3.878076629201382e-07,0.0,0.0,1.1347001737135509e-07,1.3377553006131068e-06,6.569316944268386e-08
18.55,4.472518143002839e-07,0.0,2.5821545464176576e-06,5.522259752828931e-06,1.4312133744832723e-06,1.2529164817479489e-07,1.1932536348043895e-08,1.2230878945937857e-06,4.4628558738169976e-06,3.1024613033611057e-07,0.0,1.7916318029425986e-08,5.3748955596957676e-08,1.5109468350674822e-06,1.4333055151131023e-07
18.65,4.1744298874303064e-07,5.963467277653707e-09,2.5583497212040303e-06,5.748984816617157e-06,1.401423159105036e-06,1.7899148279971228e-07,0.0,1.0142873560731642e-06,4.200415056316586e-06,4.057142164868787e-07,2.3888879681716512e-08,5.972219920429128e-09,7.166664105676087e-08,1.3377808166598874e-06,1.0749996402475516e-07
18.75,3.5780145144022707e-07,5.9633535339760156e-09,2.379398762172391e-06,5.247935834221878e-06,1.3238723713970268e-06,1.2529164817479489e-07,0.0,1.0440994222142073e-06,3.6812594574132183e-06,3.1024613033611057e-07,5.972106009808662e-09,0.0,1.0152580501647561e-07,1.3676159100017923e-06,7.763738206862638e-08
18.849998,3.458747363922195e-07,0.0,2.528483897646852e-06,5.140591692158249e-06,1.4371767635436193e-06,1.4319045505690842e-07,0.0,9.963691629129864e-07,3.7528560757097477e-06,2.983135868616448e-07,5.972106009808662e-09,0.0,4.7776849419517935e-08,1.1227589130145717e-06,5.374895681674134e-08
18.95,3.518380939162233e-07,0.0,2.2839842754687365e-06,4.979575479062805e-06,1.2403849245521693e-06,1.4915672401761296e-07,0.0,8.94942361897892e-07,3.8005871545741006e-06,2.2075205427761714e-07,0.0,1.1944212019617323e-08,7.763738030671664e-08,1.074981937992675e-06,4.180474419079882e-08
19.05,3.6376480896423085e-07,0.0,2.2660940592118014e-06,5.295644341805713e-06,1.294055426095292e-06,1.0739284129268132e-07,1.1932536348043895e-08,9.009086443105447e-07,3.4485704479494976e-06,2.2075205427761714e-07,0.0,1.1944212019617323e-08,5.972106177439742e-08,1.0152607192153043e-06,6.569316944268386e-08
19.150002,2.862411611521817e-07,1.1926707067952031e-08,2.2601306537928227e-06,5.051138240438558e-06,1.1926778120693936e-06,9.546030337127229e-08,5.966268174021948e-09,8.17380690533408e-07,3.657393917981042e-06,2.2671832601485005e-07,5.972106009808662e-09,0.0,5.972106177439742e-08,9.794279879488818e-07,4.777685050377008e-08
19.25,3.100945912481968e-07,0.0,2.08122849122347e-06,4.508453966672432e-06,1.0376296965003724e-06,1.0142657233197681e-07,5.966268174021948e-09,7.219201719309662e-07,3.3292427507886157e-06,3.341112172850422e-07,0.0,0.0,4.180474324207819e-08,9.734558660711447e-07,5.97210631297126e-08
19.350002,3.100945912481968e-07,1.1926707067952031e-08,1.800948436531484e-06,4.782777885279485e-06,1.0614832527417602e-06,1.0739284129268132e-07,0.0,7.278864543436189e-07,3.1562175899053365e-06,1.7302188037975397e-07,0.0,0.0,4.180474324207819e-08,1.063037694237201e-06,1.194421262594252e-08
19.45,2.683562070490911e-07,0.0,1.8904355748757052e-06,4.037409461462464e-06,1.0078319739946854e-06,8.352935863986573e-08,0.0,7.159675454634102e-07,3.1324117962588176e-06,2.804201202188721e-07,0.0,0.0,1.7916660264190217e-08,9.436132546083135e-07,1.0152774380115764e-07
19.55,2.5642437353216274e-07,0.0,1.9619603828439016e-06,4.216239357721441e-06,1.0734100308624542e-06,8.352776544986325e-08,1.1932536348043895e-08,6.562910653917875e-07,3.46646960252363e-06,1.9688696732868557e-07,0.0,0.0,6.569316795183716e-08,8.48041306638666e-07,5.374895681674134e-08
19.650002,1.7890072572011353e-07,1.1926707067952031e-08,1.926179950330031e-06,4.162567286689626e-06,9.2432530435378e-07,7.756149648915874e-08,1.1932536348043895e-08,7.278864543436189e-07,3.096553741324895e-06,2.0881951080315136e-07,0.0,0.0,1.7916318532319224e-08,8.062364534945064e-07,1.791631893891378e-08
19.75,2.6238773105616653e-07,1.1926707067952031e-08,1.7055339498278293e-06,3.8047534798108616e-06,9.601056387158619e-07,9.546030337127229e-08,0.0,5.190665699007774e-07,2.816133652996822e-06,1.8495442385421979e-07,0.0,0.0,1.1944212354879484e-08,8.181806972499805e-07,2.388842525188504e-08
19.850002,1.967907982921249e-07,0.0,1.7114973552468077e-06,4.0850409618658935e-06,8.527646356296164e-07,7.756149648915874e-08,0.0,6.085608060905666e-07,2.7147051104100717e-06,1.372242499563566e-07,0.0,0.0,4.180474324207819e-08,7.345709909616613e-07,2.388842525188504e-08
